매물번호,보증금,월세,관리비,전용면적,노후도,해당층,전체층,엘리베이터,방향,위도,경도,주소,옵션_냉장고,옵션_침대,옵션_전자레인지,옵션_에어컨,옵션_세탁기,지하철역_거리(m),세탁소_거리(m),카페_거리(m),약국_거리(m),대형마트_거리(m),편의점_거리(m),버스정류장_거리(m)
47936737,100,35,0.0,38.0,6.0,2,3,False,S,35.8389804903939,128.751216554929,경상북도 경산시 대동,True,True,True,True,True,335.0,220.0,111.0,306.0,1565.0,98.0,321.0
47936672,200,30,5.0,27.0,6.0,2,4,False,E,35.8392217870554,128.759495008596,경상북도 경산시 압량읍 부적리,True,True,True,True,True,682.0,446.0,130.0,140.0,2270.0,39.0,105.0
47936658,300,30,7.0,27.0,6.0,2,4,False,NE,35.8396556699783,128.759237105316,경상북도 경산시 압량읍 부적리,True,True,True,True,True,687.0,424.0,99.0,104.0,2264.0,26.0,51.0
47936637,300,45,5.0,30.0,6.0,3,4,True,W,35.8398019543371,128.755877866084,경상북도 경산시 조영동,True,True,True,True,True,477.0,129.0,64.0,123.0,1986.0,20.0,208.0
47935180,100,27,5.0,29.75,6.0,2,4,False,W,35.8226851105192,128.757263283958,경상북도 경산시 삼풍동,True,True,True,True,True,1563.0,249.0,176.0,318.0,2271.0,130.0,315.0
47935136,100,25,5.0,33.06,6.0,4,4,False,SE,35.823190757478,128.754708653194,경상북도 경산시 삼풍동,True,True,True,True,True,1465.0,173.0,118.0,252.0,2045.0,111.0,252.0
47934540,200,26,9.0,49.59,6.0,3,4,False,S,35.8160530759713,128.763072091114,경상북도 경산시 사동,True,True,False,True,True,2430.0,309.0,123.0,627.0,3118.0,254.0,93.0
47934217,200,28,9.0,39.67,6.0,3,4,False,S,35.8324453027471,128.745888619883,경상북도 경산시 계양동,True,True,True,True,True,472.0,538.0,1.0,828.0,937.0,228.0,172.0
47934174,200,32,10.0,40.0,6.0,4,4,False,W,35.8382278221322,128.757877784884,경상북도 경산시 조영동,True,True,True,True,True,502.0,325.0,122.0,122.0,2099.0,174.0,224.0
47933647,500,45,8.0,16.82,6.0,12,15,True,N,35.8352108505406,128.732792562365,경상북도 경산시 대평동,True,False,False,True,True,420.0,389.0,85.0,222.0,348.0,137.0,98.0
47933393,100,22,8.0,33.05,6.0,2,3,False,SE,35.8405315896811,128.754089246444,경상북도 경산시 조영동,True,True,True,True,True,486.0,137.0,57.0,272.0,1873.0,154.0,63.0
47932630,50,17,5.0,26.44,6.0,2,3,False,E,35.8442644772357,128.750853512402,경상북도 경산시 임당동,True,True,True,True,True,906.0,351.0,210.0,760.0,1867.0,104.0,190.0
47932489,100,22,5.0,26.45,6.0,3,4,False,S,35.84308389377051,128.7639511735884,경상북도 경산시 압량읍 신대리,True,True,True,True,True,1254.0,327.0,76.0,140.0,2799.0,116.0,143.0
47932272,300,29,10.0,36.36,6.0,2,4,False,W,35.8430837825354,128.763952609876,경상북도 경산시 압량읍 신대리,True,True,True,True,True,1254.0,327.0,76.0,140.0,2799.0,116.0,143.0
47931331,100,20,5.0,24.0,6.0,3,4,False,NW,35.8381340814356,128.766174085256,경상북도 경산시 압량읍 신대리,True,True,False,True,True,1218.0,259.0,27.0,384.0,2823.0,60.0,76.0
47929703,300,40,10.0,30.0,6.0,1,3,False,E,35.8388823282042,128.754016849471,경상북도 경산시 조영동,True,True,True,True,True,308.0,49.0,26.0,119.0,1792.0,54.0,210.0
47928965,300,42,8.0,36.36,6.0,1,3,False,SE,35.8388823282042,128.754016849471,경상북도 경산시 조영동,True,True,True,True,True,308.0,49.0,26.0,119.0,1792.0,54.0,210.0
47928941,200,30,8.0,33.05,6.0,1,3,False,SE,35.8393039567623,128.752924536221,경상북도 경산시 조영동,True,True,True,True,True,337.0,65.0,55.0,226.0,1720.0,55.0,213.0
47928902,100,16,5.0,26.44,6.0,1,3,False,E,35.84473063408803,128.75709915740967,경상북도 경산시 압량면 부적리,True,True,False,True,True,1015.0,379.0,217.0,515.0,2343.0,54.0,327.0
47928784,100,23,5.0,26.45,6.0,2,3,False,N,35.8404827915643,128.753184990027,경상북도 경산시 조영동,True,True,True,True,True,469.0,148.0,118.0,303.0,1798.0,101.0,89.0
47928747,150,28,5.0,26.45,6.0,1,3,False,S,35.8406172765709,128.753626980724,경상북도 경산시 조영동,True,True,True,True,True,488.0,157.0,92.0,296.0,1840.0,131.0,54.0
47928745,200,29,9.0,29.75,8.0,4,4,False,S,35.8407644449356,128.756654522964,경상북도 경산시 조영동,True,True,True,True,True,605.0,167.0,62.0,119.0,2093.0,75.0,140.0
47928719,100,27,5.0,26.45,6.0,3,3,False,NW,35.838725063147,128.753598381379,경상북도 경산시 조영동,True,True,True,True,True,280.0,53.0,40.0,142.0,1751.0,40.0,193.0
47928579,200,15,10.0,33.05,6.0,2,3,False,E,35.8323153741313,128.708146527995,대구시 수성구 신매동,True,False,False,True,True,836.0,177.0,29.0,52.0,900.0,31.0,103.0
47928454,500,36,9.0,49.56,6.0,4,4,False,S,35.8175755764869,128.759078078945,경상북도 경산시 사동,True,True,False,True,True,2154.0,240.0,67.0,532.0,2730.0,139.0,43.0
47928287,100,20,8.0,33.1,6.0,2,3,False,S,35.8432223277009,128.754651964021,경상북도 경산시 조영동,True,True,False,True,True,789.0,183.0,167.0,446.0,2067.0,183.0,240.0
47928254,200,27,9.0,40.0,6.0,1,3,False,S,35.8212772994092,128.752214219578,경상북도 경산시 계양동,True,True,True,True,True,1669.0,149.0,34.0,152.0,1991.0,105.0,48.0
47928193,200,29,8.0,23.14,6.0,2,4,False,N,35.8380704794718,128.756572093403,경상북도 경산시 조영동,True,True,True,True,True,390.0,232.0,36.0,138.0,1981.0,125.0,250.0
47928180,100,23,7.0,33.1,6.0,2,4,False,SW,35.8445874850553,128.751567502792,경상북도 경산시 임당동,True,True,False,True,True,931.0,420.0,270.0,738.0,1939.0,177.0,253.0
47928174,100,25,5.0,24.0,6.0,2,3,False,N,35.8398638423636,128.75126740603,경상북도 경산시 대동,True,True,True,True,True,424.0,226.0,202.0,375.0,1613.0,90.0,269.0
47927839,200,35,5.0,40.0,6.0,3,4,False,S,35.8414392637129,128.762618341819,경상북도 경산시 압량읍 신대리,True,True,True,True,True,1051.0,254.0,115.0,75.0,2618.0,56.0,88.0
47927826,200,42,5.0,40.0,6.0,3,4,False,SW,35.8386709827854,128.757465920057,경상북도 경산시 조영동,True,True,True,True,True,493.0,273.0,99.0,84.0,2078.0,116.0,190.0
47927687,100,24,5.0,27.0,6.0,3,4,False,NE,35.8377213457097,128.757911649358,경상북도 경산시 조영동,True,True,True,True,True,483.0,353.0,124.0,178.0,2087.0,191.0,275.0
47927544,100,22,6.0,23.14,6.0,2,3,False,N,35.840482791565,128.753184990027,경상북도 경산시 조영동,True,True,True,True,True,469.0,148.0,118.0,303.0,1798.0,101.0,89.0
47927467,100,26,6.0,23.14,6.0,2,3,False,SE,35.8389804903939,128.751216554929,경상북도 경산시 대동,True,True,True,True,True,335.0,220.0,111.0,306.0,1565.0,98.0,321.0
47927447,100,23,5.0,34.0,6.0,3,3,False,S,35.8215002216791,128.75540124409,경상북도 경산시 삼풍동,True,True,True,True,True,1659.0,81.0,42.0,105.0,2202.0,65.0,124.0
47927422,100,25,5.0,40.0,6.0,4,4,False,S,35.8222623889361,128.755895020969,경상북도 경산시 삼풍동,True,True,True,True,True,1582.0,161.0,46.0,195.0,2191.0,41.0,216.0
47927407,200,25,5.0,30.0,6.0,2,4,False,S,35.8202504558958,128.756516987891,경상북도 경산시 삼풍동,True,True,True,True,True,1812.0,95.0,98.0,199.0,2365.0,170.0,99.0
47927390,100,23,5.0,30.0,6.0,1,3,False,S,35.8215678379678,128.755244844025,경상북도 경산시 삼풍동,True,True,True,True,True,1650.0,94.0,27.0,99.0,2186.0,56.0,130.0
47927373,100,23,5.0,34.0,6.0,1,3,False,S,35.8210304603124,128.755864120309,경상북도 경산시 삼풍동,True,True,True,True,True,1717.0,26.0,74.0,126.0,2266.0,94.0,92.0
47927368,200,30,5.0,28.5,6.0,2,4,False,NW,35.8396585497473,128.756435134109,경상북도 경산시 조영동,True,True,True,True,True,495.0,173.0,54.0,74.0,2027.0,54.0,166.0
47927361,100,20,5.0,30.0,6.0,1,3,False,S,35.8206883606528,128.756630863438,경상북도 경산시 삼풍동,True,True,True,True,True,1766.0,83.0,128.0,197.0,2344.0,123.0,133.0
47927350,100,20,5.0,30.0,6.0,3,4,False,S,35.8215617430773,128.757277242412,경상북도 경산시 삼풍동,True,True,True,True,True,1684.0,162.0,188.0,262.0,2338.0,86.0,228.0
47927331,100,25,5.0,33.06,6.0,2,3,False,S,35.8211290753466,128.755639916012,경상북도 경산시 삼풍동,True,True,True,True,True,1703.0,35.0,68.0,107.0,2243.0,84.0,90.0
47927326,100,22,5.0,30.0,6.0,3,4,False,S,35.8206483628293,128.755563274142,경상북도 경산시 삼풍동,True,True,True,True,True,1755.0,24.0,32.0,103.0,2270.0,103.0,43.0
47927315,200,30,7.0,30.0,6.0,3,4,False,S,35.8200187284765,128.756359970055,경상북도 경산시 삼풍동,True,True,True,True,True,1835.0,106.0,71.0,198.0,2369.0,195.0,80.0
47927312,100,20,5.0,29.75,6.0,4,4,False,W,35.8215617430766,128.757277242413,경상북도 경산시 삼풍동,True,True,True,True,True,1684.0,162.0,188.0,262.0,2338.0,86.0,228.0
47927296,100,23,5.0,29.75,6.0,1,3,False,SE,35.8215678379671,128.755244844025,경상북도 경산시 삼풍동,True,True,True,True,True,1650.0,94.0,27.0,99.0,2186.0,56.0,130.0
47927291,4500,0,5.0,30.0,6.0,1,3,True,S,35.8233251312041,128.754417512895,경상북도 경산시 삼풍동,True,True,True,True,True,1447.0,159.0,137.0,266.0,2015.0,139.0,242.0
47927270,4000,0,3.0,33.06,6.0,1,3,False,SE,35.8216829867977,128.757699478556,경상북도 경산시 삼풍동,True,True,True,True,True,1680.0,202.0,219.0,303.0,2363.0,122.0,267.0
47927259,100,25,5.0,33.06,6.0,1,3,False,S,35.8210304603124,128.755864120309,경상북도 경산시 삼풍동,True,True,True,True,True,1717.0,26.0,74.0,126.0,2266.0,94.0,92.0
47927255,100,20,5.0,29.75,6.0,1,3,False,S,35.8206883606521,128.756630863439,경상북도 경산시 삼풍동,True,True,True,True,True,1766.0,83.0,128.0,197.0,2344.0,123.0,133.0
47927227,4500,0,5.0,26.4,6.0,1,3,False,SE,35.8233248697366,128.754404561486,경상북도 경산시 삼풍동,True,True,True,True,True,1447.0,158.0,138.0,266.0,2014.0,140.0,241.0
47927222,100,25,5.0,33.06,6.0,3,3,False,S,35.82112807638053,128.7556404472357,경상북도 경산시 삼풍동,True,True,True,True,True,1703.0,35.0,68.0,107.0,2243.0,84.0,90.0
47927211,200,35,10.0,49.59,6.0,2,4,False,E,35.8220893156447,128.756651117044,경상북도 경산시 삼풍동,True,True,True,True,True,1614.0,164.0,116.0,235.0,2259.0,44.0,229.0
47927208,200,30,10.0,29.7,6.0,3,4,False,E,35.8236163187539,128.75383494861,경상북도 경산시 삼풍동,True,True,True,True,True,1411.0,149.0,187.0,304.0,1953.0,200.0,235.0
47927203,200,25,5.0,29.75,6.0,2,4,False,S,35.82024300647532,128.7565149428241,경상북도 경산시 삼풍동,True,True,True,True,True,1813.0,96.0,98.0,200.0,2365.0,171.0,99.0
47927198,100,25,5.0,29.75,6.0,2,3,False,W,35.8216829867977,128.757699478556,경상북도 경산시 삼풍동,True,True,True,True,True,1680.0,202.0,219.0,303.0,2363.0,122.0,267.0
47927136,200,30,5.0,26.44,6.0,2,3,False,E,35.83862215248308,128.75430837434982,경상북도 경산시 조영동,True,True,True,True,True,292.0,85.0,65.0,80.0,1807.0,91.0,186.0
47927029,100,25,5.0,23.14,7.0,1,3,False,SE,35.8397815652299,128.7522565321,경상북도 경산시 조영동,True,True,True,True,True,393.0,140.0,124.0,306.0,1688.0,38.0,203.0
47926690,100,25,5.0,23.14,6.0,4,4,False,SE,35.8394972694711,128.756193307235,경상북도 경산시 조영동,True,True,True,True,True,468.0,149.0,38.0,100.0,2000.0,38.0,194.0
47926684,100,25,5.0,26.45,6.0,2,4,False,NE,35.841308593750014,128.75582885742233,경상북도 경산시 조영동,True,True,True,True,True,620.0,71.0,85.0,210.0,2052.0,49.0,169.0
47926661,70,19,6.0,23.14,6.0,2,3,False,NE,35.84035080031026,128.75515212652513,경상북도 경산시 조영동,True,True,False,True,True,498.0,123.0,25.0,198.0,1951.0,83.0,139.0
47926658,200,29,6.0,23.14,7.0,3,3,False,S,35.83932495117189,128.75253295898483,경상북도 경산시 조영동,True,True,True,True,True,340.0,101.0,80.0,258.0,1688.0,39.0,228.0
47926655,100,25,7.0,23.14,6.0,4,4,False,NE,35.8394972694718,128.756193307234,경상북도 경산시 조영동,True,True,True,True,True,468.0,149.0,38.0,100.0,2000.0,38.0,194.0
47926646,150,26,7.0,23.14,6.0,4,4,False,SE,35.83908753303081,128.75477457810248,경상북도 경산시 조영동,True,True,True,True,True,357.0,36.0,83.0,100.0,1864.0,109.0,235.0
47926642,300,31,9.0,26.45,6.0,3,5,True,SE,35.841507849885105,128.7583561188615,경상북도 경산시 압량읍 부적리,True,True,True,True,True,764.0,290.0,92.0,145.0,2267.0,36.0,60.0
47926640,200,26,9.0,23.14,6.0,3,4,False,SW,35.8401738381707,128.756716863726,경상북도 경산시 조영동,True,True,True,True,True,556.0,215.0,19.0,63.0,2072.0,102.0,125.0
47926637,200,26,9.0,23.14,6.0,2,4,False,W,35.839650927618,128.75642024702,경상북도 경산시 조영동,True,True,True,True,True,494.0,171.0,53.0,76.0,2025.0,53.0,168.0
47926627,200,29,9.0,26.45,6.0,2,4,False,SE,35.838730296104,128.755171531912,경상북도 경산시 조영동,True,True,True,True,True,343.0,89.0,34.0,58.0,1884.0,117.0,222.0
47926620,200,33,9.0,23.14,6.0,2,4,False,S,35.8391053339625,128.754777404951,경상북도 경산시 조영동,True,True,True,True,True,359.0,35.0,85.0,102.0,1865.0,107.0,233.0
47926619,150,26,6.0,26.45,7.0,2,3,False,NE,35.8397815652292,128.7522565321,경상북도 경산시 조영동,True,True,True,False,True,393.0,140.0,124.0,306.0,1688.0,38.0,203.0
47926538,100,27,5.0,34.0,6.0,3,4,False,S,35.8226851105199,128.757263283958,경상북도 경산시 삼풍동,True,True,True,True,True,1563.0,249.0,176.0,318.0,2271.0,130.0,315.0
47926532,100,27,5.0,34.0,6.0,4,4,False,S,35.8226851105199,128.757263283958,경상북도 경산시 삼풍동,True,True,True,True,True,1563.0,249.0,176.0,318.0,2271.0,130.0,315.0
47926384,100,28,5.0,30.0,6.0,1,3,False,S,35.8212893435649,128.756228640919,경상북도 경산시 삼풍동,True,True,True,True,True,1694.0,69.0,118.0,163.0,2276.0,55.0,136.0
47926344,100,25,5.0,30.0,6.0,1,3,False,S,35.8212893435649,128.756228640919,경상북도 경산시 삼풍동,True,True,True,True,True,1694.0,69.0,118.0,163.0,2276.0,55.0,136.0
47926292,200,30,5.0,50.0,6.0,3,3,False,S,35.8217859014161,128.757655941286,경상북도 경산시 삼풍동,True,True,True,True,True,1668.0,204.0,212.0,302.0,2353.0,117.0,270.0
47926255,200,30,5.0,50.0,6.0,2,3,False,S,35.8217859014161,128.757655941286,경상북도 경산시 삼풍동,True,True,True,True,True,1668.0,204.0,212.0,302.0,2353.0,117.0,270.0
47926229,100,20,7.0,25.5,6.0,4,4,False,SE,35.8261563251768,128.735757294513,경상북도 경산시 중방동,True,True,False,True,True,1005.0,101.0,139.0,90.0,760.0,227.0,87.0
47926206,500,36,9.0,35.5,6.0,2,4,False,SW,35.8145573028903,128.753895858032,경상북도 경산시 사동,False,False,False,False,False,2417.0,241.0,65.0,233.0,2636.0,112.0,97.0
47926088,2500,0,5.0,30.0,6.0,3,3,False,S,35.82107541791,128.755414459848,경상북도 경산시 삼풍동,True,True,True,True,True,1706.0,40.0,53.0,86.0,2230.0,66.0,78.0
47926026,200,30,5.0,40.0,6.0,2,4,False,S,35.8220226163625,128.757742927794,경상북도 경산시 삼풍동,True,True,True,True,True,1645.0,226.0,215.0,319.0,2346.0,128.0,292.0
47926019,200,35,10.0,50.0,6.0,3,4,False,S,35.8215617430766,128.757277242413,경상북도 경산시 삼풍동,True,True,True,True,True,1684.0,162.0,188.0,262.0,2338.0,86.0,228.0
47925466,150,30,5.0,29.75,26.0,1,3,False,S,35.8388113370622,128.754342753277,경상북도 경산시 조영동,True,True,True,True,True,312.0,64.0,54.0,92.0,1817.0,85.0,207.0
47925452,150,27,5.0,29.75,27.0,1,3,False,S,35.8399191547018,128.75240564293,경상북도 경산시 조영동,True,True,True,True,True,407.0,137.0,117.0,304.0,1707.0,57.0,183.0
47925441,150,25,5.0,29.75,27.0,1,3,False,E,35.8399191547018,128.75240564293,경상북도 경산시 조영동,True,True,True,True,True,407.0,137.0,117.0,304.0,1707.0,57.0,183.0
47925429,100,26,5.0,33.05,27.0,1,3,False,S,35.8396372080349,128.75314579383,경상북도 경산시 조영동,True,True,True,True,True,375.0,65.0,43.0,233.0,1753.0,70.0,172.0
47925332,200,30,6.0,29.75,11.0,2,3,False,S,35.8382692602157,128.75026854551,경상북도 경산시 대동,True,True,True,True,True,322.0,321.0,130.0,318.0,1454.0,18.0,348.0
47925137,100,19,5.0,30.0,6.0,3,3,False,S,35.8209350246449,128.756986596002,경상북도 경산시 삼풍동,True,True,True,True,True,1746.0,114.0,163.0,227.0,2355.0,109.0,172.0
47925073,150,25,7.0,36.36,6.0,3,4,False,SW,35.8412567991202,128.764698356347,경상북도 경산시 압량읍 신대리,True,True,True,True,True,1202.0,113.0,53.0,52.0,2787.0,70.0,83.0
47924931,150,30,5.0,33.05,19.0,1,3,False,S,35.83736659372098,128.7514255364471,경상북도 경산시 대동,True,True,True,True,True,177.0,286.0,35.0,181.0,1515.0,104.0,218.0
47924861,150,22,10.0,20.0,6.0,3,3,False,S,35.8429280801082,128.755610114606,경상북도 경산시 조영동,True,True,True,True,True,780.0,151.0,76.0,377.0,2122.0,140.0,248.0
47924688,100,22,5.0,27.0,6.0,3,4,False,S,35.8234871028861,128.753871606094,경상북도 경산시 삼풍동,True,True,True,True,True,1425.0,139.0,173.0,289.0,1964.0,188.0,225.0
47924252,50,15,0.0,23.14,6.0,2,3,False,E,35.842727222319,128.754555173491,경상북도 경산시 조영동,True,True,True,True,True,733.0,133.0,159.0,405.0,2030.0,133.0,184.0
47923741,100,15,5.0,26.45,6.0,4,4,False,SW,35.8383906317526,128.764628660042,경상북도 경산시 압량읍 신대리,True,True,True,True,True,1087.0,213.0,117.0,311.0,2693.0,105.0,27.0
47923678,300,33,9.0,46.28,6.0,4,4,True,SW,35.8295797419104,128.739537499822,경상북도 경산시 중방동,True,True,True,True,True,522.0,158.0,145.0,323.0,525.0,187.0,195.0
47923672,100,17,9.0,40.0,6.0,2,4,False,S,35.826258389293,128.727637283352,경상북도 경산시 옥산동,True,True,False,True,True,869.0,431.0,87.0,179.0,1032.0,137.0,152.0
47923605,200,31,9.0,49.59,6.0,3,4,False,N,35.8152659054432,128.72782200727,경상북도 경산시 옥곡동,True,False,False,True,True,2089.0,27.0,248.0,481.0,2089.0,128.0,56.0
47923565,200,28,9.0,39.67,6.0,2,4,False,S,35.8097727727184,128.759394575472,경상북도 경산시 사동,True,True,True,True,True,3005.0,119.0,28.0,110.0,3362.0,75.0,135.0
47923561,200,28,9.0,39.67,6.0,2,4,False,NE,35.8146785529927,128.753589965468,경상북도 경산시 사동,True,False,False,True,True,2403.0,215.0,86.0,260.0,2608.0,110.0,94.0
47922958,200,38,5.0,23.14,6.0,4,4,False,S,35.836833084903,128.751867313671,경상북도 경산시 대동,True,True,True,True,True,109.0,308.0,26.0,131.0,1535.0,146.0,175.0
47922883,200,32,5.0,26.45,6.0,2,4,False,SW,35.837686182582,128.75208339349,경상북도 경산시 대동,True,True,True,True,True,172.0,219.0,53.0,147.0,1583.0,52.0,173.0
47922199,200,32,5.0,30.0,6.0,2,4,False,S,35.8372434676927,128.752385623607,경상북도 경산시 대동,True,True,True,True,True,116.0,246.0,32.0,96.0,1593.0,105.0,130.0
47921324,100,30,5.0,26.45,6.0,1,3,False,S,35.838167907989295,128.75085440468092,경상북도 경산시 대동,True,True,True,True,True,277.0,276.0,81.0,268.0,1498.0,43.0,296.0
47921286,200,28,5.0,23.14,6.0,3,4,False,S,35.8400589135422,128.756077977503,경상북도 경산시 조영동,True,True,True,True,True,511.0,158.0,62.0,108.0,2014.0,51.0,184.0
47921236,200,30,5.0,39.67,6.0,3,3,False,SE,35.8217877144126,128.757655206755,경상북도 경산시 삼풍동,True,True,True,True,True,1668.0,204.0,212.0,302.0,2353.0,117.0,270.0
47921082,300,30,10.0,36.3,6.0,3,4,False,W,35.8217132856433,128.758129225336,경상북도 경산시 삼풍동,True,True,True,True,True,1688.0,238.0,255.0,341.0,2394.0,160.0,302.0
47919458,100,23,5.0,25.5,6.0,2,3,False,SW,35.840482791565,128.753184990027,경상북도 경산시 조영동,True,True,False,True,True,469.0,148.0,118.0,303.0,1798.0,101.0,89.0
47919398,150,23,5.0,33.06,6.0,3,3,False,NE,35.8416575081029,128.751534717912,경상북도 경산시 임당동,True,True,True,True,True,610.0,325.0,166.0,497.0,1736.0,70.0,177.0
47919245,100,23,5.0,29.75,6.0,1,3,False,SW,35.8428437694685,128.754380220341,경상북도 경산시 조영동,True,True,True,True,True,743.0,152.0,177.0,425.0,2023.0,152.0,193.0
47918916,200,30,5.0,26.45,6.0,2,3,False,NW,35.8388276039833,128.754715952571,경상북도 경산시 조영동,True,True,True,True,True,329.0,61.0,63.0,74.0,1849.0,117.0,219.0
47917873,200,27,8.0,20.0,6.0,3,4,False,S,35.8398100288197,128.762434433632,경상북도 경산시 압량읍 부적리,True,True,True,True,True,949.0,241.0,39.0,198.0,2543.0,202.0,68.0
47917627,100,25,5.0,23.14,6.0,3,3,False,SW,35.8378354646324,128.758334037256,경상북도 경산시 조영동,True,True,True,True,True,523.0,381.0,84.0,169.0,2127.0,152.0,252.0
47917513,100,20,5.0,26.45,6.0,3,3,False,W,35.843480016794935,128.74745172266725,경상북도 경산시 임당동,True,True,True,True,True,938.0,65.0,108.0,901.0,1587.0,39.0,48.0
47917478,50,11,5.0,19.83,7.0,2,3,False,E,35.838226349924,128.75064697051,경상북도 경산시 대동,True,True,False,True,False,294.0,291.0,101.0,287.0,1483.0,27.0,315.0
47915928,200,30,5.0,20.0,6.0,1,3,False,W,35.8391617112148,128.752736367882,경상북도 경산시 조영동,True,True,True,True,True,321.0,81.0,55.0,233.0,1698.0,63.0,235.0
47915852,200,30,5.0,20.0,6.0,1,3,False,W,35.8394751077968,128.752725003588,경상북도 경산시 조영동,True,True,True,True,True,356.0,88.0,77.0,252.0,1711.0,53.0,204.0
47915694,200,28,5.0,26.45,6.0,3,3,False,NW,35.8389809379276,128.754144629484,경상북도 경산시 조영동,True,True,True,True,True,322.0,52.0,30.0,118.0,1807.0,63.0,222.0
47915618,150,27,5.0,26.45,6.0,2,4,False,SW,35.8386689234398,128.758481141697,경상북도 경산시 조영동,True,True,True,True,True,573.0,362.0,94.0,87.0,2165.0,104.0,159.0
47915576,200,30,5.0,26.45,6.0,3,3,False,E,35.8394776528494,128.753581859678,경상북도 경산시 조영동,True,True,True,True,True,362.0,31.0,0.0,193.0,1782.0,48.0,179.0
47915450,200,33,5.0,26.45,6.0,3,3,False,NW,35.8373442163169,128.75145846562,경상북도 경산시 대동,True,True,True,True,True,173.0,285.0,38.0,177.0,1517.0,105.0,215.0
47915403,200,33,5.0,26.45,6.0,1,3,False,SW,35.8385084277393,128.754524549135,경상북도 경산시 조영동,True,True,True,True,True,290.0,94.0,61.0,57.0,1821.0,114.0,180.0
47914556,150,28,8.0,29.75,11.0,3,3,False,SW,35.8388276039833,128.754715952571,경상북도 경산시 조영동,True,True,True,True,True,329.0,61.0,63.0,74.0,1849.0,117.0,219.0
47914510,200,26,9.0,29.75,13.0,4,4,False,SE,35.8387171285435,128.75527715104,경상북도 경산시 조영동,True,True,True,True,True,348.0,97.0,34.0,59.0,1892.0,109.0,224.0
47914396,100,25,5.0,29.75,26.0,2,3,False,S,35.8412074083334,128.752399014115,경상북도 경산시 임당동,True,True,True,True,True,550.0,249.0,220.0,409.0,1776.0,30.0,132.0
47914276,100,22,5.0,29.75,,2,3,False,S,35.8411683218776,128.752002061001,경상북도 경산시 임당동,True,True,True,True,True,549.0,264.0,232.0,428.0,1743.0,31.0,168.0
47914239,300,36,9.0,49.59,6.0,3,4,True,S,35.8242038431006,128.73590121272,경상북도 경산시 중방동,True,True,False,True,True,1195.0,139.0,73.0,62.0,978.0,99.0,78.0
47913748,200,27,8.0,20.0,6.0,3,3,False,E,35.8399592628338,128.753424133811,경상북도 경산시 조영동,True,True,True,True,True,413.0,86.0,56.0,243.0,1791.0,100.0,129.0
47913262,100,20,5.0,26.44,11.0,1,4,False,S,35.8405656533684,128.756210997979,경상북도 경산시 조영동,True,True,True,True,True,565.0,152.0,41.0,126.0,2047.0,47.0,173.0
47911102,200,23,9.0,33.06,24.0,2,3,False,SE,35.8435981662031,128.74944458189,경상북도 경산시 임당동,True,True,True,True,True,870.0,225.0,73.0,783.0,1723.0,45.0,110.0
47910264,100,25,5.0,29.75,6.0,1,3,False,SE,35.8212824087436,128.756228377476,경상북도 경산시 삼풍동,True,True,True,True,True,1695.0,68.0,117.0,163.0,2277.0,56.0,135.0
47909470,70,18,7.0,33.0,6.0,3,3,False,E,35.8432845895802,128.750254028479,경상북도 경산시 임당동,True,True,False,True,True,814.0,304.0,89.0,710.0,1754.0,58.0,68.0
47909280,70,17,5.0,33.0,6.0,3,3,False,E,35.8434848130169,128.749400699576,경상북도 경산시 임당동,True,True,False,True,True,860.0,224.0,71.0,776.0,1712.0,54.0,101.0
47908087,100,28,7.0,33.05,6.0,3,3,False,S,35.84066010522546,128.75519878373206,경상북도 경산시 조영동,True,True,False,True,True,531.0,108.0,52.0,207.0,1969.0,62.0,124.0
47907643,100,25,5.0,30.0,6.0,2,3,False,S,35.8214473669905,128.75585482681,경상북도 경산시 삼풍동,True,True,True,True,True,1671.0,71.0,81.0,137.0,2239.0,58.0,131.0
47907360,60,16,5.0,20.0,7.0,2,3,False,W,35.8394036377066,128.759574723052,경상북도 경산시 압량읍 부적리,True,True,True,True,True,698.0,453.0,111.0,146.0,2283.0,39.0,92.0
47905961,100,14,9.0,33.06,17.0,3,4,False,SW,35.8406102004132,128.765517046792,경상북도 경산시 압량읍 신대리,True,True,False,True,True,1239.0,56.0,94.0,141.0,2834.0,65.0,125.0
47905945,200,35,10.0,50.0,6.0,4,4,False,S,35.8220003120346,128.756747850547,경상북도 경산시 삼풍동,True,True,True,True,True,1626.0,160.0,127.0,237.0,2271.0,43.0,226.0
47905934,200,35,10.0,50.0,6.0,4,4,False,S,35.8220032884988,128.756741498756,경상북도 경산시 삼풍동,True,True,True,True,True,1625.0,160.0,126.0,236.0,2271.0,43.0,226.0
47905885,200,35,5.0,50.0,6.0,2,4,False,S,35.8224607526897,128.756312540823,경상북도 경산시 삼풍동,True,True,True,True,True,1568.0,190.0,87.0,237.0,2211.0,75.0,250.0
47905877,200,35,5.0,50.0,6.0,3,4,False,S,35.8224607526897,128.756312540823,경상북도 경산시 삼풍동,True,True,True,True,True,1568.0,190.0,87.0,237.0,2211.0,75.0,250.0
47905560,200,21,9.0,33.06,6.0,2,4,False,SW,35.8192741435723,128.748901406687,경상북도 경산시 계양동,True,False,False,True,True,1794.0,159.0,73.0,390.0,1945.0,151.0,34.0
47905483,300,41,9.0,49.59,6.0,3,4,True,SW,35.8457696130084,128.759199834914,경상북도 경산시 압량읍 부적리,True,True,False,True,True,1200.0,158.0,6.0,504.0,2565.0,202.0,245.0
47905377,200,26,7.0,20.0,6.0,3,4,False,S,35.840091324207,128.759578183537,경상북도 경산시 압량읍 부적리,True,True,True,True,True,740.0,435.0,42.0,116.0,2309.0,83.0,58.0
47904768,500,31,9.0,49.59,6.0,3,4,False,SW,35.8173771794116,128.755551199092,경상북도 경산시 사동,True,True,True,True,True,2116.0,191.0,99.0,216.0,2506.0,138.0,190.0
47904003,300,31,9.0,49.56,6.0,3,4,False,SE,35.8173771794116,128.755551199092,경상북도 경산시 사동,True,True,False,True,True,2116.0,191.0,99.0,216.0,2506.0,138.0,190.0
47903267,70,21,5.0,29.8,18.0,3,3,False,S,35.8430521238295,128.751043891861,경상북도 경산시 임당동,True,True,True,True,True,771.0,379.0,111.0,648.0,1792.0,95.0,103.0
47903150,200,25,10.0,29.75,6.0,2,3,False,SW,35.8216829867977,128.757699478556,경상북도 경산시 삼풍동,True,True,True,True,True,1680.0,202.0,219.0,303.0,2363.0,122.0,267.0
47903059,100,30,5.0,45.0,6.0,2,3,False,S,35.8410914635926,128.752310471508,경상북도 경산시 임당동,True,True,True,True,True,538.0,242.0,213.0,404.0,1762.0,15.0,140.0
47903026,70,19,5.0,25.0,6.0,1,3,False,SE,35.8414502710287,128.750871773602,경상북도 경산시 임당동,True,True,True,True,True,602.0,353.0,140.0,521.0,1674.0,88.0,153.0
47902911,100,28,5.0,40.0,6.0,2,3,False,S,35.8441644711397,128.751779439735,경상북도 경산시 임당동,True,False,True,True,True,882.0,414.0,243.0,691.0,1922.0,175.0,229.0
47902859,100,23,5.0,39.67,6.0,3,4,False,S,35.8209179957395,128.755500503311,경상북도 경산시 삼풍동,True,True,True,True,True,1724.0,23.0,42.0,93.0,2247.0,80.0,64.0
47902730,70,19,5.0,29.8,6.0,2,4,False,S,35.8441644711397,128.751779439735,경상북도 경산시 임당동,True,True,True,True,True,882.0,414.0,243.0,691.0,1922.0,175.0,229.0
47902679,100,25,5.0,26.45,6.0,3,4,False,E,35.831214370779,128.747506021287,경상북도 경산시 계양동,True,True,True,True,True,663.0,694.0,117.0,814.0,1099.0,138.0,193.0
47902672,100,25,5.0,23.14,6.0,4,4,False,SW,35.838713082922176,128.75153482277014,경상북도 경산시 대동,True,True,True,True,True,296.0,197.0,73.0,265.0,1578.0,77.0,279.0
47902663,100,22,5.0,26.45,6.0,2,4,False,E,35.8313621998425,128.747577318116,경상북도 경산시 계양동,True,True,True,True,True,661.0,697.0,112.0,798.0,1103.0,128.0,195.0
47902653,200,30,6.0,26.45,6.0,3,3,False,W,35.8393880693448,128.752823133119,경상북도 경산시 조영동,True,True,True,True,True,346.0,76.0,68.0,239.0,1715.0,62.0,209.0
47902644,70,18,5.0,23.14,7.0,2,3,False,E,35.8376689792033,128.751372092862,경상북도 경산시 대동,True,True,True,True,True,205.0,266.0,52.0,199.0,1522.0,81.0,231.0
47902638,100,30,6.0,33.06,6.0,3,3,False,SE,35.8383798984346,128.754983091078,경상북도 경산시 조영동,True,True,True,True,True,302.0,115.0,20.0,19.0,1855.0,144.0,179.0
47902185,100,20,0.0,26.45,6.0,2,4,False,W,35.8390930943176,128.764834682173,경상북도 경산시 압량읍 신대리,True,True,False,True,True,1124.0,133.0,109.0,238.0,2729.0,41.0,91.0
47902085,100,30,5.0,39.67,6.0,3,3,False,S,35.8216305867655,128.755797898009,경상북도 경산시 삼풍동,True,True,True,True,True,1650.0,90.0,70.0,142.0,2223.0,53.0,147.0
47900755,150,28,5.0,26.45,7.0,3,3,False,SW,35.839797029903,128.752944572847,경상북도 경산시 조영동,True,True,True,True,True,391.0,91.0,67.0,259.0,1744.0,82.0,164.0
47900751,100,21,5.0,25.5,7.0,3,3,False,SW,35.8399842780487,128.752821423436,경상북도 경산시 조영동,True,True,True,True,True,412.0,114.0,89.0,281.0,1744.0,85.0,152.0
47900713,200,25,7.0,25.5,6.0,2,4,False,SW,35.8391162251672,128.751771111457,경상북도 경산시 대동,True,True,False,True,True,331.0,169.0,116.0,282.0,1616.0,50.0,287.0
47900670,100,27,6.0,29.75,14.0,2,3,False,SE,35.8396355519947,128.750626812708,경상북도 경산시 대동,True,True,True,True,True,424.0,276.0,201.0,394.0,1550.0,138.0,332.0
47900623,200,36,9.0,33.05,26.0,3,3,False,E,35.8393226755748,128.753160894204,경상북도 경산시 조영동,True,True,True,True,True,340.0,45.0,39.0,210.0,1740.0,39.0,204.0
47900593,200,36,9.0,33.05,26.0,2,3,False,S,35.8393226755748,128.753160894204,경상북도 경산시 조영동,True,True,True,True,True,340.0,45.0,39.0,210.0,1740.0,39.0,204.0
47900558,100,22,5.0,25.5,7.0,1,3,False,SW,35.8392456786841,128.752638724298,경상북도 경산시 조영동,True,True,True,True,True,331.0,90.0,68.0,245.0,1693.0,51.0,230.0
47900538,100,15,5.0,26.45,7.0,2,3,False,SW,35.831872838068,128.748223587929,경상북도 경산시 계양동,True,True,True,True,True,644.0,750.0,65.0,717.0,1153.0,77.0,191.0
47900524,500,46,9.0,50.5,6.0,4,4,False,SE,35.8400068316197,128.756577056597,경상북도 경산시 조영동,True,True,True,True,True,533.0,196.0,40.0,64.0,2053.0,87.0,141.0
47900416,100,25,5.0,30.0,6.0,3,4,False,S,35.8224607526897,128.756312540823,경상북도 경산시 삼풍동,True,True,True,True,True,1568.0,190.0,87.0,237.0,2211.0,75.0,250.0
47900289,100,18,5.0,30.0,6.0,1,3,False,S,35.8217859014161,128.757655941286,경상북도 경산시 삼풍동,True,True,True,True,True,1668.0,204.0,212.0,302.0,2353.0,117.0,270.0
47900046,200,25,5.0,21.0,6.0,2,4,False,E,35.8406539372605,128.756508656574,경상북도 경산시 조영동,True,True,True,True,True,588.0,164.0,58.0,115.0,2076.0,65.0,149.0
47898888,200,27,8.0,25.0,6.0,1,3,False,E,35.840366392,128.754282048211,경상북도 경산시 조영동,True,True,True,True,True,473.0,115.0,33.0,249.0,1880.0,144.0,87.0
47898676,200,27,8.0,20.0,6.0,2,4,False,E,35.8396585497473,128.756435134109,경상북도 경산시 조영동,True,True,True,True,True,495.0,173.0,54.0,74.0,2027.0,54.0,166.0
47898397,200,33,5.0,27.0,6.0,4,4,False,SE,35.8407644449356,128.756654522964,경상북도 경산시 조영동,True,True,True,True,True,605.0,167.0,62.0,119.0,2093.0,75.0,140.0
47898221,400,40,10.0,27.0,6.0,2,3,False,SW,35.8402548986317,128.754444159126,경상북도 경산시 조영동,True,True,True,True,True,465.0,100.0,18.0,233.0,1888.0,125.0,105.0
47895604,200,30,5.0,23.14,6.0,2,4,False,S,35.8396585497466,128.756435134109,경상북도 경산시 조영동,True,True,True,True,True,495.0,173.0,54.0,74.0,2027.0,54.0,166.0
47895542,200,30,5.0,29.75,6.0,3,4,False,SE,35.8396585497466,128.756435134109,경상북도 경산시 조영동,True,True,True,True,True,495.0,173.0,54.0,74.0,2027.0,54.0,166.0
47894126,150,25,5.0,29.75,16.0,2,3,False,S,35.838846448385,128.751281447661,경상북도 경산시 대동,True,True,True,True,True,319.0,216.0,95.0,290.0,1564.0,103.0,306.0
47893885,200,30,5.0,29.75,23.0,3,3,False,S,35.842205425566,128.751155317314,경상북도 경산시 임당동,True,True,True,True,True,677.0,365.0,108.0,566.0,1743.0,0.0,117.0
47893672,200,22,8.0,26.44,11.0,2,4,False,SE,35.8405656533684,128.756210997979,경상북도 경산시 조영동,True,True,True,True,True,565.0,152.0,41.0,126.0,2047.0,47.0,173.0
47892809,70,17,5.0,26.44,6.0,4,4,False,S,35.82959027129198,128.76286012124353,경상북도 경산시 갑제동,True,True,True,True,True,1169.0,1168.0,220.0,1169.0,2494.0,870.0,95.0
47892746,100,22,5.0,30.0,6.0,3,3,False,S,35.8210894960107,128.755425391668,경상북도 경산시 삼풍동,True,True,True,True,True,1705.0,41.0,55.0,88.0,2230.0,66.0,79.0
47892161,200,30,5.0,40.0,6.0,2,4,False,S,35.8226990668376,128.757023711806,경상북도 경산시 삼풍동,True,True,True,True,True,1556.0,239.0,156.0,302.0,2252.0,119.0,304.0
47892032,100,18,5.0,29.75,6.0,1,3,False,W,35.8217877144119,128.757655206755,경상북도 경산시 삼풍동,True,True,True,True,True,1668.0,204.0,212.0,302.0,2353.0,117.0,270.0
47891859,150,25,5.0,24.0,6.0,3,4,False,SW,35.8408836406352,128.756742368458,경상북도 경산시 조영동,True,True,True,True,True,621.0,166.0,73.0,128.0,2106.0,75.0,139.0
47891448,200,25,10.0,36.0,6.0,3,4,False,N,35.8388555696721,128.765496304927,경상북도 경산시 압량읍 신대리,True,True,False,True,True,1175.0,164.0,76.0,285.0,2781.0,32.0,99.0
47891181,100,16,5.0,24.0,6.0,3,4,False,SE,35.8407451933486,128.765130367788,경상북도 경산시 압량읍 신대리,True,True,False,True,True,1213.0,52.0,106.0,103.0,2806.0,59.0,90.0
47890894,200,31,5.0,27.0,6.0,2,3,False,NW,35.8388113370622,128.754342753277,경상북도 경산시 조영동,True,True,True,True,True,312.0,64.0,54.0,92.0,1817.0,85.0,207.0
47890892,200,22,10.0,27.0,6.0,2,3,False,SW,35.8429280801075,128.755610114606,경상북도 경산시 조영동,True,True,True,True,True,780.0,151.0,76.0,377.0,2122.0,140.0,248.0
47890655,200,30,6.0,30.0,6.0,3,4,True,S,35.8201267977376,128.756235002186,경상북도 경산시 삼풍동,True,True,True,True,True,1821.0,90.0,71.0,183.0,2353.0,183.0,71.0
47890080,100,32,5.0,27.0,6.0,4,4,True,W,35.8376934184071,128.75887161836,경상북도 경산시 조영동,True,True,True,True,True,565.0,431.0,53.0,200.0,2170.0,125.0,262.0
47889875,200,34,5.0,27.0,6.0,4,4,False,W,35.8407644449349,128.756654522964,경상북도 경산시 조영동,True,True,True,True,True,605.0,167.0,62.0,119.0,2093.0,75.0,140.0
47887399,100,20,0.0,23.14,6.0,4,4,False,E,35.8389574108093,128.765679283227,경상북도 경산시 압량읍 신대리,True,True,True,True,True,1194.0,158.0,81.0,282.0,2799.0,35.0,84.0
47887387,100,20,5.0,29.0,6.0,1,4,False,E,35.84308389377051,128.7639511735884,경상북도 경산시 압량읍 신대리,True,True,True,True,True,1254.0,327.0,76.0,140.0,2799.0,116.0,143.0
47887378,150,27,5.0,36.36,6.0,3,4,False,E,35.84125625378107,128.76469867628782,경상북도 경산시 압량읍 신대리,True,True,False,True,True,1202.0,113.0,53.0,52.0,2787.0,70.0,83.0
47887354,3000,0,0.0,39.67,6.0,3,4,False,NW,35.8383906317526,128.764628660042,경상북도 경산시 압량읍 신대리,True,True,False,True,True,1087.0,213.0,117.0,311.0,2693.0,105.0,27.0
47887329,150,23,5.0,23.14,6.0,3,4,False,S,35.8386476187496,128.765745788908,경상북도 경산시 압량읍 신대리,True,True,False,True,True,1191.0,192.0,46.0,315.0,2797.0,0.0,81.0
47887319,300,28,10.0,39.67,6.0,3,4,False,W,35.8425863621595,128.758937612332,경상북도 경산시 압량읍 부적리,True,True,True,True,True,890.0,359.0,174.0,271.0,2366.0,97.0,106.0
47887264,1500,15,5.0,30.0,6.0,3,4,False,S,35.8391236696599,128.76589987863,경상북도 경산시 압량읍 신대리,True,True,True,True,True,1218.0,150.0,75.0,278.0,2823.0,55.0,69.0
47887260,100,15,5.0,16.52,6.0,2,5,False,SE,35.84115378863239,128.76308503311344,경상북도 경산시 압량읍 신대리,False,True,False,True,True,1070.0,202.0,89.0,92.0,2646.0,43.0,92.0
47887249,200,25,10.0,36.36,6.0,3,5,False,W,35.8427665794487,128.764014533974,경상북도 경산시 압량읍 신대리,True,False,False,True,True,1238.0,292.0,44.0,105.0,2790.0,108.0,135.0
47886973,200,41,9.0,38.5,6.0,2,4,False,SW,35.8392882215571,128.756432833482,경상북도 경산시 조영동,True,True,True,True,True,465.0,170.0,14.0,92.0,2012.0,14.0,188.0
47886717,200,30,8.0,30.0,6.0,1,3,False,S,35.8233721263762,128.754297057324,경상북도 경산시 삼풍동,True,True,True,True,True,1441.0,154.0,146.0,271.0,2003.0,151.0,238.0
47886414,200,32,5.0,26.45,7.0,2,3,False,NW,35.8398698692771,128.752121022971,경상북도 경산시 조영동,True,True,True,True,True,405.0,156.0,139.0,322.0,1681.0,46.0,206.0
47886412,200,33,5.0,26.45,6.0,3,4,False,SE,35.8404779001747,128.756894002318,경상북도 경산시 조영동,True,True,True,True,True,592.0,203.0,26.0,81.0,2100.0,69.0,110.0
47886411,200,35,5.0,40.0,6.0,2,3,False,NE,35.8435113091969,128.752584508444,경상북도 경산시 임당동,True,True,True,True,True,805.0,311.0,257.0,588.0,1933.0,181.0,251.0
47886410,200,30,5.0,27.0,6.0,3,4,False,S,35.8398100288197,128.762434433632,경상북도 경산시 압량읍 부적리,True,True,True,True,True,949.0,241.0,39.0,198.0,2543.0,202.0,68.0
47885945,100,22,8.0,33.05,6.0,2,3,False,SE,35.8385750023738,128.754032105073,경상북도 경산시 조영동,True,True,True,True,True,277.0,78.0,56.0,100.0,1781.0,75.0,176.0
47885905,200,30,8.0,36.36,6.0,2,2,False,SE,35.8390630602211,128.75159796334,경상북도 경산시 대동,True,True,True,True,True,330.0,185.0,110.0,288.0,1600.0,65.0,302.0
47885624,100,20,5.0,30.0,6.0,2,3,False,S,35.8219436219796,128.755694149075,경상북도 경산시 삼풍동,True,True,True,True,True,1614.0,125.0,42.0,157.0,2195.0,56.0,177.0
47885580,50,15,5.0,29.75,6.0,2,4,False,SW,35.8250387132259,128.728771113711,경상북도 경산시 옥산동,True,True,True,True,True,1003.0,283.0,117.0,349.0,1073.0,33.0,248.0
47885388,200,29,5.0,24.0,6.0,2,4,False,SW,35.8407973513946,128.755593140382,경상북도 경산시 조영동,True,True,True,True,True,560.0,101.0,31.0,185.0,2008.0,23.0,152.0
47885361,80,20,5.0,26.45,6.0,3,3,False,W,35.8384899302111,128.754131271393,경상북도 경산시 조영동,True,True,True,True,True,272.0,91.0,63.0,88.0,1786.0,88.0,168.0
47885247,150,27,8.0,29.75,21.0,2,3,False,E,35.8417424315828,128.753422440646,경상북도 경산시 조영동,True,True,True,True,True,610.0,155.0,204.0,406.0,1885.0,37.0,83.0
47884962,200,33,5.0,27.0,6.0,2,4,False,W,35.8408652469186,128.756533569361,경상북도 경산시 조영동,True,True,True,True,True,608.0,151.0,77.0,134.0,2088.0,63.0,155.0
47884413,100,18,5.0,30.0,6.0,1,3,False,S,35.8217877144126,128.757655206755,경상북도 경산시 삼풍동,True,True,True,True,True,1668.0,204.0,212.0,302.0,2353.0,117.0,270.0
47881278,200,25,8.0,20.0,6.0,3,3,False,N,35.8389809379283,128.754144629484,경상북도 경산시 조영동,True,True,True,True,True,322.0,52.0,30.0,118.0,1807.0,63.0,222.0
47876652,500,45,10.0,50.0,6.0,4,4,False,S,35.8395670517369,128.756542236264,경상북도 경산시 조영동,True,True,True,True,True,494.0,181.0,46.0,68.0,2032.0,46.0,162.0
47876454,100,23,5.0,30.0,6.0,2,4,False,S,35.8220032884981,128.756741498756,경상북도 경산시 삼풍동,True,True,True,True,True,1625.0,160.0,126.0,236.0,2271.0,43.0,226.0
47875933,200,33,5.0,26.45,6.0,2,4,False,NE,35.8400172864544,128.755979006324,경상북도 경산시 조영동,True,True,True,True,True,502.0,148.0,61.0,116.0,2004.0,42.0,194.0
47875708,100,27,8.0,35.05,6.0,3,3,False,SE,35.8381763534472,128.750849942273,경상북도 경산시 대동,True,True,True,True,True,278.0,276.0,82.0,269.0,1498.0,43.0,296.0
47875684,200,20,10.0,29.75,6.0,3,4,False,E,35.8306016266432,128.704572286439,대구시 수성구 신매동,True,True,True,True,True,1140.0,230.0,104.0,425.0,1011.0,82.0,60.0
47875515,200,27,8.0,36.36,6.0,2,3,False,SE,35.8394776528494,128.753581859678,경상북도 경산시 조영동,True,True,True,True,True,362.0,31.0,0.0,193.0,1782.0,48.0,179.0
47875314,100,22,8.0,33.05,6.0,3,3,False,SE,35.8409511039164,128.753030730161,경상북도 경산시 임당동,True,True,True,True,True,520.0,202.0,157.0,354.0,1810.0,72.0,76.0
47875073,100,27,8.0,33.05,7.0,3,3,False,SE,35.8378143531176,128.751506539883,경상북도 경산시 대동,True,True,True,True,True,210.0,247.0,37.0,197.0,1538.0,62.0,226.0
47873214,200,25,8.0,20.0,7.0,1,3,False,W,35.8388961375337,128.754243691486,경상북도 경산시 조영동,True,True,True,True,True,317.0,58.0,42.0,105.0,1812.0,73.0,215.0
47873009,100,33,5.0,20.0,6.0,2,3,False,W,35.83850842774,128.754524549134,경상북도 경산시 조영동,True,True,True,True,True,290.0,94.0,61.0,57.0,1821.0,114.0,180.0
47872738,100,30,5.0,20.0,6.0,2,3,False,E,35.83850842774,128.754524549134,경상북도 경산시 조영동,True,True,True,True,True,290.0,94.0,61.0,57.0,1821.0,114.0,180.0
47871899,200,26,7.0,37.5,6.0,3,4,False,SW,35.8395343623326,128.765908651596,경상북도 경산시 압량읍 신대리,True,True,True,True,True,1231.0,114.0,33.0,243.0,2835.0,81.0,97.0
47871898,150,27,5.0,25.5,6.0,2,4,False,SW,35.8395372918298,128.756383544499,경상북도 경산시 조영동,True,True,False,True,True,482.0,166.0,40.0,82.0,2017.0,40.0,176.0
47871897,100,20,5.0,25.5,6.0,1,4,False,SW,35.8378043541194,128.756604515646,경상북도 경산시 조영동,True,True,False,True,True,378.0,253.0,65.0,148.0,1975.0,155.0,239.0
47871896,100,17,5.0,26.45,6.0,2,4,False,SE,35.8220226163625,128.757742927794,경상북도 경산시 삼풍동,True,True,True,True,True,1645.0,226.0,215.0,319.0,2346.0,128.0,292.0
47871894,50,15,5.0,26.45,6.0,2,3,False,SE,35.8160246206736,128.762855721019,경상북도 경산시 사동,True,True,True,True,True,2426.0,290.0,105.0,613.0,3104.0,235.0,89.0
47871893,100,18,5.0,25.5,6.0,3,4,True,SW,35.8420078283411,128.763173994054,경상북도 경산시 압량읍 신대리,True,True,False,True,True,1127.0,256.0,65.0,55.0,2688.0,57.0,75.0
47871892,100,18,5.0,28.5,6.0,2,4,False,SW,35.8396388223515,128.765619133128,경상북도 경산시 압량읍 신대리,True,True,False,True,True,1210.0,88.0,17.0,217.0,2813.0,59.0,123.0
47871891,100,15,5.0,26.45,6.0,4,4,False,SW,35.839021962087,128.765082331021,경상북도 경산시 압량읍 신대리,True,False,False,True,True,1144.0,140.0,101.0,253.0,2749.0,46.0,98.0
47871890,50,15,5.0,26.45,6.0,3,3,False,SE,35.8162108958394,128.762971582977,경상북도 경산시 사동,True,True,True,True,True,2410.0,305.0,112.0,637.0,3100.0,242.0,74.0
47871888,50,15,5.0,25.5,6.0,3,3,False,SW,35.8438786543174,128.751839890041,경상북도 경산시 임당동,True,True,True,True,True,850.0,389.0,224.0,665.0,1906.0,174.0,212.0
47871887,100,20,5.0,26.45,6.0,2,3,False,SE,35.842516156933,128.754451803174,경상북도 경산시 조영동,True,True,True,True,True,709.0,117.0,167.0,393.0,2009.0,117.0,159.0
47871886,100,25,5.0,37.5,6.0,2,4,False,SW,35.8401811289406,128.764078677689,경상북도 경산시 압량읍 신대리,True,True,False,True,True,1101.0,88.0,109.0,108.0,2697.0,52.0,55.0
47871884,200,30,7.0,25.5,6.0,2,4,False,SW,35.8397517838038,128.762295361595,경상북도 경산시 압량읍 부적리,True,True,True,True,True,934.0,255.0,47.0,201.0,2529.0,214.0,79.0
47871882,200,28,7.0,25.5,6.0,2,4,False,SW,35.8401738381707,128.756716863726,경상북도 경산시 조영동,True,True,False,True,True,556.0,215.0,19.0,63.0,2072.0,102.0,125.0
47871880,100,22,5.0,26.45,6.0,1,3,False,SW,35.8398574463641,128.75104470873,경상북도 경산시 대동,True,True,True,True,True,430.0,245.0,208.0,387.0,1595.0,108.0,287.0
47871879,200,27,5.0,25.5,6.0,2,3,False,SE,35.8429280801082,128.755610114606,경상북도 경산시 조영동,True,True,True,True,True,780.0,151.0,76.0,377.0,2122.0,140.0,248.0
47871877,70,20,5.0,25.5,6.0,2,4,False,SW,35.8403675197964,128.755161127221,경상북도 경산시 조영동,True,True,False,True,True,500.0,125.0,26.0,197.0,1952.0,82.0,138.0
47871876,100,15,5.0,25.5,6.0,2,4,False,SE,35.8399846055701,128.76423745217,경상북도 경산시 압량읍 신대리,True,True,True,True,True,1106.0,80.0,132.0,130.0,2704.0,60.0,77.0
47871873,150,28,7.0,25.5,6.0,3,3,False,SW,35.8393894880839,128.752824713704,경상북도 경산시 조영동,True,True,True,True,True,346.0,76.0,67.0,239.0,1715.0,63.0,209.0
47871872,100,27,7.0,27.5,6.0,2,3,False,SW,35.8396288417772,128.752137965634,경상북도 경산시 조영동,True,True,True,True,True,378.0,143.0,128.0,306.0,1671.0,19.0,223.0
47871871,200,29,6.0,26.45,6.0,3,3,False,SW,35.8394776528487,128.753581859678,경상북도 경산시 조영동,True,True,True,True,True,362.0,31.0,0.0,193.0,1782.0,48.0,179.0
47871870,200,28,7.0,25.5,6.0,2,4,False,SW,35.838730296104,128.755171531912,경상북도 경산시 조영동,True,True,True,True,True,343.0,89.0,34.0,58.0,1884.0,117.0,222.0
47871869,100,25,7.0,25.5,6.0,1,3,False,SW,35.8387293223314,128.751811628699,경상북도 경산시 대동,True,True,True,True,True,289.0,173.0,73.0,248.0,1602.0,67.0,263.0
47871868,100,29,6.0,26.45,6.0,2,3,False,SW,35.8385084277393,128.754524549135,경상북도 경산시 조영동,True,True,True,True,True,290.0,94.0,61.0,57.0,1821.0,114.0,180.0
47871867,100,30,7.0,29.75,6.0,2,4,False,SW,35.8398171458534,128.756219505729,경상북도 경산시 조영동,True,True,True,True,True,497.0,159.0,71.0,92.0,2015.0,50.0,178.0
47871866,100,30,5.0,29.75,6.0,2,3,False,SW,35.8381763534465,128.750849942273,경상북도 경산시 대동,True,True,True,True,True,278.0,276.0,82.0,269.0,1498.0,43.0,296.0
47871865,100,26,7.0,26.45,6.0,2,3,False,SW,35.8379810484756,128.753082894221,경상북도 경산시 대동,True,True,False,True,True,191.0,145.0,37.0,110.0,1678.0,68.0,127.0
47871864,200,27,5.0,25.5,6.0,3,3,False,W,35.8401294702457,128.752455534076,경상북도 경산시 조영동,True,True,True,True,True,430.0,148.0,125.0,316.0,1721.0,80.0,164.0
47871862,100,20,5.0,26.45,6.0,1,3,False,SW,35.8379810484756,128.753082894221,경상북도 경산시 대동,True,True,True,True,True,191.0,145.0,37.0,110.0,1678.0,68.0,127.0
47871861,200,28,7.0,29.75,6.0,2,3,False,SW,35.840881748899,128.753960832477,경상북도 경산시 조영동,True,True,True,True,True,522.0,135.0,97.0,312.0,1880.0,135.0,23.0
47871860,150,27,5.0,25.5,6.0,2,4,False,SW,35.838369958887,128.757900399051,경상북도 경산시 조영동,True,True,False,True,True,511.0,321.0,123.0,106.0,2105.0,163.0,209.0
47871857,100,28,7.0,25.5,7.0,2,3,False,SW,35.8378143531176,128.751506539883,경상북도 경산시 대동,True,True,True,True,True,210.0,247.0,37.0,197.0,1538.0,62.0,226.0
47871855,150,28,7.0,26.45,6.0,2,4,False,SW,35.8387027855734,128.759251916516,경상북도 경산시 조영동,True,True,True,True,True,636.0,430.0,70.0,137.0,2232.0,49.0,152.0
47871854,150,30,5.0,25.5,6.0,3,3,False,SW,35.8402099732176,128.754071096743,경상북도 경산시 조영동,True,True,True,True,True,451.0,104.0,33.0,239.0,1856.0,139.0,97.0
47871853,200,30,7.0,25.5,6.0,3,4,False,SW,35.8395527876085,128.756802879509,경상북도 경산시 조영동,True,True,False,True,True,509.0,204.0,58.0,48.0,2053.0,58.0,143.0
47871852,100,30,5.0,26.45,7.0,2,3,False,SE,35.8393289124989,128.752541949718,경상북도 경산시 조영동,True,True,True,True,True,341.0,100.0,80.0,258.0,1689.0,39.0,227.0
47871851,200,36,9.0,29.75,6.0,1,3,False,SE,35.8395802688629,128.752860895366,경상북도 경산시 조영동,True,True,True,True,True,367.0,82.0,66.0,249.0,1727.0,67.0,188.0
47871850,100,20,5.0,25.5,6.0,2,4,False,SE,35.8178090422731,128.750668475567,경상북도 경산시 계양동,True,True,False,True,True,2008.0,226.0,193.0,187.0,2172.0,78.0,112.0
47871849,200,30,8.0,25.5,6.0,2,4,False,SW,35.8392954893512,128.758806395796,경상북도 경산시 압량읍 부적리,True,True,False,True,True,633.0,383.0,141.0,78.0,2214.0,34.0,84.0
47871848,200,25,5.0,26.45,6.0,3,4,False,SE,35.840345544790175,128.755758483703,경상북도 경산시 조영동,True,True,True,True,True,523.0,153.0,23.0,146.0,2000.0,58.0,184.0
47871847,200,25,8.0,29.75,6.0,2,4,False,SW,35.8402433794735,128.756656975568,경상북도 경산시 조영동,True,True,True,True,True,558.0,206.0,23.0,72.0,2070.0,101.0,130.0
47871843,200,30,8.0,25.5,6.0,3,4,False,SW,35.8382375042062,128.75924175123,경상북도 경산시 조영동,True,True,False,True,True,615.0,441.0,18.0,168.0,2217.0,59.0,203.0
47871842,200,25,8.0,25.5,6.0,2,4,False,SW,35.8417682362312,128.76264476839,경상북도 경산시 압량읍 신대리,True,True,True,True,True,1073.0,272.0,107.0,44.0,2634.0,28.0,77.0
47871841,200,30,7.0,25.5,6.0,2,3,False,W,35.8396628321723,128.752390043449,경상북도 경산시 조영동,True,True,True,True,True,379.0,124.0,109.0,289.0,1693.0,32.0,205.0
47871840,100,27,5.0,33.06,6.0,2,2,False,SW,35.8389804903932,128.751216554929,경상북도 경산시 대동,True,True,True,True,True,335.0,220.0,111.0,306.0,1565.0,98.0,321.0
47871535,100,25,5.0,33.05,24.0,2,3,False,SE,35.8420465808883,128.751240252321,경상북도 경산시 임당동,True,True,True,True,True,658.0,355.0,121.0,547.0,1739.0,19.0,132.0
47871426,100,29,5.0,29.75,,3,3,False,W,35.8378143531176,128.751506539883,경상북도 경산시 대동,True,True,True,True,True,210.0,247.0,37.0,197.0,1538.0,62.0,226.0
47871301,100,23,5.0,29.75,24.0,3,3,False,E,35.8411683218776,128.752002061001,경상북도 경산시 임당동,True,True,True,True,True,549.0,264.0,232.0,428.0,1743.0,31.0,168.0
47871263,200,30,7.0,29.75,26.0,1,3,False,S,35.8396628321716,128.752390043449,경상북도 경산시 조영동,True,True,True,True,True,379.0,124.0,109.0,289.0,1693.0,32.0,205.0
47870661,50,15,5.0,25.5,6.0,3,3,False,SW,35.8432557357854,128.756503506343,경상북도 경산시 압량읍 부적리,True,True,True,True,True,843.0,219.0,81.0,376.0,2210.0,93.0,315.0
47870625,200,23,7.0,20.0,6.0,2,4,False,S,35.8413554331719,128.757742842764,경상북도 경산시 압량읍 부적리,True,True,True,True,True,716.0,237.0,91.0,137.0,2209.0,24.0,106.0
47870408,500,40,10.0,40.0,6.0,2,4,False,S,35.8471093907278,128.761107111628,경상북도 경산시 압량읍 부적리,True,True,False,True,True,1416.0,92.0,233.0,566.0,2791.0,429.0,143.0
47869252,70,15,5.0,26.45,7.0,3,3,False,SW,35.8380630256867,128.752602853676,경상북도 경산시 대동,True,True,True,True,True,200.0,158.0,72.0,145.0,1641.0,51.0,160.0
47869220,200,30,5.0,34.0,6.0,1,3,False,S,35.8210255430579,128.755571581503,경상북도 경산시 삼풍동,True,True,True,True,True,1713.0,27.0,55.0,100.0,2245.0,81.0,77.0
47869182,200,30,5.0,34.0,6.0,2,3,False,S,35.8210255430579,128.755571581503,경상북도 경산시 삼풍동,True,True,True,True,True,1713.0,27.0,55.0,100.0,2245.0,81.0,77.0
47869057,70,17,5.0,25.5,7.0,2,3,False,SW,35.8389671284182,128.753917787236,경상북도 경산시 조영동,True,True,False,True,True,314.0,36.0,13.0,132.0,1787.0,43.0,219.0
47868988,100,24,7.0,25.5,6.0,4,4,False,SE,35.8383520873484,128.759472146022,경상북도 경산시 조영동,True,True,True,True,True,639.0,457.0,39.0,175.0,2241.0,35.0,194.0
47868900,100,18,5.0,27.0,6.0,3,4,False,S,35.8222485444037,128.757630958432,경상북도 경산시 삼풍동,True,True,True,True,True,1618.0,234.0,203.0,320.0,2325.0,127.0,300.0
47868213,100,23,5.0,27.0,6.0,4,4,False,SW,35.8376934184071,128.75887161836,경상북도 경산시 조영동,True,True,True,True,True,565.0,431.0,53.0,200.0,2170.0,125.0,262.0
47868109,150,30,5.0,27.0,6.0,2,3,False,N,35.838827603984,128.754715952571,경상북도 경산시 조영동,True,True,True,True,True,329.0,61.0,63.0,74.0,1849.0,117.0,219.0
47868071,100,23,5.0,27.0,6.0,1,3,False,SE,35.8398574463648,128.751044708729,경상북도 경산시 대동,True,True,True,True,True,430.0,245.0,208.0,387.0,1595.0,108.0,287.0
47867699,200,31,5.0,27.0,6.0,3,3,False,S,35.8388317018315,128.75313902133,경상북도 경산시 조영동,True,True,True,True,True,285.0,61.0,19.0,185.0,1717.0,38.0,212.0
47866392,200,25,5.0,20.0,6.0,2,4,False,W,35.8382044997829,128.754782238973,경상북도 경산시 조영동,True,True,True,True,True,276.0,130.0,20.0,24.0,1831.0,118.0,154.0
47866190,200,30,5.0,33.06,6.0,3,3,False,S,35.8214000029158,128.75563039337,경상북도 경산시 삼풍동,True,True,True,True,True,1673.0,65.0,66.0,116.0,2225.0,77.0,118.0
47866126,200,28,5.0,27.0,6.0,3,3,False,N,35.8381491845988,128.751502171386,경상북도 경산시 대동,True,True,True,True,True,241.0,226.0,24.0,220.0,1551.0,49.0,243.0
47864205,100,11,9.0,22.0,6.0,3,5,True,SW,35.8427170069011,128.76340760983,경상북도 경산시 압량읍 신대리,True,True,False,True,True,1191.0,309.0,49.0,96.0,2737.0,54.0,81.0
47863389,300,40,5.0,30.0,6.0,4,4,False,S,35.8386203543511,128.760216336297,경상북도 경산시 압량읍 부적리,True,True,True,True,True,713.0,473.0,109.0,219.0,2313.0,41.0,196.0
47863263,200,33,5.0,20.0,6.0,3,3,False,W,35.8373442163176,128.751458465619,경상북도 경산시 대동,True,True,True,True,True,173.0,285.0,38.0,177.0,1517.0,105.0,215.0
47863143,200,40,5.0,20.0,6.0,3,3,False,W,35.8395600746942,128.753491376098,경상북도 경산시 조영동,True,True,True,True,True,370.0,42.0,12.0,205.0,1778.0,55.0,171.0
47862827,200,29,8.0,25.0,6.0,3,4,False,S,35.8404779001747,128.756894002318,경상북도 경산시 조영동,True,True,True,True,True,592.0,203.0,26.0,81.0,2100.0,69.0,110.0
47862549,200,20,10.0,33.05,7.0,3,3,False,E,35.83224825806092,128.70379139630006,대구시 수성구 신매동,True,True,True,True,True,961.0,208.0,91.0,360.0,826.0,116.0,193.0
47862534,200,40,10.0,40.0,6.0,4,4,False,N,35.8386841149951,128.758797655206,경상북도 경산시 조영동,True,True,True,True,True,599.0,390.0,78.0,105.0,2193.0,89.0,152.0
47862508,500,33,10.0,33.06,6.0,2,4,False,S,35.8417629562215,128.706863553986,대구시 수성구 매호동,True,False,False,True,True,202.0,106.0,113.0,152.0,347.0,142.0,137.0
47862411,100,25,5.0,25.5,6.0,2,3,False,SW,35.8405315896811,128.754089246444,경상북도 경산시 조영동,True,True,True,True,True,486.0,137.0,57.0,272.0,1873.0,154.0,63.0
47862377,100,15,5.0,23.14,6.0,2,4,False,SW,35.8415911031144,128.762464769387,경상북도 경산시 압량읍 신대리,True,True,True,True,True,1048.0,274.0,125.0,61.0,2611.0,36.0,73.0
47861837,300,25,10.0,33.06,6.0,2,4,False,W,35.8308775408184,128.704420722583,대구시 수성구 신매동,True,False,False,True,True,1109.0,216.0,73.0,421.0,979.0,68.0,84.0
47861794,300,35,10.0,29.75,6.0,1,3,False,S,35.8233248697358,128.754404561486,경상북도 경산시 삼풍동,True,True,True,True,True,1447.0,158.0,138.0,266.0,2014.0,140.0,241.0
47861663,200,27,5.0,27.0,6.0,3,4,False,NE,35.8380116282748,128.759503912719,경상북도 경산시 조영동,True,True,True,True,True,629.0,471.0,27.0,203.0,2234.0,65.0,232.0
47861608,200,30,5.0,27.0,6.0,3,5,False,SW,35.8399533021898,128.75974224565,경상북도 경산시 압량읍 부적리,True,True,True,True,True,743.0,455.0,48.0,133.0,2317.0,79.0,73.0
47861149,100,25,5.0,23.14,6.0,2,3,False,E,35.84053039550781,128.7540893554692,경상북도 경산시 조영동,True,True,True,True,True,486.0,137.0,57.0,271.0,1873.0,154.0,63.0
47860889,200,30,10.0,40.0,6.0,2,3,False,SE,35.8428497159164,128.748700239429,경상북도 경산시 임당동,True,True,True,True,True,821.0,195.0,88.0,770.0,1617.0,46.0,117.0
47860852,200,30,5.0,26.45,6.0,4,4,False,S,35.8387302961033,128.755171531912,경상북도 경산시 조영동,True,True,True,True,True,343.0,89.0,34.0,58.0,1884.0,117.0,222.0
47859519,70,18,5.0,23.14,6.0,3,3,False,W,35.8434848130162,128.749400699576,경상북도 경산시 임당동,True,True,True,True,True,860.0,224.0,71.0,776.0,1712.0,54.0,101.0
47858974,100,18,9.0,33.05,6.0,3,4,False,W,35.8262583892936,128.727637283352,경상북도 경산시 옥산동,True,True,False,True,True,869.0,431.0,87.0,179.0,1032.0,137.0,152.0
47858851,200,25,0.0,26.0,6.0,3,3,False,NE,35.8391162251665,128.751771111458,경상북도 경산시 대동,True,True,True,True,True,331.0,169.0,116.0,282.0,1616.0,50.0,287.0
47858812,200,30,5.0,20.0,6.0,1,3,False,W,35.8405402920606,128.753542504211,경상북도 경산시 조영동,True,True,True,True,True,478.0,149.0,93.0,292.0,1829.0,127.0,65.0
47858734,300,21,9.0,49.56,6.0,3,4,False,S,35.8240574871313,128.722620917128,경상북도 경산시 옥산동,True,False,False,True,True,1226.0,190.0,72.0,99.0,1214.0,80.0,95.0
47858661,200,30,5.0,20.0,6.0,2,3,False,W,35.8405402920606,128.753542504211,경상북도 경산시 조영동,True,True,True,True,True,478.0,149.0,93.0,292.0,1829.0,127.0,65.0
47858202,200,33,5.0,26.45,6.0,2,3,False,SW,35.8390630602204,128.751597963341,경상북도 경산시 대동,True,True,False,True,True,330.0,185.0,110.0,288.0,1600.0,65.0,302.0
47858081,200,30,5.0,26.45,6.0,2,4,False,SE,35.8405526099436,128.756382028358,경상북도 경산시 조영동,True,True,True,True,True,572.0,164.0,56.0,114.0,2061.0,60.0,157.0
47857782,200,39,5.0,20.0,6.0,3,4,False,W,35.8388964447691,128.755135795031,경상북도 경산시 조영동,True,True,True,True,True,356.0,73.0,53.0,76.0,1887.0,105.0,237.0
47856819,100,18,9.0,33.05,6.0,2,4,False,W,35.8262583892936,128.727637283352,경상북도 경산시 옥산동,True,False,False,True,True,869.0,431.0,87.0,179.0,1032.0,137.0,152.0
47856778,300,21,0.0,49.56,6.0,2,4,False,S,35.8240574871307,128.722620917129,경상북도 경산시 옥산동,True,False,False,True,True,1226.0,190.0,72.0,99.0,1214.0,80.0,95.0
47856645,200,30,5.0,23.14,6.0,2,3,False,E,35.8385106210099,128.750408088883,경상북도 경산시 대동,True,True,True,True,True,332.0,301.0,130.0,322.0,1477.0,42.0,349.0
47856607,100,26,5.0,26.45,7.0,2,3,False,E,35.839773079662,128.75225756280307,경상북도 경산시 조영동,True,True,True,True,True,392.0,140.0,124.0,305.0,1688.0,37.0,204.0
47855766,50,15,5.0,23.14,6.0,3,5,True,SW,35.8427539635379,128.763762915154,경상북도 경산시 압량읍 신대리,True,True,False,True,True,1219.0,298.0,38.0,116.0,2768.0,85.0,113.0
47854935,100,27,5.0,20.0,6.0,2,4,False,S,35.8408197089065,128.755382805088,경상북도 경산시 조영동,True,True,True,True,True,554.0,92.0,45.0,202.0,1992.0,41.0,133.0
47853904,200,24,9.0,29.75,6.0,3,4,False,S,35.8298722695955,128.734312179181,경상북도 경산시 중방동,True,True,False,True,True,710.0,197.0,20.0,167.0,363.0,217.0,134.0
47853839,200,26,9.0,33.06,6.0,3,4,False,SW,35.8399538443085,128.759742146958,경상북도 경산시 압량읍 부적리,True,True,False,True,True,743.0,455.0,48.0,133.0,2318.0,79.0,73.0
47853817,100,21,9.0,33.06,6.0,1,3,False,SW,35.8221927940477,128.71778523219,경상북도 경산시 옥산동,True,True,False,True,True,1627.0,98.0,333.0,183.0,1417.0,233.0,122.0
47853805,100,21,9.0,36.36,16.0,3,4,False,SW,35.8380296664486,128.764792639946,경상북도 경산시 압량읍 신대리,True,True,True,True,True,1093.0,251.0,104.0,353.0,2698.0,110.0,57.0
47853731,100,26,9.0,42.98,19.0,2,4,False,SW,35.8156833377454,128.762839102333,경상북도 경산시 사동,True,True,False,True,True,2460.0,283.0,120.0,581.0,3126.0,244.0,126.0
47853718,100,16,9.0,33.06,6.0,2,4,False,SW,35.8382614751282,128.765280616524,경상북도 경산시 압량읍 신대리,True,True,False,True,True,1141.0,225.0,57.0,339.0,2747.0,60.0,87.0
47852944,300,26,9.0,26.45,11.0,2,4,False,SW,35.8022923027089,128.736575973657,경상북도 경산시 백천동,True,True,False,True,True,3561.0,326.0,54.0,278.0,2618.0,14.0,168.0
47852844,200,27,9.0,26.45,6.0,3,4,True,SW,35.8180857155684,128.729119522823,경상북도 경산시 사정동,True,False,True,True,True,1776.0,328.0,160.0,191.0,1755.0,160.0,70.0
47852810,300,31,9.0,49.59,11.0,2,4,False,SW,35.8144905027918,128.728547452002,경상북도 경산시 옥곡동,True,False,False,True,True,2175.0,96.0,258.0,384.0,2151.0,30.0,56.0
47852663,200,31,9.0,49.59,11.0,3,4,True,SW,35.8270661649276,128.735010624171,경상북도 경산시 중방동,True,False,False,True,True,954.0,126.0,24.0,208.0,660.0,106.0,193.0
47852656,100,19,9.0,33.06,6.0,3,4,False,SW,35.8211244472645,128.733539391379,경상북도 경산시 중방동,True,True,False,True,True,1511.0,33.0,82.0,117.0,1331.0,102.0,99.0
47852634,100,11,9.0,26.45,25.0,3,3,False,SE,35.8309418375778,128.730773722973,경상북도 경산시 정평동,True,False,False,True,True,409.0,210.0,120.0,303.0,484.0,107.0,260.0
47852550,200,26,9.0,36.36,14.0,3,4,False,SW,35.832671116626,128.728068245832,경상북도 경산시 정평동,True,True,False,True,True,156.0,132.0,66.0,66.0,672.0,75.0,101.0
47851240,200,27,8.0,20.0,6.0,2,4,False,E,35.8396585497466,128.756435134109,경상북도 경산시 조영동,True,True,True,True,True,495.0,173.0,54.0,74.0,2027.0,54.0,166.0
47849635,200,29,8.0,25.0,6.0,2,3,False,S,35.8382692602157,128.75026854551,경상북도 경산시 대동,False,True,True,True,True,322.0,321.0,130.0,318.0,1454.0,18.0,348.0
47849104,100,25,5.0,27.0,6.0,2,4,False,S,35.8435669086161,128.756940008501,경상북도 경산시 압량읍 부적리,True,True,True,True,True,890.0,270.0,128.0,393.0,2262.0,111.0,297.0
47849032,300,48,10.0,50.0,6.0,3,6,True,SW,35.8389536453154,128.757300952725,경상북도 경산시 조영동,True,True,True,True,True,499.0,252.0,90.0,71.0,2073.0,90.0,166.0
47848546,300,39,9.0,52.89,24.0,1,3,False,SW,35.8212772994092,128.752214219578,경상북도 경산시 계양동,True,True,False,True,True,1669.0,149.0,34.0,152.0,1991.0,105.0,48.0
47844896,100,29,5.0,26.45,6.0,3,3,False,E,35.8387129077117,128.754214977277,경상북도 경산시 조영동,True,True,True,True,True,297.0,75.0,52.0,93.0,1802.0,79.0,194.0
47844885,100,25,5.0,23.14,6.0,1,3,False,S,35.8396757827124,128.751891320114,경상북도 경산시 조영동,True,True,True,True,True,388.0,166.0,146.0,328.0,1653.0,33.0,235.0
47842791,100,27,8.0,26.45,6.0,2,3,False,SE,35.8391409857947,128.752495428901,경상북도 경산시 조영동,True,True,True,True,True,320.0,103.0,66.0,248.0,1677.0,48.0,247.0
47842675,100,20,6.0,25.3,7.0,2,3,False,S,35.8399842780487,128.752821423436,경상북도 경산시 조영동,True,True,True,True,True,412.0,114.0,89.0,281.0,1744.0,85.0,152.0
47838925,100,18,5.0,30.0,6.0,3,3,False,S,35.821190875764,128.755196932426,경상북도 경산시 삼풍동,True,True,True,True,True,1691.0,63.0,43.0,71.0,2207.0,43.0,88.0
47838920,200,20,5.0,27.0,6.0,2,4,False,S,35.8217132856426,128.758129225337,경상북도 경산시 삼풍동,True,True,True,True,True,1688.0,238.0,255.0,341.0,2394.0,160.0,302.0
47838915,100,25,5.0,30.0,6.0,2,4,False,S,35.8217299223371,128.757866701383,경상북도 경산시 삼풍동,True,True,True,True,True,1679.0,218.0,232.0,318.0,2373.0,136.0,282.0
47838913,200,20,5.0,27.0,6.0,2,4,False,S,35.8217132856433,128.758129225336,경상북도 경산시 삼풍동,True,True,True,True,True,1688.0,238.0,255.0,341.0,2394.0,160.0,302.0
47838674,200,25,7.0,29.75,25.0,3,3,False,W,35.84105300903321,128.75256347656295,경상북도 경산시 임당동,True,True,True,True,True,532.0,227.0,198.0,387.0,1780.0,31.0,117.0
47838541,300,35,10.0,34.0,6.0,2,3,False,S,35.8233248697358,128.754404561486,경상북도 경산시 삼풍동,True,True,True,True,True,1447.0,158.0,138.0,266.0,2014.0,140.0,241.0
47838516,300,35,10.0,34.0,6.0,3,3,False,S,35.8233248697358,128.754404561486,경상북도 경산시 삼풍동,True,True,True,True,True,1447.0,158.0,138.0,266.0,2014.0,140.0,241.0
47838456,100,25,5.0,30.0,6.0,2,3,False,S,35.8212824087443,128.756228377476,경상북도 경산시 삼풍동,True,True,True,True,True,1695.0,68.0,117.0,163.0,2277.0,56.0,135.0
47838447,100,30,5.0,34.0,6.0,2,3,False,S,35.8208633302511,128.755942314591,경상북도 경산시 삼풍동,True,True,True,True,True,1736.0,20.0,71.0,133.0,2283.0,108.0,84.0
47838396,300,30,8.0,30.0,6.0,4,4,False,S,35.8224885863748,128.757977150293,경상북도 경산시 삼풍동,True,True,True,True,True,1601.0,275.0,235.0,360.0,2338.0,166.0,342.0
47838067,200,26,9.0,49.59,6.0,3,4,False,S,35.8138412585897,128.731081496076,경상북도 경산시 옥곡동,True,False,False,True,True,2260.0,141.0,123.0,148.0,2166.0,133.0,139.0
47837698,200,42,5.0,20.0,6.0,3,4,False,NW,35.8387776461771,128.757172236405,경상북도 경산시 조영동,True,True,True,True,True,478.0,245.0,81.0,92.0,2056.0,87.0,189.0
47836993,500,36,9.0,49.59,6.0,4,4,False,S,35.8288403300369,128.73959605005,경상북도 경산시 중방동,True,True,True,True,True,600.0,155.0,201.0,301.0,590.0,177.0,254.0
47836975,200,25,9.0,39.67,6.0,3,4,False,W,35.8295790798413,128.739278219337,경상북도 경산시 중방동,True,True,False,True,True,529.0,136.0,164.0,301.0,509.0,164.0,213.0
47836727,200,30,5.0,26.45,6.0,2,4,False,N,35.8387027855734,128.759251916516,경상북도 경산시 조영동,True,True,True,True,True,636.0,430.0,70.0,137.0,2232.0,49.0,152.0
47836571,200,30,5.0,29.75,6.0,2,3,False,S,35.8208633302518,128.755942314591,경상북도 경산시 삼풍동,True,True,True,True,True,1736.0,20.0,71.0,133.0,2283.0,108.0,84.0
47836065,200,25,5.0,29.75,25.0,1,3,False,S,35.841051866606925,128.75256016017178,경상북도 경산시 임당동,True,True,True,True,True,532.0,227.0,198.0,387.0,1779.0,31.0,117.0
47835953,100,20,5.0,29.75,6.0,1,3,False,S,35.8217379875126,128.755558284622,경상북도 경산시 삼풍동,True,True,True,True,True,1635.0,103.0,48.0,132.0,2198.0,72.0,152.0
47835562,200,21,9.0,26.45,6.0,3,4,False,SW,35.8308130252135,128.731108098218,경상북도 경산시 정평동,True,True,False,True,True,437.0,243.0,95.0,336.0,465.0,106.0,275.0
47835230,70,15,5.0,29.75,21.0,3,3,False,S,35.843329693224355,128.7525748674593,경상북도 경산시 임당동,True,True,True,True,True,785.0,299.0,248.0,575.0,1920.0,162.0,243.0
47835220,100,20,8.0,29.75,25.0,1,3,False,E,35.8414280219728,128.751446114039,경상북도 경산시 임당동,True,True,True,True,True,587.0,317.0,176.0,483.0,1716.0,88.0,188.0
47835147,200,31,5.0,26.44,7.0,1,3,False,S,35.8398698692778,128.752121022971,경상북도 경산시 조영동,True,True,False,True,True,405.0,156.0,139.0,322.0,1681.0,46.0,206.0
47835141,100,17,5.0,26.45,7.0,2,3,False,NW,35.8379467530967,128.759386611555,경상북도 경산시 조영동,True,True,False,True,True,617.0,463.0,21.0,201.0,2222.0,76.0,237.0
47835135,3500,0,2.0,26.44,6.0,3,3,False,S,35.8430564188446,128.75104597843594,경상북도 경산시 임당동,True,True,True,True,True,771.0,379.0,111.0,648.0,1793.0,95.0,103.0
47835066,100,25,5.0,33.06,24.0,1,3,False,S,35.84095127120123,128.7530316192216,경상북도 경산시 임당동,True,True,True,True,True,520.0,202.0,157.0,354.0,1811.0,72.0,76.0
47834884,150,21,8.0,29.75,15.0,1,3,False,S,35.8397707966362,128.751369721666,경상북도 경산시 대동,True,True,True,True,True,411.0,214.0,188.0,362.0,1616.0,77.0,267.0
47834869,100,23,5.0,26.45,31.0,1,3,False,E,35.8396364764127,128.755997171813,경상북도 경산시 조영동,True,True,True,True,True,469.0,134.0,59.0,113.0,1989.0,31.0,203.0
47834481,150,28,7.0,23.14,6.0,2,3,False,SW,35.83881818767316,128.75470667036274,경상북도 경산시 조영동,True,True,True,True,True,328.0,62.0,63.0,74.0,1848.0,116.0,218.0
47834175,300,40,5.0,33.06,6.0,2,4,True,E,35.8425554903905,128.759378184807,경상북도 경산시 압량읍 부적리,True,True,True,True,True,913.0,396.0,151.0,247.0,2400.0,106.0,67.0
47834174,200,29,5.0,23.14,6.0,3,4,False,SE,35.8405656533677,128.75621099798,경상북도 경산시 조영동,True,True,True,True,True,565.0,152.0,41.0,126.0,2047.0,47.0,173.0
47834171,200,25,7.0,26.44,6.0,1,3,False,W,35.8436385818848,128.749286761807,경상북도 경산시 임당동,True,True,True,True,True,880.0,210.0,58.0,796.0,1716.0,58.0,121.0
47834169,150,30,5.0,26.45,6.0,2,4,False,S,35.8399392915937,128.754434108685,경상북도 경산시 조영동,True,True,True,True,True,431.0,66.0,17.0,199.0,1873.0,114.0,136.0
47834167,100,19,5.0,23.14,6.0,2,4,False,SE,35.8434321101939,128.75864529571,경상북도 경산시 압량읍 부적리,True,True,True,True,True,951.0,374.0,176.0,355.0,2387.0,33.0,142.0
47834164,100,30,5.0,23.14,6.0,1,3,False,SW,35.8388113370615,128.754342753278,경상북도 경산시 조영동,True,True,True,True,True,312.0,64.0,54.0,92.0,1817.0,85.0,207.0
47834155,100,27,5.0,26.44,6.0,2,2,False,S,35.839548947749726,128.75106625821826,경상북도 경산시 대동,True,True,True,True,True,398.0,235.0,175.0,360.0,1581.0,97.0,303.0
47834153,100,25,5.0,26.45,6.0,4,4,False,E,35.831214370779,128.747506021287,경상북도 경산시 계양동,True,True,True,True,True,663.0,694.0,117.0,814.0,1099.0,138.0,193.0
47834152,100,26,5.0,26.45,6.0,4,4,False,S,35.8392444310931,128.751710960439,경상북도 경산시 대동,True,True,True,True,True,346.0,174.0,130.0,296.0,1617.0,45.0,280.0
47834148,50,15,5.0,26.44,6.0,2,3,False,E,35.84160064025439,128.75175768894664,경상북도 경산시 임당동,True,True,True,True,True,600.0,305.0,186.0,479.0,1750.0,83.0,198.0
47834146,100,25,8.0,26.45,6.0,2,3,False,E,35.8379810484756,128.753082894221,경상북도 경산시 대동,True,True,True,True,True,191.0,145.0,37.0,110.0,1678.0,68.0,127.0
47834145,200,30,5.0,23.14,6.0,2,4,False,W,35.837971403456,128.758915493752,경상북도 경산시 조영동,True,True,True,True,True,578.0,422.0,30.0,174.0,2181.0,101.0,231.0
47834137,200,40,5.0,33.06,6.0,3,4,True,E,35.8401419079707,128.759453026634,경상북도 경산시 압량읍 부적리,True,True,True,True,True,734.0,422.0,47.0,104.0,2300.0,84.0,47.0
47834135,200,35,0.0,26.44,6.0,1,2,False,W,35.8398932242561,128.75094556051,경상북도 경산시 대동,True,True,True,True,True,437.0,255.0,215.0,396.0,1589.0,118.0,293.0
47834130,100,18,5.0,23.14,7.0,2,3,False,E,35.83841908447624,128.75833662789205,경상북도 경산시 조영동,True,True,True,True,True,548.0,357.0,88.0,107.0,2144.0,130.0,189.0
47834127,100,20,5.0,23.14,7.0,2,3,False,SW,35.8394924999828,128.75295967281986,경상북도 경산시 조영동,True,True,True,True,True,358.0,69.0,56.0,236.0,1731.0,65.0,193.0
47834125,100,28,5.0,26.45,6.0,1,3,False,E,35.8394592642334,128.752137002163,경상북도 경산시 조영동,True,True,True,True,True,360.0,138.0,114.0,295.0,1662.0,0.0,237.0
47834123,150,25,5.0,23.14,6.0,3,4,False,E,35.84012811592762,128.75583780006556,경상북도 경산시 조영동,True,True,True,True,True,506.0,144.0,46.0,131.0,1997.0,46.0,203.0
47834121,200,28,5.0,23.14,6.0,3,4,True,SW,35.8400713261697,128.759110051194,경상북도 경산시 압량읍 부적리,True,True,True,True,True,704.0,397.0,78.0,75.0,2268.0,71.0,16.0
47834118,200,35,5.0,26.44,6.0,2,3,False,E,35.8388891117902,128.75218101222,경상북도 경산시 대동,True,True,True,True,True,297.0,136.0,76.0,239.0,1640.0,63.0,256.0
47834116,200,30,5.0,23.14,6.0,3,3,False,SE,35.8394776528487,128.753581859678,경상북도 경산시 조영동,True,True,True,True,True,362.0,31.0,0.0,193.0,1782.0,48.0,179.0
47834112,200,20,5.0,26.44,6.0,반지하,3,False,SE,35.8399179068708,128.753084131462,경상북도 경산시 조영동,True,True,True,True,True,405.0,94.0,66.0,259.0,1762.0,100.0,146.0
47834110,70,17,5.0,19.85,7.0,3,3,False,E,35.8384280556348,128.757236901207,경상북도 경산시 조영동,True,True,True,True,True,462.0,263.0,73.0,118.0,2050.0,116.0,222.0
47834107,200,28,5.0,26.45,6.0,1,3,False,SE,35.8429280801075,128.755610114606,경상북도 경산시 조영동,True,True,True,True,True,780.0,151.0,76.0,377.0,2122.0,140.0,248.0
47834101,200,39,5.0,36.36,6.0,2,4,False,E,35.84126662566593,128.75759822733897,경상북도 경산시 압량읍 부적리,True,True,True,True,True,700.0,225.0,92.0,134.0,2193.0,41.0,110.0
47834100,70,17,5.0,26.45,6.0,3,3,False,E,35.8435549918902,128.753203588282,경상북도 경산시 조영동,True,True,True,True,True,810.0,276.0,301.0,554.0,1981.0,180.0,277.0
47834099,200,25,5.0,23.14,6.0,2,3,False,E,35.838725063147,128.753598381379,경상북도 경산시 조영동,True,True,True,True,True,280.0,53.0,40.0,142.0,1751.0,40.0,193.0
47834098,200,47,5.0,29.76,6.0,3,3,False,E,35.8388823282042,128.754016849471,경상북도 경산시 조영동,True,True,True,True,True,308.0,49.0,26.0,119.0,1792.0,54.0,210.0
47834095,100,23,5.0,26.44,6.0,3,3,False,E,35.8411681643322,128.7520005081445,경상북도 경산시 임당동,True,True,True,True,True,549.0,264.0,232.0,428.0,1743.0,31.0,168.0
47834091,100,20,5.0,26.45,6.0,2,4,False,SW,35.8380471062342,128.765120600279,경상북도 경산시 압량읍 신대리,True,True,True,True,True,1123.0,248.0,76.0,357.0,2728.0,87.0,80.0
47834088,200,23,5.0,26.45,6.0,2,4,False,S,35.8410516495897,128.758224198577,경상북도 경산시 압량읍 부적리,True,True,True,True,True,718.0,285.0,42.0,94.0,2235.0,49.0,52.0
47834085,150,28,5.0,26.45,7.0,2,3,False,E,35.8397815652292,128.7522565321,경상북도 경산시 조영동,True,True,True,True,True,393.0,140.0,124.0,306.0,1688.0,38.0,203.0
47834082,100,28,5.0,23.14,6.0,3,4,False,W,35.8401817579736,128.757037981394,경상북도 경산시 조영동,True,True,True,True,True,575.0,235.0,14.0,46.0,2099.0,82.0,97.0
47834079,100,23,5.0,26.44,6.0,3,3,False,E,35.839574379552445,128.75228860583343,경상북도 경산시 조영동,True,True,True,True,True,370.0,128.0,115.0,291.0,1680.0,19.0,218.0
47834076,100,25,5.0,23.14,7.0,2,3,False,E,35.8392456786841,128.752638724298,경상북도 경산시 조영동,True,True,True,True,True,331.0,90.0,68.0,245.0,1693.0,51.0,230.0
47834075,70,22,5.0,26.44,6.0,3,3,False,E,35.8394085706487,128.75306085859,경상북도 경산시 조영동,True,True,True,True,True,349.0,57.0,47.0,223.0,1736.0,52.0,198.0
47834072,100,23,5.0,26.44,6.0,2,3,False,E,35.83857217303779,128.7540283907432,경상북도 경산시 조영동,True,True,True,True,True,276.0,79.0,56.0,100.0,1781.0,75.0,176.0
47834067,100,23,5.0,26.44,6.0,2,4,False,E,35.84033082941843,128.75454521351983,경상북도 경산시 조영동,True,True,True,True,True,476.0,108.0,29.0,239.0,1900.0,122.0,103.0
47834066,200,25,5.0,26.44,6.0,1,3,False,S,35.8411130244437,128.753241470739,경상북도 경산시 임당동,True,True,True,True,True,539.0,180.0,155.0,361.0,1836.0,92.0,56.0
47834060,150,28,5.0,26.44,6.0,4,4,False,SE,35.83908753303081,128.75477457810248,경상북도 경산시 조영동,True,True,True,True,True,357.0,36.0,83.0,100.0,1864.0,109.0,235.0
47834056,100,30,5.0,23.14,7.0,1,3,False,E,35.839797029903,128.752944572847,경상북도 경산시 조영동,True,True,True,True,True,391.0,91.0,67.0,259.0,1744.0,82.0,164.0
47834052,200,35,5.0,23.14,6.0,2,3,False,E,35.8387121160599,128.752515652388,경상북도 경산시 대동,True,True,True,True,True,273.0,115.0,43.0,206.0,1660.0,29.0,223.0
47834051,50,15,5.0,26.44,6.0,3,3,False,E,35.8431742483161,128.755358555563,경상북도 경산시 조영동,True,True,True,True,True,799.0,173.0,111.0,411.0,2117.0,170.0,259.0
47834048,150,28,5.0,26.44,6.0,3,3,False,E,35.8425632535581,128.753392368451,경상북도 경산시 조영동,True,True,True,True,True,701.0,189.0,263.0,463.0,1932.0,75.0,166.0
47834044,100,20,5.0,23.14,6.0,2,4,False,SE,35.8381154476721,128.754728152999,경상북도 경산시 조영동,True,True,True,True,True,265.0,139.0,21.0,31.0,1824.0,107.0,143.0
47834039,200,30,5.0,26.44,6.0,2,3,False,W,35.8394776528494,128.753581859678,경상북도 경산시 조영동,True,True,True,True,True,362.0,31.0,0.0,193.0,1782.0,48.0,179.0
47834035,200,28,5.0,26.44,6.0,1,3,False,W,35.8406028435541,128.753992208087,경상북도 경산시 조영동,True,True,True,True,True,492.0,147.0,68.0,282.0,1869.0,154.0,53.0
47834029,70,15,5.0,23.14,6.0,3,3,False,SE,35.843278166185975,128.75067013383864,경상북도 경산시 임당동,True,True,False,True,True,803.0,340.0,104.0,687.0,1782.0,84.0,88.0
47834026,100,20,5.0,23.14,6.0,4,4,False,E,35.8384055518426,128.765281485417,경상북도 경산시 압량읍 신대리,True,True,True,True,True,1145.0,210.0,60.0,323.0,2750.0,50.0,86.0
47834024,80,17,5.0,26.44,6.0,3,4,False,SW,35.8425937033111,128.763342128028,경상북도 경산시 압량읍 신대리,True,True,True,True,True,1178.0,300.0,46.0,83.0,2727.0,45.0,72.0
47834015,100,17,5.0,23.14,6.0,2,4,False,SE,35.8399846055701,128.76423745217,경상북도 경산시 압량읍 신대리,True,True,False,True,True,1106.0,80.0,132.0,130.0,2704.0,60.0,77.0
47831943,200,31,9.0,35.0,6.0,3,3,False,SW,35.8251902087206,128.729352433852,경상북도 경산시 옥산동,True,False,False,True,True,989.0,239.0,121.0,371.0,1030.0,88.0,294.0
47831529,100,22,5.0,23.14,6.0,3,3,False,NW,35.8404342764239,128.752847705422,경상북도 경산시 조영동,True,True,True,True,True,462.0,154.0,125.0,316.0,1768.0,81.0,115.0
47829334,100,25,5.0,26.45,6.0,3,3,False,E,35.8401962786308,128.752786690187,경상북도 경산시 조영동,True,True,True,True,True,436.0,134.0,107.0,300.0,1751.0,99.0,137.0
47828375,200,26,9.0,49.59,14.0,3,4,False,SW,35.8393569350488,128.766441682465,경상북도 경산시 압량읍 신대리,True,False,False,True,True,1272.0,162.0,82.0,290.0,2877.0,78.0,56.0
47828368,100,19,9.0,36.36,6.0,2,4,False,SW,35.83116801224,128.74772565588,경상북도 경산시 계양동,True,True,True,True,True,683.0,714.0,105.0,806.0,1120.0,121.0,173.0
47828353,500,36,9.0,49.59,6.0,3,4,False,SW,35.8173600907947,128.758193196757,경상북도 경산시 사동,True,True,True,True,True,2158.0,250.0,81.0,453.0,2684.0,65.0,93.0
47828259,8000,0,10.0,34.0,6.0,1,3,False,S,35.8212326976741,128.755708252686,경상북도 경산시 삼풍동,True,True,True,True,True,1692.0,46.0,80.0,116.0,2242.0,84.0,103.0
47827850,200,30,10.0,37.5,6.0,3,4,False,S,35.8407397198678,128.755689039062,경상북도 경산시 조영동,True,True,True,True,True,558.0,110.0,22.0,174.0,2013.0,19.0,162.0
47827677,150,27,5.0,28.5,6.0,3,3,False,SE,35.8409805199581,128.753836842393,경상북도 경산시 조영동,True,True,True,True,True,530.0,138.0,111.0,326.0,1876.0,125.0,10.0
47827583,150,28,5.0,25.5,7.0,1,3,False,NW,35.8397970299037,128.752944572847,경상북도 경산시 조영동,True,True,True,True,True,391.0,91.0,67.0,259.0,1744.0,82.0,164.0
47825744,100,27,5.0,29.75,24.0,1,3,False,E,35.8396757827131,128.751891320114,경상북도 경산시 조영동,True,True,True,True,True,388.0,166.0,146.0,328.0,1653.0,33.0,235.0
47825010,300,36,9.0,25.5,6.0,3,4,False,SW,35.816529233864,128.761105316659,경상북도 경산시 사동,True,True,False,True,True,2318.0,171.0,41.0,598.0,2945.0,73.0,131.0
47822952,200,31,5.0,26.45,6.0,2,4,False,S,35.8382375042062,128.75924175123,경상북도 경산시 조영동,True,True,True,True,True,615.0,441.0,18.0,168.0,2217.0,59.0,203.0
47820645,200,31,9.0,49.56,6.0,4,4,False,SE,35.8308998462076,128.747458622594,경상북도 경산시 계양동,True,True,False,True,True,677.0,696.0,129.0,844.0,1102.0,155.0,184.0
47820483,100,19,9.0,33.05,6.0,4,4,False,NE,35.8325397127704,128.745785119436,경상북도 경산시 계양동,True,False,False,True,True,459.0,529.0,15.0,829.0,928.0,214.0,161.0
47819526,150,25,8.0,23.14,7.0,2,4,False,S,35.8378024582002,128.754433967554,경상북도 경산시 조영동,True,True,True,True,True,221.0,172.0,14.0,72.0,1788.0,63.0,103.0
47818673,300,40,10.0,30.0,6.0,2,4,True,S,35.8392882215578,128.756432833482,경상북도 경산시 조영동,True,True,True,True,True,465.0,170.0,14.0,92.0,2012.0,14.0,188.0
47818097,100,25,5.0,20.0,6.0,2,3,False,S,35.8398574463648,128.751044708729,경상북도 경산시 대동,True,True,True,True,True,430.0,245.0,208.0,387.0,1595.0,108.0,287.0
47816421,200,32,0.0,26.45,6.0,3,3,False,S,35.8388317018308,128.75313902133,경상북도 경산시 조영동,True,True,True,True,True,285.0,61.0,19.0,185.0,1717.0,38.0,212.0
47816351,300,36,9.0,49.56,6.0,2,4,False,N,35.8173600907954,128.758193196756,경상북도 경산시 사동,True,True,False,True,True,2158.0,250.0,81.0,453.0,2684.0,65.0,93.0
47816318,200,32,5.0,27.0,6.0,4,4,False,W,35.8396223612985,128.757048882309,경상북도 경산시 조영동,True,True,True,True,True,530.0,227.0,70.0,26.0,2077.0,80.0,121.0
47816132,1000,84,8.0,39.54,6.0,7,15,True,S,35.8336796787994,128.743877290366,경상북도 경산시 계양동,True,False,False,True,True,258.0,389.0,2.0,749.0,758.0,2.0,148.0
47815778,300,36,9.0,49.59,6.0,2,4,False,N,35.8173600907947,128.758193196757,경상북도 경산시 사동,True,True,True,True,True,2158.0,250.0,81.0,453.0,2684.0,65.0,93.0
47815701,100,16,9.0,39.67,6.0,2,4,False,E,35.8244812532493,128.739711572658,경상북도 경산시 중방동,True,True,True,True,True,1077.0,382.0,114.0,191.0,1019.0,71.0,61.0
47815498,100,25,5.0,27.0,6.0,1,4,False,W,35.8389367685516,128.759100710027,경상북도 경산시 조영동,True,True,True,True,True,636.0,413.0,97.0,113.0,2227.0,55.0,124.0
47810502,300,27,10.0,29.75,6.0,2,4,False,E,35.8309008541,128.708990291052,대구시 수성구 욱수동,True,True,False,True,True,892.0,110.0,69.0,200.0,1075.0,110.0,186.0
47810270,100,22,8.0,29.75,15.0,2,3,False,S,35.8398574463648,128.751044708729,경상북도 경산시 대동,True,True,True,True,True,430.0,245.0,208.0,387.0,1595.0,108.0,287.0
47810225,100,21,5.0,29.75,26.0,2,3,False,E,35.8408589934826,128.753735669256,경상북도 경산시 조영동,True,True,True,True,True,516.0,153.0,105.0,317.0,1861.0,133.0,26.0
47809530,200,34,0.0,26.44,6.0,3,4,False,S,35.8381181814194,128.752892687269,경상북도 경산시 대동,True,True,True,True,True,205.0,138.0,60.0,132.0,1667.0,48.0,149.0
47809519,200,31,5.0,29.8,6.0,2,3,False,S,35.8373442163176,128.751458465619,경상북도 경산시 대동,True,True,True,True,True,173.0,285.0,38.0,177.0,1517.0,105.0,215.0
47807576,200,15,10.0,29.75,6.0,3,3,False,W,35.8321202082554,128.703791313923,대구시 수성구 신매동,True,False,False,True,True,976.0,209.0,78.0,374.0,841.0,130.0,180.0
47806556,100,27,5.0,27.0,6.0,1,3,False,SE,35.838989834665,128.752936215772,경상북도 경산시 조영동,True,True,True,True,True,302.0,68.0,32.0,209.0,1707.0,47.0,235.0
47806386,200,20,10.0,29.75,6.0,2,4,False,S,35.8306797277263,128.705120385185,대구시 수성구 신매동,True,True,True,True,True,1131.0,197.0,112.0,379.0,1006.0,63.0,78.0
47806246,200,32,5.0,27.0,6.0,3,3,False,S,35.8386598910617,128.753933155839,경상북도 경산시 조영동,True,True,True,True,True,282.0,66.0,44.0,112.0,1776.0,62.0,185.0
47804081,200,30,10.0,27.0,6.0,3,4,False,SE,35.8388280970632,128.760121768393,경상북도 경산시 압량읍 부적리,True,True,True,True,True,714.0,472.0,117.0,204.0,2312.0,44.0,172.0
47803416,200,19,9.0,33.05,6.0,2,4,False,NE,35.8302819577524,128.705165541968,대구시 수성구 신매동,True,False,True,True,True,1187.0,236.0,148.0,403.0,1050.0,107.0,34.0
47803400,200,19,9.0,33.05,6.0,2,4,False,SW,35.8302558121753,128.706042493636,대구시 수성구 신매동,True,False,False,True,True,1129.0,223.0,84.0,349.0,1064.0,143.0,76.0
47799819,100,21,5.0,26.44,6.0,3,4,False,SW,35.8410480446987,128.75739895464,경상북도 경산시 압량읍 부적리,True,True,True,True,True,670.0,214.0,92.0,124.0,2167.0,33.0,104.0
47799389,150,28,5.0,20.0,7.0,2,3,False,SE,35.8378024582009,128.754433967554,경상북도 경산시 조영동,True,True,True,True,True,221.0,172.0,14.0,72.0,1788.0,63.0,103.0
47798997,100,27,0.0,26.44,6.0,3,3,False,SE,35.83897703938851,128.75123075529615,경상북도 경산시 대동,True,True,True,True,True,334.0,219.0,110.0,305.0,1566.0,98.0,319.0
47798965,100,25,5.0,29.75,6.0,2,3,False,E,35.84095127120123,128.7530316192216,경상북도 경산시 임당동,True,True,True,True,True,520.0,202.0,157.0,354.0,1811.0,72.0,76.0
47798955,200,27,5.0,29.75,6.0,1,3,False,E,35.8417980588533,128.753525483805,경상북도 경산시 조영동,True,True,True,True,True,617.0,147.0,206.0,402.0,1896.0,42.0,83.0
47798901,200,30,5.0,23.14,6.0,4,4,False,E,35.8395670517361,128.756542236264,경상북도 경산시 조영동,True,True,True,True,True,494.0,181.0,46.0,68.0,2032.0,46.0,162.0
47798897,100,27,5.0,23.14,6.0,2,3,False,W,35.8393915726948,128.753676025275,경상북도 경산시 조영동,True,True,True,True,True,354.0,21.0,13.0,180.0,1786.0,42.0,187.0
47798883,100,30,5.0,26.44,6.0,3,3,False,S,35.8390759800663,128.753461241684,경상북도 경산시 조영동,True,True,True,True,True,316.0,21.0,2.0,172.0,1754.0,2.0,224.0
47798879,70,17,5.0,29.75,6.0,2,3,False,E,35.8430808054287,128.747248176902,경상북도 경산시 임당동,True,True,True,True,True,910.0,96.0,140.0,882.0,1542.0,30.0,51.0
47796749,200,24,8.0,29.75,24.0,2,3,False,S,35.8418076399948,128.753523481299,경상북도 경산시 조영동,True,True,True,True,True,618.0,147.0,207.0,402.0,1897.0,41.0,84.0
47796544,100,25,5.0,34.0,6.0,3,4,False,S,35.823190757478,128.754708653194,경상북도 경산시 삼풍동,True,True,True,True,True,1465.0,173.0,118.0,252.0,2045.0,111.0,252.0
47793978,500,31,9.0,36.36,6.0,2,3,False,SW,35.8071214688538,128.753216246926,경상북도 경산시 사동,True,True,True,True,True,3194.0,499.0,212.0,500.0,3290.0,290.0,131.0
47793212,200,27,5.0,29.8,6.0,4,4,False,S,35.8387121922086,128.751521744344,경상북도 경산시 대동,True,True,True,True,True,296.0,199.0,74.0,265.0,1577.0,78.0,280.0
47793072,200,38,5.0,29.8,6.0,3,3,False,SE,35.8395600746942,128.753491376098,경상북도 경산시 조영동,True,True,True,True,True,370.0,42.0,12.0,205.0,1778.0,55.0,171.0
47792921,100,25,5.0,29.8,6.0,3,4,False,S,35.8383520873484,128.759472146022,경상북도 경산시 조영동,True,True,True,True,True,639.0,457.0,39.0,175.0,2241.0,35.0,194.0
47792776,500,41,9.0,52.89,11.0,3,4,False,SW,35.8153801847056,128.75458297417,경상북도 경산시 사동,True,True,True,True,True,2329.0,191.0,121.0,252.0,2606.0,38.0,191.0
47792701,100,27,5.0,20.0,6.0,1,3,False,W,35.8381763534472,128.750849942273,경상북도 경산시 대동,True,True,True,True,True,278.0,276.0,82.0,269.0,1498.0,43.0,296.0
47792461,150,31,5.0,36.36,6.0,3,3,False,SW,35.8406623834553,128.755215545202,경상북도 경산시 조영동,True,True,False,True,True,532.0,107.0,51.0,206.0,1971.0,60.0,125.0
47792421,100,30,0.0,29.8,7.0,2,3,False,SE,35.8393289124996,128.752541949718,경상북도 경산시 조영동,True,True,True,True,True,341.0,100.0,80.0,258.0,1689.0,39.0,227.0
47792378,150,28,0.0,29.8,6.0,3,4,False,SW,35.8386689234406,128.758481141697,경상북도 경산시 조영동,True,True,True,True,True,573.0,362.0,94.0,87.0,2165.0,104.0,159.0
47792346,150,30,5.0,29.8,6.0,3,3,False,SW,35.8417424315828,128.753422440646,경상북도 경산시 조영동,True,True,True,True,True,610.0,155.0,204.0,406.0,1885.0,37.0,83.0
47792324,150,25,5.0,25.0,12.0,3,4,False,SE,35.8401373164019,128.755849512546,경상북도 경산시 조영동,True,True,True,True,True,507.0,145.0,47.0,131.0,1998.0,47.0,203.0
47792277,100,22,5.0,23.0,7.0,2,4,False,SE,35.8396364764127,128.755997171813,경상북도 경산시 조영동,True,True,True,True,True,469.0,134.0,59.0,113.0,1989.0,31.0,203.0
47792226,50,17,5.0,29.8,6.0,3,3,False,S,35.8448068186837,128.757410621619,경상북도 경산시 압량읍 부적리,True,True,True,True,True,1033.0,350.0,189.0,518.0,2371.0,41.0,308.0
47792113,50,22,5.0,40.0,6.0,1,3,False,S,35.8436231184185,128.748863422573,경상북도 경산시 임당동,True,False,True,True,True,893.0,173.0,20.0,820.0,1687.0,58.0,143.0
47791981,100,20,5.0,29.8,6.0,2,3,False,S,35.8449313719771,128.757390902865,경상북도 경산시 압량읍 부적리,True,True,True,True,True,1046.0,345.0,183.0,532.0,2378.0,54.0,318.0
47790999,200,30,5.0,27.0,7.0,2,3,False,SE,35.8393289124996,128.752541949718,경상북도 경산시 조영동,True,True,True,True,True,341.0,100.0,80.0,258.0,1689.0,39.0,227.0
47789864,100,25,5.0,30.0,6.0,2,3,False,S,35.8212893435649,128.756228640919,경상북도 경산시 삼풍동,True,True,True,True,True,1694.0,69.0,118.0,163.0,2276.0,55.0,136.0
47789855,300,30,8.0,30.0,6.0,2,4,False,S,35.8224885863748,128.757977150293,경상북도 경산시 삼풍동,True,True,True,True,True,1601.0,275.0,235.0,360.0,2338.0,166.0,342.0
47789417,30,10,6.0,49.58,6.0,1,3,False,S,35.842186310850295,128.7499068387001,경상북도 경산시 임당동,True,True,False,True,True,709.0,327.0,37.0,640.0,1652.0,71.0,47.0
47788480,50,15,5.0,26.44,6.0,2,3,False,E,35.8430215111795,128.755500172089,경상북도 경산시 조영동,True,True,True,True,True,787.0,159.0,90.0,391.0,2119.0,152.0,251.0
47787120,100,27,5.0,45.0,6.0,2,4,False,SW,35.8428263094505,128.758095704825,경상북도 경산시 압량읍 부적리,True,True,True,True,True,868.0,298.0,164.0,292.0,2311.0,94.0,181.0
47787074,50,17,5.0,29.8,6.0,2,3,False,S,35.8436231184185,128.748863422573,경상북도 경산시 임당동,True,True,True,True,True,893.0,173.0,20.0,820.0,1687.0,58.0,143.0
47786690,100,20,5.0,26.0,6.0,4,4,False,S,35.8394183312754,128.764158287098,경상북도 경산시 압량읍 신대리,True,True,True,True,True,1077.0,125.0,125.0,193.0,2680.0,78.0,116.0
47786541,100,27,5.0,29.8,6.0,2,4,False,S,35.8406849670364,128.757098108991,경상북도 경산시 압량읍 부적리,True,True,True,True,True,622.0,205.0,52.0,99.0,2126.0,43.0,100.0
47786509,100,22,5.0,29.8,6.0,3,3,False,S,35.8425321797142,128.753533346217,경상북도 경산시 조영동,True,True,True,True,True,698.0,176.0,250.0,451.0,1940.0,77.0,159.0
47786270,100,30,0.0,29.8,14.0,2,4,False,SW,35.8383520873484,128.759472146022,경상북도 경산시 조영동,True,True,True,True,True,639.0,457.0,39.0,175.0,2241.0,35.0,194.0
47784341,200,32,5.0,27.0,6.0,2,4,False,SW,35.8396223612985,128.757048882309,경상북도 경산시 조영동,True,True,True,True,True,530.0,227.0,70.0,26.0,2077.0,80.0,121.0
47780244,100,25,7.0,20.0,6.0,3,4,False,E,35.8408197089072,128.755382805088,경상북도 경산시 조영동,True,True,True,True,True,554.0,92.0,45.0,202.0,1992.0,41.0,133.0
47777156,200,28,5.0,20.0,6.0,4,4,False,W,35.8387364479259,128.751545407325,경상북도 경산시 대동,True,True,True,True,True,298.0,196.0,76.0,266.0,1580.0,79.0,280.0
47776912,100,27,5.0,20.0,6.0,2,3,False,W,35.8389804903939,128.751216554929,경상북도 경산시 대동,True,True,True,True,True,335.0,220.0,111.0,306.0,1565.0,98.0,321.0
47776842,100,20,5.0,29.8,6.0,4,4,False,S,35.8390799865801,128.766296873376,경상북도 경산시 압량읍 신대리,True,True,True,True,True,1251.0,175.0,95.0,304.0,2857.0,48.0,36.0
47776780,200,33,5.0,20.0,6.0,2,4,False,W,35.8404779001754,128.756894002318,경상북도 경산시 조영동,True,True,True,True,True,592.0,203.0,26.0,81.0,2100.0,69.0,110.0
47776585,100,23,5.0,29.8,6.0,3,3,False,S,35.8395735526315,128.752289694324,경상북도 경산시 조영동,True,True,True,True,True,370.0,128.0,115.0,291.0,1680.0,19.0,218.0
47776571,150,25,5.0,29.8,6.0,1,3,False,S,35.8396658918377,128.752760963793,경상북도 경산시 조영동,True,True,True,True,True,377.0,94.0,77.0,262.0,1723.0,61.0,185.0
47776537,200,31,0.0,29.8,6.0,2,4,False,SW,35.8404779001754,128.756894002318,경상북도 경산시 조영동,True,True,True,True,True,592.0,203.0,26.0,81.0,2100.0,69.0,110.0
47776493,200,25,5.0,29.8,13.0,2,5,True,S,35.841625403102,128.758512990787,경상북도 경산시 압량읍 부적리,True,True,True,True,True,783.0,304.0,107.0,159.0,2285.0,50.0,59.0
47776444,200,28,5.0,26.44,6.0,2,3,False,SW,35.8393039567616,128.752924536222,경상북도 경산시 조영동,True,True,True,True,True,337.0,65.0,55.0,226.0,1720.0,55.0,213.0
47776425,100,30,5.0,29.8,6.0,2,3,False,S,35.8396757827131,128.751891320114,경상북도 경산시 조영동,True,True,True,True,True,388.0,166.0,146.0,328.0,1653.0,33.0,235.0
47776410,200,33,5.0,45.0,6.0,2,4,True,S,35.8428592104078,128.758335154264,경상북도 경산시 압량읍 부적리,True,True,False,True,True,883.0,319.0,186.0,295.0,2332.0,90.0,160.0
47775605,200,33,5.0,28.0,6.0,3,4,False,S,35.8399179068708,128.753084131462,경상북도 경산시 조영동,True,True,True,True,True,405.0,94.0,66.0,259.0,1762.0,100.0,146.0
47775450,100,27,5.0,23.14,7.0,1,4,False,S,35.8378024582002,128.754433967554,경상북도 경산시 조영동,True,True,True,True,True,221.0,172.0,14.0,72.0,1788.0,63.0,103.0
47774751,200,30,7.0,34.0,6.0,1,3,False,S,35.8208633302518,128.755942314591,경상북도 경산시 삼풍동,True,True,True,True,True,1736.0,20.0,71.0,133.0,2283.0,108.0,84.0
47774288,70,18,7.0,19.83,7.0,2,3,False,SW,35.8293214585443,128.739881199876,경상북도 경산시 중방동,True,True,True,True,True,543.0,180.0,143.0,359.0,567.0,214.0,196.0
47774231,200,40,5.0,20.0,6.0,1,3,False,W,35.8389684806623,128.75269515277,경상북도 경산시 조영동,True,True,True,True,True,300.0,89.0,40.0,223.0,1686.0,48.0,240.0
47774108,100,28,5.0,20.0,6.0,2,3,False,W,35.8412605469108,128.757594883716,경상북도 경산시 압량읍 부적리,True,True,True,True,True,700.0,225.0,91.0,133.0,2193.0,41.0,110.0
47773407,200,40,5.0,20.0,6.0,2,3,False,W,35.8393226755748,128.753160894204,경상북도 경산시 조영동,True,True,True,True,True,340.0,45.0,39.0,210.0,1740.0,39.0,204.0
47773339,200,30,3.0,20.0,6.0,2,4,False,W,35.8407867376246,128.755141590639,경상북도 경산시 조영동,True,True,True,True,True,542.0,93.0,62.0,218.0,1971.0,63.0,113.0
47773179,4500,0,5.0,26.45,6.0,3,3,False,E,35.83902076655612,128.75193999493786,경상북도 경산시 대동,True,True,True,True,True,316.0,154.0,101.0,264.0,1626.0,52.0,280.0
47773099,200,30,5.0,20.0,6.0,2,3,False,W,35.8406028435541,128.753992208087,경상북도 경산시 조영동,True,True,True,True,True,492.0,147.0,68.0,282.0,1869.0,154.0,53.0
47771884,100,25,5.0,26.45,6.0,3,3,False,S,35.8385750023731,128.754032105073,경상북도 경산시 조영동,True,True,True,True,True,277.0,78.0,56.0,100.0,1781.0,75.0,176.0
47771844,100,25,5.0,30.0,6.0,2,4,False,S,35.8208147397051,128.755184998559,경상북도 경산시 삼풍동,True,True,True,True,True,1732.0,49.0,21.0,66.0,2231.0,66.0,46.0
47771058,200,28,5.0,33.05,14.0,4,4,False,S,35.8387143682521,128.751533191002,경상북도 경산시 대동,True,True,True,True,True,296.0,197.0,73.0,265.0,1578.0,77.0,279.0
47769157,100,23,5.0,30.0,6.0,1,3,False,S,35.8230278037711,128.755080930718,경상북도 경산시 삼풍동,True,True,True,True,True,1487.0,197.0,89.0,239.0,2083.0,77.0,270.0
47768676,100,23,6.0,23.14,6.0,2,4,False,S,35.8307521424169,128.747453059479,경상북도 경산시 계양동,True,True,True,True,True,686.0,700.0,138.0,857.0,1105.0,164.0,181.0
47767761,200,30,5.0,33.05,11.0,4,4,False,S,35.8405656533684,128.756210997979,경상북도 경산시 조영동,True,True,True,True,True,565.0,152.0,41.0,126.0,2047.0,47.0,173.0
47767626,100,25,5.0,33.06,24.0,1,3,False,S,35.8409511039156,128.753030730161,경상북도 경산시 임당동,True,True,True,True,True,520.0,202.0,157.0,354.0,1810.0,72.0,76.0
47767541,100,25,5.0,33.06,23.0,2,3,False,E,35.8422054255653,128.751155317314,경상북도 경산시 임당동,True,True,True,True,True,677.0,365.0,108.0,566.0,1743.0,0.0,117.0
47767379,100,23,5.0,26.45,,1,3,False,E,35.8396364764134,128.755997171813,경상북도 경산시 조영동,True,True,True,True,True,469.0,134.0,59.0,113.0,1989.0,31.0,203.0
47766211,200,30,5.0,26.45,6.0,3,4,True,S,35.8391852508878,128.758433000592,경상북도 경산시 조영동,True,True,True,True,True,598.0,350.0,143.0,47.0,2178.0,70.0,106.0
47764812,200,26,9.0,25.5,6.0,4,4,False,SW,35.8379011490158,128.765278386044,경상북도 경산시 압량읍 신대리,True,True,False,True,True,1134.0,265.0,70.0,377.0,2738.0,93.0,101.0
47764801,150,25,5.0,27.0,6.0,3,4,False,SW,35.8390834877691,128.759979448065,경상북도 경산시 압량읍 부적리,True,True,True,True,True,714.0,476.0,132.0,185.0,2307.0,62.0,142.0
47763711,200,35,5.0,20.1,6.0,3,3,False,SW,35.8395600746942,128.753491376098,경상북도 경산시 조영동,True,True,True,True,True,370.0,42.0,12.0,205.0,1778.0,55.0,171.0
47763623,200,30,5.0,27.0,6.0,3,3,False,W,35.8408817488998,128.753960832477,경상북도 경산시 조영동,True,True,True,True,True,522.0,135.0,97.0,312.0,1880.0,135.0,23.0
47763502,150,28,5.0,22.5,7.0,3,3,False,S,35.8402857670629,128.753193823108,경상북도 경산시 조영동,True,True,True,True,True,447.0,127.0,97.0,284.0,1789.0,115.0,106.0
47758696,200,40,5.0,26.44,6.0,2,3,False,E,35.83914658974855,128.7539392244491,경상북도 경산시 조영동,True,True,True,True,True,334.0,28.0,15.0,144.0,1797.0,45.0,214.0
47758108,200,30,7.0,23.14,7.0,2,3,False,E,35.8386598910617,128.753933155839,경상북도 경산시 조영동,True,True,True,True,True,282.0,66.0,44.0,112.0,1776.0,62.0,185.0
47758024,200,30,7.0,27.0,6.0,4,4,False,SW,35.8409524353182,128.756665752015,경상북도 경산시 조영동,True,True,True,True,True,623.0,157.0,82.0,138.0,2102.0,75.0,148.0
47756795,200,31,5.0,27.0,6.0,4,4,False,SW,35.8388317018315,128.75313902133,경상북도 경산시 조영동,True,True,True,True,True,285.0,61.0,19.0,185.0,1717.0,38.0,212.0
47756759,100,25,5.0,29.75,6.0,2,4,False,SE,35.8208147397044,128.755184998559,경상북도 경산시 삼풍동,True,True,True,True,True,1732.0,49.0,21.0,66.0,2231.0,66.0,46.0
47752991,6000,0,10.0,33.1,6.0,2,4,False,SE,35.8398100288197,128.762434433632,경상북도 경산시 압량읍 부적리,True,True,True,True,True,949.0,241.0,39.0,198.0,2543.0,202.0,68.0
47752938,200,30,5.0,30.0,6.0,2,4,False,SW,35.8379011490158,128.765278386044,경상북도 경산시 압량읍 신대리,True,True,True,True,True,1134.0,265.0,70.0,377.0,2738.0,93.0,101.0
47752931,300,35,10.0,27.0,6.0,2,4,True,SE,35.8383084411914,128.758945069379,경상북도 경산시 조영동,True,True,True,True,True,593.0,413.0,36.0,144.0,2194.0,79.0,193.0
47752911,300,40,10.0,27.0,6.0,2,4,False,SW,35.8378716545081,128.752563893814,경상북도 경산시 대동,True,True,True,True,True,179.0,177.0,51.0,134.0,1630.0,56.0,148.0
47752540,200,26,9.0,23.14,6.0,2,4,False,SW,35.8401097306666,128.756300327019,경상북도 경산시 조영동,True,True,True,True,True,527.0,178.0,57.0,91.0,2034.0,70.0,164.0
47752539,200,23,5.0,25.5,6.0,2,4,False,SW,35.8194666384794,128.736840731336,경상북도 경산시 삼북동,True,False,False,True,True,1672.0,72.0,124.0,140.0,1508.0,228.0,128.0
47752526,200,25,5.0,25.5,6.0,3,4,False,SW,35.8152282650315,128.761548879793,경상북도 경산시 사동,True,True,False,True,True,2468.0,168.0,119.0,478.0,3068.0,176.0,199.0
47752462,200,31,9.0,49.58,6.0,4,4,False,SE,35.8308998462069,128.747458622594,경상북도 경산시 계양동,True,True,True,True,True,677.0,696.0,129.0,844.0,1102.0,155.0,184.0
47751886,150,27,5.0,20.1,7.0,1,3,False,NE,35.8397815652299,128.7522565321,경상북도 경산시 조영동,True,True,True,True,True,393.0,140.0,124.0,306.0,1688.0,38.0,203.0
47751474,50,19,5.0,20.1,6.0,3,3,False,SW,35.8430124816927,128.754958666691,경상북도 경산시 조영동,True,True,True,True,True,773.0,155.0,132.0,412.0,2077.0,155.0,227.0
47750988,300,45,0.0,40.0,6.0,4,4,False,S,35.8386203543511,128.760216336297,경상북도 경산시 압량읍 부적리,True,True,True,True,True,713.0,473.0,109.0,219.0,2313.0,41.0,196.0
47750881,500,50,5.0,40.0,6.0,4,4,False,SW,35.8395670517369,128.756542236264,경상북도 경산시 조영동,True,True,True,True,True,494.0,181.0,46.0,68.0,2032.0,46.0,162.0
47750534,100,25,3.0,28.5,6.0,3,3,False,E,35.8411683218783,128.752002061,경상북도 경산시 임당동,True,True,True,True,True,549.0,264.0,232.0,428.0,1743.0,31.0,168.0
47750516,500,42,8.0,37.5,6.0,2,4,False,S,35.8153801847063,128.75458297417,경상북도 경산시 사동,True,True,True,True,True,2329.0,191.0,121.0,252.0,2606.0,38.0,191.0
47749810,100,20,8.0,20.0,6.0,3,3,False,S,35.8418565810814,128.750346600252,경상북도 경산시 임당동,True,True,True,True,True,660.0,380.0,78.0,586.0,1661.0,83.0,90.0
47749602,100,24,5.0,30.0,6.0,3,4,False,S,35.8234871028861,128.753871606094,경상북도 경산시 삼풍동,True,True,True,True,True,1425.0,139.0,173.0,289.0,1964.0,188.0,225.0
47748812,300,27,9.0,40.0,6.0,3,4,True,S,35.8280677151368,128.737490156119,경상북도 경산시 중방동,True,True,True,True,True,745.0,118.0,97.0,136.0,576.0,32.0,240.0
47748752,100,19,9.0,39.67,6.0,4,4,False,S,35.8325397127697,128.745785119437,경상북도 경산시 계양동,True,True,True,True,True,459.0,529.0,15.0,829.0,928.0,214.0,161.0
47748745,500,26,9.0,40.0,6.0,2,4,False,S,35.828833901731,128.739822198253,경상북도 경산시 중방동,True,True,True,True,True,597.0,175.0,191.0,315.0,604.0,195.0,244.0
47748726,200,31,9.0,33.05,6.0,2,4,True,S,35.8149696639782,128.755685157312,경상북도 경산시 사동,True,True,False,True,True,2383.0,82.0,58.0,250.0,2706.0,148.0,123.0
47748676,200,26,9.0,39.67,6.0,2,4,False,S,35.8203416977442,128.732879090393,경상북도 경산시 중방동,True,True,False,True,True,1578.0,93.0,86.0,219.0,1426.0,205.0,174.0
47748630,100,15,9.0,39.67,6.0,1,3,False,SE,35.815826834409,128.763923521216,경상북도 경산시 사동,True,True,False,True,True,2483.0,367.0,196.0,654.0,3194.0,334.0,107.0
47747401,200,35,5.0,26.45,6.0,1,4,False,E,35.8385243350281,128.757628464729,경상북도 경산시 조영동,True,True,True,True,True,497.0,292.0,109.0,93.0,2087.0,137.0,202.0
47747374,150,31,5.0,27.0,6.0,2,3,False,SE,35.8388113370622,128.754342753277,경상북도 경산시 조영동,True,True,True,True,True,312.0,64.0,54.0,92.0,1817.0,85.0,207.0
47746505,200,37,5.0,26.45,6.0,2,4,False,SW,35.8398192414954,128.755083308001,경상북도 경산시 조영동,True,True,True,True,True,442.0,70.0,46.0,178.0,1921.0,54.0,177.0
47743061,50,15,5.0,20.1,6.0,2,3,False,SE,35.8415058375031,128.752925627447,경상북도 경산시 임당동,True,True,True,True,True,581.0,200.0,206.0,413.0,1833.0,50.0,97.0
47742467,300,45,5.0,40.0,6.0,2,4,True,S,35.8392882215578,128.756432833482,경상북도 경산시 조영동,True,True,True,True,True,465.0,170.0,14.0,92.0,2012.0,14.0,188.0
47742052,100,30,5.0,26.44,6.0,3,3,False,W,35.839138815754886,128.75249593451022,경상북도 경산시 조영동,True,True,True,True,True,320.0,103.0,66.0,248.0,1677.0,48.0,247.0
47741934,150,29,5.0,23.14,7.0,2,3,False,W,35.8385858757984,128.755058456559,경상북도 경산시 조영동,True,True,True,True,True,324.0,97.0,22.0,41.0,1869.0,134.0,203.0
47741781,300,24,9.0,33.05,7.0,2,4,False,SW,35.8243794568835,128.723645511913,경상북도 경산시 옥산동,True,True,False,True,True,1156.0,199.0,89.0,126.0,1200.0,72.0,154.0
47741252,500,41,9.0,49.58,6.0,4,4,False,S,35.8158668008986,128.762956229171,경상북도 경산시 사동,True,True,False,True,True,2445.0,296.0,120.0,604.0,3122.0,248.0,109.0
47741138,100,17,9.0,33.05,6.0,2,3,False,S,35.8158268344098,128.763923521215,경상북도 경산시 사동,True,True,False,True,True,2483.0,367.0,196.0,654.0,3194.0,334.0,107.0
47741125,100,15,9.0,33.05,6.0,1,3,False,S,35.8158268344098,128.763923521215,경상북도 경산시 사동,True,True,False,True,True,2483.0,367.0,196.0,654.0,3194.0,334.0,107.0
47741053,100,19,9.0,33.05,6.0,3,4,False,SW,35.8158268344098,128.763923521215,경상북도 경산시 사동,True,True,True,True,True,2483.0,367.0,196.0,654.0,3194.0,334.0,107.0
47741026,500,45,10.0,45.0,6.0,3,4,False,SW,35.8372289660543,128.751736359274,경상북도 경산시 대동,True,True,True,True,True,146.0,279.0,49.0,149.0,1537.0,107.0,188.0
47741004,200,32,10.0,30.0,6.0,3,4,True,SW,35.8409388484148,128.755745886485,경상북도 경산시 조영동,True,True,True,True,True,580.0,94.0,43.0,185.0,2027.0,12.0,162.0
47740784,100,14,9.0,25.5,29.0,2,3,False,SE,35.826012000758,128.728327935789,경상북도 경산시 옥산동,True,True,False,True,True,894.0,364.0,24.0,241.0,1011.0,121.0,199.0
47739507,200,25,10.0,29.75,6.0,3,4,False,E,35.84416333999101,128.69625463138928,대구시 수성구 시지동,True,False,False,True,True,300.0,34.0,34.0,72.0,118.0,195.0,187.0
47737313,70,19,5.0,20.1,6.0,1,3,False,SE,35.8435975057204,128.752976423364,경상북도 경산시 조영동,True,True,True,True,True,814.0,293.0,293.0,571.0,1967.0,185.0,287.0
47737232,70,15,5.0,20.1,6.0,2,3,False,SW,35.8440733879429,128.752124071925,경상북도 경산시 조영동,True,True,True,True,True,869.0,385.0,258.0,662.0,1939.0,203.0,245.0
47736702,70,16,5.0,20.1,6.0,1,3,False,SW,35.8432956103835,128.752718326191,경상북도 경산시 임당동,True,True,True,True,True,781.0,287.0,259.0,563.0,1929.0,155.0,255.0
47736553,70,23,5.0,20.1,6.0,2,3,False,SE,35.8406769754407,128.752598835704,경상북도 경산시 임당동,True,True,True,True,True,490.0,189.0,160.0,352.0,1762.0,46.0,122.0
47736345,200,32,5.0,27.0,6.0,3,4,False,W,35.8392217870554,128.759495008596,경상북도 경산시 압량읍 부적리,True,True,True,True,True,682.0,446.0,130.0,140.0,2270.0,39.0,105.0
47729723,200,21,9.0,28.0,16.0,2,4,False,SW,35.8305119648581,128.730394458983,경상북도 경산시 정평동,True,True,False,True,True,434.0,201.0,109.0,296.0,537.0,56.0,204.0
47728286,100,28,5.0,23.14,6.0,3,3,False,E,35.8390759800663,128.753461241684,경상북도 경산시 조영동,True,True,True,True,True,316.0,21.0,2.0,172.0,1754.0,2.0,224.0
47727812,200,25,5.0,26.45,7.0,4,4,False,S,35.8379224373469,128.754239954949,경상북도 경산시 조영동,True,True,True,True,True,221.0,153.0,1.0,80.0,1775.0,67.0,110.0
47727722,150,29,0.0,23.14,6.0,2,3,False,SE,35.8388113370622,128.754342753277,경상북도 경산시 조영동,True,True,True,True,True,312.0,64.0,54.0,92.0,1817.0,85.0,207.0
47727361,200,30,5.0,40.0,6.0,4,4,False,SW,35.8314500261897,128.748694455965,경상북도 경산시 계양동,True,True,True,True,True,655.0,796.0,13.0,728.0,1201.0,28.0,129.0
47724949,200,27,5.0,27.0,6.0,3,4,False,S,35.8395157336913,128.760639068462,경상북도 경산시 압량읍 부적리,True,True,True,True,True,789.0,406.0,116.0,224.0,2379.0,133.0,164.0
47724940,200,30,13.0,25.5,6.0,2,3,False,NE,35.8393274548845,128.750769223076,경상북도 경산시 대동,True,True,True,True,True,388.0,259.0,165.0,361.0,1545.0,124.0,339.0
47722086,150,28,7.0,29.75,11.0,2,3,False,S,35.838827603984,128.754715952571,경상북도 경산시 조영동,True,True,True,True,True,329.0,61.0,63.0,74.0,1849.0,117.0,219.0
47719055,100,18,9.0,33.06,24.0,3,3,False,SW,35.8164702840775,128.762618412947,경상북도 경산시 사동,True,True,True,True,True,2372.0,284.0,82.0,645.0,3057.0,209.0,37.0
47718679,200,27,8.0,20.0,6.0,2,3,False,S,35.8408817488998,128.753960832477,경상북도 경산시 조영동,True,True,True,True,True,522.0,135.0,97.0,312.0,1880.0,135.0,23.0
47717058,300,42,8.0,30.0,6.0,2,4,False,W,35.8378716545081,128.752563893814,경상북도 경산시 대동,True,True,True,True,True,179.0,177.0,51.0,134.0,1630.0,56.0,148.0
47716657,2000,31,9.0,27.6,6.0,2,4,False,S,35.8169309303019,128.72776526796,경상북도 경산시 옥곡동,True,False,False,True,True,1904.0,211.0,232.0,342.0,1917.0,278.0,187.0
47715085,200,31,0.0,39.67,6.0,2,4,True,S,35.8149696639775,128.755685157312,경상북도 경산시 사동,True,True,False,True,True,2383.0,82.0,58.0,250.0,2706.0,148.0,123.0
47713697,200,33,9.0,29.75,11.0,3,4,True,W,35.840982468128,128.755831843447,경상북도 경산시 조영동,True,True,True,True,True,588.0,95.0,49.0,182.0,2036.0,13.0,169.0
47713675,150,33,5.0,27.0,6.0,2,4,False,SW,35.8410557143652,128.755610898279,경상북도 경산시 조영동,True,True,True,True,True,587.0,76.0,58.0,202.0,2022.0,29.0,149.0
47713659,200,37,5.0,27.0,6.0,3,4,False,SE,35.8409388484141,128.755745886485,경상북도 경산시 조영동,True,True,True,True,True,580.0,94.0,43.0,185.0,2027.0,12.0,162.0
47713640,200,30,0.0,27.5,6.0,4,4,False,E,35.8388993179307,128.758925912597,경상북도 경산시 조영동,True,True,True,True,True,620.0,397.0,96.0,100.0,2211.0,62.0,128.0
47713635,150,30,5.0,33.05,26.0,3,3,False,S,35.8408589934826,128.753735669256,경상북도 경산시 조영동,True,True,True,True,True,516.0,153.0,105.0,317.0,1861.0,133.0,26.0
47713626,200,31,5.0,27.0,7.0,1,3,False,NW,35.838657159848,128.75392889032,경상북도 경산시 조영동,True,True,True,True,True,282.0,66.0,45.0,112.0,1776.0,62.0,185.0
47713593,200,32,0.0,26.45,6.0,3,4,False,S,35.8395527876078,128.756802879509,경상북도 경산시 조영동,True,True,True,True,True,509.0,204.0,58.0,48.0,2053.0,58.0,143.0
47713570,200,37,10.0,40.0,6.0,3,4,False,SW,35.8386709827854,128.757465920057,경상북도 경산시 조영동,True,True,True,True,True,493.0,273.0,99.0,84.0,2078.0,116.0,190.0
47713495,100,29,5.0,29.75,,2,3,False,W,35.8378143531169,128.751506539883,경상북도 경산시 대동,True,True,True,True,True,210.0,247.0,37.0,197.0,1538.0,62.0,226.0
47712746,200,35,10.0,27.0,6.0,1,3,False,SE,35.8395802688636,128.752860895366,경상북도 경산시 조영동,True,True,True,True,True,367.0,82.0,66.0,249.0,1727.0,67.0,188.0
47711348,200,28,5.0,27.0,6.0,2,4,True,W,35.8400713261704,128.759110051194,경상북도 경산시 압량읍 부적리,True,True,True,True,True,704.0,397.0,78.0,75.0,2268.0,71.0,16.0
47711271,200,32,10.0,40.0,6.0,2,4,False,S,35.8399098694701,128.754437223397,경상북도 경산시 조영동,True,True,True,True,True,428.0,62.0,20.0,196.0,1872.0,114.0,139.0
47707969,200,33,0.0,30.0,6.0,4,4,False,W,35.8382044997829,128.754782238973,경상북도 경산시 조영동,True,True,True,True,True,276.0,130.0,20.0,24.0,1831.0,118.0,154.0
47707837,200,35,0.0,30.0,6.0,2,4,False,W,35.8402135342987,128.75631921638,경상북도 경산시 조영동,True,True,True,True,True,538.0,185.0,53.0,95.0,2040.0,79.0,161.0
47707343,200,38,0.0,30.0,6.0,3,4,True,W,35.8392882215578,128.756432833482,경상북도 경산시 조영동,True,True,True,True,True,465.0,170.0,14.0,92.0,2012.0,14.0,188.0
47707306,300,42,8.0,40.0,6.0,2,4,True,SE,35.8392882215578,128.756432833482,경상북도 경산시 조영동,True,True,True,True,True,465.0,170.0,14.0,92.0,2012.0,14.0,188.0
47706321,200,30,0.0,30.0,6.0,3,4,False,E,35.8405656533684,128.756210997979,경상북도 경산시 조영동,True,True,True,True,True,565.0,152.0,41.0,126.0,2047.0,47.0,173.0
47706310,200,28,0.0,19.83,6.0,3,4,False,SW,35.840091324207,128.759578183537,경상북도 경산시 압량읍 부적리,True,True,True,True,True,740.0,435.0,42.0,116.0,2309.0,83.0,58.0
47706191,200,24,5.0,19.83,6.0,3,4,False,SW,35.837721345709,128.757911649358,경상북도 경산시 조영동,True,True,True,True,True,483.0,353.0,124.0,178.0,2087.0,191.0,275.0
47705931,500,36,9.0,49.59,6.0,3,4,False,S,35.8174412187687,128.75808667108,경상북도 경산시 사동,True,True,False,True,True,2147.0,263.0,94.0,443.0,2671.0,69.0,104.0
47705819,200,36,0.0,30.0,7.0,1,3,False,S,35.8386598910617,128.753933155839,경상북도 경산시 조영동,True,True,True,True,True,282.0,66.0,44.0,112.0,1776.0,62.0,185.0
47705731,100,27,5.0,29.8,6.0,3,4,False,SE,35.8394972694718,128.756193307234,경상북도 경산시 조영동,True,True,True,True,True,468.0,149.0,38.0,100.0,2000.0,38.0,194.0
47705661,200,35,5.0,40.0,6.0,2,3,False,SE,35.8428497159164,128.748700239429,경상북도 경산시 임당동,True,True,True,True,True,821.0,195.0,88.0,770.0,1617.0,46.0,117.0
47705330,100,22,5.0,27.0,6.0,2,3,False,E,35.8413709870081,128.751668195445,경상북도 경산시 임당동,True,True,True,True,True,576.0,299.0,195.0,465.0,1729.0,68.0,200.0
47705253,200,25,5.0,27.0,6.0,1,3,False,W,35.8428497159164,128.748700239429,경상북도 경산시 임당동,True,True,True,True,True,821.0,195.0,88.0,770.0,1617.0,46.0,117.0
47704739,200,33,5.0,27.0,6.0,3,4,True,SE,35.8392882215578,128.756432833482,경상북도 경산시 조영동,True,True,True,True,True,465.0,170.0,14.0,92.0,2012.0,14.0,188.0
47703562,100,20,5.0,27.0,6.0,3,3,False,S,35.8225547050177,128.75613613992,경상북도 경산시 삼풍동,True,True,True,True,True,1554.0,196.0,75.0,234.0,2192.0,61.0,254.0
47702892,200,35,7.0,25.0,6.0,2,4,True,W,35.8398192414954,128.755083308001,경상북도 경산시 조영동,True,True,True,True,True,442.0,70.0,46.0,178.0,1921.0,54.0,177.0
47699938,300,26,9.0,39.67,6.0,2,4,False,S,35.814678552992,128.753589965468,경상북도 경산시 사동,True,True,False,True,True,2403.0,215.0,86.0,260.0,2608.0,110.0,94.0
47699868,200,25,5.0,27.0,6.0,4,4,False,SW,35.8405656533684,128.756210997979,경상북도 경산시 조영동,True,True,True,True,True,565.0,152.0,41.0,126.0,2047.0,47.0,173.0
47699794,100,25,5.0,34.0,6.0,2,3,False,S,35.8215002216798,128.75540124409,경상북도 경산시 삼풍동,True,True,True,True,True,1659.0,81.0,42.0,105.0,2202.0,65.0,124.0
47698447,100,23,5.0,20.1,6.0,3,3,False,SE,35.8425321797142,128.753533346217,경상북도 경산시 조영동,True,True,True,True,True,698.0,176.0,250.0,451.0,1940.0,77.0,159.0
47697655,200,30,9.0,25.0,6.0,3,4,False,S,35.8389685278027,128.758550172723,경상북도 경산시 조영동,True,False,True,True,True,594.0,363.0,116.0,67.0,2181.0,74.0,125.0
47696113,100,25,5.0,23.14,6.0,2,3,False,NW,35.8387264464304,128.754441812874,경상북도 경산시 조영동,True,True,True,True,True,308.0,71.0,67.0,79.0,1822.0,96.0,201.0
47696037,100,23,5.0,20.1,6.0,3,3,False,NE,35.8404514769857,128.753410400474,경상북도 경산시 조영동,True,True,True,True,True,467.0,140.0,99.0,289.0,1814.0,120.0,80.0
47695896,100,17,5.0,20.1,7.0,3,3,False,SE,35.8399191547025,128.75240564293,경상북도 경산시 조영동,True,True,True,True,True,407.0,137.0,117.0,304.0,1707.0,57.0,183.0
47692571,200,26,9.0,33.05,6.0,2,4,False,W,35.8324896973947,128.745983763936,경상북도 경산시 계양동,True,True,True,True,True,478.0,547.0,10.0,818.0,946.0,232.0,168.0
47692559,100,21,9.0,39.67,6.0,3,4,False,S,35.8309654695208,128.748281028699,경상북도 경산시 계양동,True,True,False,True,True,720.0,767.0,79.0,794.0,1173.0,91.0,118.0
47692533,100,17,9.0,29.4,6.0,2,3,False,E,35.8229785279371,128.717669168947,경상북도 경산시 옥산동,True,True,False,True,True,1574.0,109.0,328.0,205.0,1332.0,242.0,184.0
47692089,500,36,9.0,35.5,6.0,3,4,True,SW,35.8157310300643,128.738316109172,경상북도 경산시 삼남동,True,False,False,True,True,2058.0,349.0,176.0,321.0,1936.0,431.0,72.0
47690943,200,18,9.0,35.5,6.0,2,3,False,SW,35.8010841681901,128.73731712558,경상북도 경산시 백천동,True,False,False,True,True,3687.0,332.0,26.0,358.0,2549.0,27.0,95.0
47690687,100,30,5.0,23.1,6.0,2,3,False,SW,35.8409622597752,128.752445193237,경상북도 경산시 임당동,True,True,True,True,True,522.0,223.0,194.0,385.0,1765.0,19.0,128.0
47690236,70,19,5.0,33.0,6.0,2,3,False,S,35.8434670490915,128.752937582653,경상북도 경산시 조영동,True,True,True,True,True,800.0,285.0,284.0,562.0,1956.0,171.0,275.0
47690125,100,22,5.0,26.44,15.0,2,3,False,S,35.840096880667,128.751044328208,경상북도 경산시 임당동,True,True,True,True,True,455.0,254.0,233.0,408.0,1608.0,121.0,276.0
47689982,200,32,5.0,27.0,6.0,2,3,False,NE,35.8396628321723,128.752390043449,경상북도 경산시 조영동,True,True,True,True,True,379.0,124.0,109.0,289.0,1693.0,32.0,205.0
47689573,200,27,5.0,25.0,6.0,2,4,True,S,35.8443373695665,128.759925771967,경상북도 경산시 압량읍 부적리,True,True,True,True,True,1100.0,234.0,64.0,341.0,2537.0,128.0,129.0
47689562,200,30,8.0,25.0,6.0,3,5,True,S,35.8415726717686,128.757627336635,경상북도 경산시 압량읍 부적리,True,True,True,True,True,729.0,224.0,117.0,164.0,2210.0,31.0,122.0
47689554,200,26,9.0,33.06,6.0,2,4,False,SW,35.8382637992626,128.764932287759,경상북도 경산시 압량읍 신대리,True,True,True,True,True,1111.0,224.0,89.0,330.0,2716.0,85.0,56.0
47689526,100,22,5.0,25.0,6.0,1,4,False,S,35.8430837825354,128.763952609876,경상북도 경산시 압량읍 신대리,True,True,True,True,True,1254.0,327.0,76.0,140.0,2799.0,116.0,143.0
47689466,100,25,5.0,25.0,6.0,2,4,False,E,35.839260004356,128.764219632285,경상북도 경산시 압량읍 신대리,True,True,False,True,True,1077.0,136.0,135.0,211.0,2680.0,75.0,98.0
47689448,100,15,5.0,20.0,6.0,2,5,True,S,35.8427170069011,128.76340760983,경상북도 경산시 압량읍 신대리,True,True,True,True,True,1191.0,309.0,49.0,96.0,2737.0,54.0,81.0
47689418,1000,20,5.0,35.0,6.0,3,4,False,S,35.8382768694627,128.764705045588,경상북도 경산시 압량읍 신대리,True,True,True,True,True,1091.0,225.0,109.0,324.0,2697.0,102.0,36.0
47688985,200,33,5.0,27.0,6.0,4,4,False,NE,35.8372434676934,128.752385623606,경상북도 경산시 대동,True,True,True,True,True,116.0,246.0,32.0,96.0,1593.0,105.0,130.0
47687718,200,30,5.0,33.0,6.0,2,4,False,S,35.8373442163176,128.751458465619,경상북도 경산시 대동,True,True,True,True,True,173.0,285.0,38.0,177.0,1517.0,105.0,215.0
47687673,300,28,9.0,24.24,6.0,2,4,True,SW,35.8272652799756,128.734638519651,경상북도 경산시 중방동,True,True,False,True,True,943.0,95.0,29.0,247.0,641.0,75.0,233.0
47685804,100,20,5.0,27.0,6.0,3,4,False,S,35.8381154476728,128.754728152999,경상북도 경산시 조영동,True,True,True,True,True,265.0,139.0,21.0,31.0,1824.0,107.0,143.0
47685801,200,32,5.0,27.0,6.0,2,4,False,SW,35.8409524353182,128.756665752015,경상북도 경산시 조영동,True,True,True,True,True,623.0,157.0,82.0,138.0,2102.0,75.0,148.0
47685797,200,30,10.0,27.0,6.0,4,4,False,S,35.8369375397417,128.752292685289,경상북도 경산시 대동,True,True,True,True,True,89.0,280.0,51.0,93.0,1575.0,108.0,136.0
47685795,150,27,5.0,27.0,6.0,4,4,False,SE,35.8408197089072,128.755382805088,경상북도 경산시 조영동,True,True,True,True,True,554.0,92.0,45.0,202.0,1992.0,41.0,133.0
47685792,300,50,10.0,40.0,6.0,2,3,False,SW,35.843841766551,128.757555006382,경상북도 경산시 압량읍 부적리,True,True,True,True,True,942.0,329.0,183.0,410.0,2325.0,72.0,249.0
47685790,200,38,10.0,27.0,6.0,1,3,False,SE,35.8390467236721,128.753224541774,경상북도 경산시 조영동,True,True,True,True,True,310.0,41.0,21.0,188.0,1733.0,21.0,232.0
47685433,200,38,10.0,27.0,6.0,2,3,False,SW,35.8390467236721,128.753224541774,경상북도 경산시 조영동,True,True,True,True,True,310.0,41.0,21.0,188.0,1733.0,21.0,232.0
47685420,200,27,5.0,27.0,6.0,1,3,False,SW,35.840129470245,128.752455534077,경상북도 경산시 조영동,True,True,True,True,True,430.0,148.0,125.0,316.0,1721.0,80.0,164.0
47685412,150,32,8.0,27.0,6.0,2,4,False,SE,35.8410454705292,128.755633581429,경상북도 경산시 조영동,True,True,True,True,True,586.0,78.0,56.0,200.0,2023.0,27.0,151.0
47685383,200,31,5.0,26.45,6.0,2,3,False,S,35.8392551954616,128.753653877076,경상북도 경산시 조영동,True,True,True,True,True,339.0,6.0,11.0,171.0,1778.0,28.0,202.0
47685217,100,21,9.0,40.0,6.0,3,4,False,S,35.8165066034343,128.762304785647,경상북도 경산시 사동,True,True,True,True,True,2358.0,260.0,56.0,636.0,3032.0,181.0,42.0
47685063,300,24,9.0,26.2,7.0,2,3,False,SW,35.824379456883,128.723645511913,경상북도 경산시 옥산동,True,True,False,True,True,1156.0,199.0,89.0,126.0,1200.0,72.0,154.0
47684314,150,30,5.0,27.0,6.0,2,4,False,W,35.8382278221322,128.757877784884,경상북도 경산시 조영동,True,True,True,True,True,502.0,325.0,122.0,122.0,2099.0,174.0,224.0
47683422,200,31,5.0,27.0,6.0,3,3,False,SW,35.8394776528494,128.753581859678,경상북도 경산시 조영동,True,True,True,True,True,362.0,31.0,0.0,193.0,1782.0,48.0,179.0
47683082,200,30,5.0,27.0,6.0,2,3,False,SW,35.8408817488998,128.753960832477,경상북도 경산시 조영동,True,True,True,True,True,522.0,135.0,97.0,312.0,1880.0,135.0,23.0
47682531,100,30,5.0,26.45,6.0,2,3,False,SE,35.8384558973505,128.75450568527,경상북도 경산시 조영동,True,True,True,True,True,284.0,100.0,58.0,56.0,1817.0,116.0,174.0
47682497,100,30,5.0,29.75,,2,3,False,SE,35.8378143531169,128.751506539883,경상북도 경산시 대동,True,True,True,True,True,210.0,247.0,37.0,197.0,1538.0,62.0,226.0
47682248,200,30,5.0,29.75,11.0,2,4,False,S,35.8405656533677,128.75621099798,경상북도 경산시 조영동,True,True,True,True,True,565.0,152.0,41.0,126.0,2047.0,47.0,173.0
47681535,200,32,5.0,26.45,6.0,2,4,False,SW,35.8399077379254,128.76191036205,경상북도 경산시 압량읍 부적리,True,True,True,True,True,910.0,286.0,86.0,179.0,2501.0,216.0,87.0
47681435,150,30,5.0,26.45,6.0,1,3,False,S,35.8388113370615,128.754342753278,경상북도 경산시 조영동,True,True,True,True,True,312.0,64.0,54.0,92.0,1817.0,85.0,207.0
47681211,300,35,10.0,30.0,6.0,1,3,False,S,35.8233251312041,128.754417512895,경상북도 경산시 삼풍동,True,True,True,True,True,1447.0,159.0,137.0,266.0,2015.0,139.0,242.0
47680999,300,35,10.0,30.0,6.0,3,3,False,S,35.8233251312041,128.754417512895,경상북도 경산시 삼풍동,True,True,True,True,True,1447.0,159.0,137.0,266.0,2015.0,139.0,242.0
47680947,200,40,9.0,40.0,6.0,1,4,False,S,35.8373416662741,128.751157397615,경상북도 경산시 대동,True,True,True,True,True,194.0,305.0,12.0,203.0,1491.0,113.0,241.0
47680315,200,35,5.0,30.0,6.0,2,4,False,SE,35.8385715940321,128.758235413381,경상북도 경산시 조영동,True,True,True,True,True,548.0,343.0,105.0,88.0,2140.0,126.0,176.0
47679908,200,30,5.0,30.0,6.0,3,4,False,S,35.8225734928294,128.757372021792,경상북도 경산시 삼풍동,True,True,True,True,True,1577.0,245.0,183.0,319.0,2286.0,128.0,311.0
47678964,200,30,8.0,23.14,6.0,2,4,False,W,35.8380704794718,128.756572093403,경상북도 경산시 조영동,True,True,True,True,True,390.0,232.0,36.0,138.0,1981.0,125.0,250.0
47677388,200,30,7.0,30.0,6.0,2,4,False,S,35.8382375042062,128.75924175123,경상북도 경산시 조영동,True,True,True,True,True,615.0,441.0,18.0,168.0,2217.0,59.0,203.0
47677141,300,45,7.0,40.0,6.0,4,4,False,SW,35.8392954893512,128.758806395796,경상북도 경산시 압량읍 부적리,True,True,True,True,True,633.0,383.0,141.0,78.0,2214.0,34.0,84.0
47676805,200,30,5.0,27.0,6.0,3,3,False,S,35.8388317018315,128.75313902133,경상북도 경산시 조영동,True,True,True,True,True,285.0,61.0,19.0,185.0,1717.0,38.0,212.0
47676426,500,45,5.0,39.67,6.0,2,3,False,NW,35.8372289660536,128.751736359274,경상북도 경산시 대동,True,True,True,True,True,146.0,279.0,49.0,149.0,1537.0,107.0,188.0
47675710,300,26,9.0,35.5,6.0,2,4,False,SE,35.8228932408803,128.73926641188,경상북도 경산시 중방동,True,False,False,True,True,1257.0,234.0,136.0,158.0,1173.0,201.0,120.0
47675549,100,26,9.0,50.0,6.0,3,4,False,S,35.8244921905042,128.738557415408,경상북도 경산시 중방동,True,False,False,True,True,1093.0,322.0,56.0,90.0,984.0,46.0,113.0
47670110,100,22,5.0,27.0,6.0,2,3,False,S,35.8218739108939,128.756259003056,경상북도 경산시 삼풍동,True,True,True,True,True,1631.0,127.0,90.0,192.0,2242.0,14.0,190.0
47669787,100,20,5.0,29.75,28.0,1,3,False,W,35.8378143531176,128.751506539883,경상북도 경산시 대동,True,True,True,True,True,210.0,247.0,37.0,197.0,1538.0,62.0,226.0
47669620,500,39,0.0,49.59,6.0,3,4,True,S,35.8280677151368,128.737490156119,경상북도 경산시 중방동,True,False,True,True,True,745.0,118.0,97.0,136.0,576.0,32.0,240.0
47669612,200,21,9.0,39.66,24.0,2,3,False,S,35.8161177582731,128.762913651929,경상북도 경산시 사동,True,True,False,True,True,2418.0,297.0,108.0,625.0,3102.0,238.0,81.0
47669609,100,16,9.0,39.67,6.0,1,3,False,NE,35.8162160278664,128.762670875616,경상북도 경산시 사동,True,False,True,True,True,2400.0,279.0,85.0,623.0,3078.0,215.0,65.0
47669604,200,18,9.0,39.67,6.0,2,3,False,S,35.8161177582731,128.762913651929,경상북도 경산시 사동,True,True,False,True,True,2418.0,297.0,108.0,625.0,3102.0,238.0,81.0
47669603,1000,36,9.0,59.5,6.0,3,4,False,S,35.8145978135243,128.753793637868,경상북도 경산시 사동,True,True,False,True,True,2412.0,235.0,71.0,242.0,2627.0,110.0,95.0
47669599,300,26,9.0,42.0,6.0,2,4,False,S,35.8022915884211,128.736575515635,경상북도 경산시 백천동,True,True,False,True,True,3561.0,326.0,54.0,278.0,2617.0,14.0,168.0
47669597,200,26,9.0,40.0,6.0,2,4,True,NW,35.8254861053787,128.735411411036,경상북도 경산시 중방동,True,True,True,True,True,1086.0,25.0,126.0,105.0,834.0,163.0,129.0
47669587,200,26,9.0,31.8,6.0,3,4,False,SE,35.8103468012132,128.759781607781,경상북도 경산시 사동,True,True,True,True,True,2950.0,190.0,100.0,56.0,3336.0,75.0,68.0
47669582,500,31,9.0,50.0,6.0,4,4,False,E,35.8097195112824,128.759074792766,경상북도 경산시 사동,True,False,False,True,True,3006.0,113.0,29.0,137.0,3348.0,70.0,161.0
47669581,300,36,9.0,48.5,7.0,2,3,False,S,35.8170973997749,128.739655859676,경상북도 경산시 삼북동,True,False,False,True,True,1895.0,187.0,17.0,227.0,1806.0,243.0,198.0
47669580,300,26,9.0,39.67,6.0,2,4,False,SW,35.817441218768,128.75808667108,경상북도 경산시 사동,True,True,True,True,True,2147.0,263.0,94.0,443.0,2671.0,69.0,104.0
47669578,200,29,9.0,42.98,6.0,2,4,False,S,35.8095330132332,128.759306314942,경상북도 경산시 사동,True,True,False,True,True,3030.0,92.0,0.0,133.0,3377.0,92.0,161.0
47669576,200,26,9.0,39.67,6.0,2,4,False,S,35.8097374808418,128.759238475581,경상북도 경산시 사동,True,True,True,True,True,3007.0,114.0,24.0,124.0,3356.0,72.0,148.0
47669572,100,18,9.0,39.67,6.0,4,4,False,N,35.8270826116024,128.735519097105,경상북도 경산시 중방동,True,True,False,True,True,927.0,149.0,55.0,165.0,657.0,131.0,161.0
47669570,200,26,9.0,42.98,6.0,2,4,False,S,35.8095663702785,128.759440688794,경상북도 경산시 사동,True,True,True,True,True,3029.0,98.0,13.0,121.0,3382.0,97.0,150.0
47669569,200,23,9.0,40.0,6.0,4,4,False,S,35.8102683552967,128.759452527175,경상북도 경산시 사동,True,True,True,True,True,2953.0,175.0,83.0,86.0,3323.0,46.0,98.0
47669566,200,29,9.0,40.0,6.0,3,4,False,S,35.8095330132339,128.759306314942,경상북도 경산시 사동,True,True,False,True,True,3030.0,92.0,0.0,133.0,3377.0,92.0,161.0
47669564,200,24,9.0,39.67,6.0,2,4,False,S,35.8188561082925,128.754736816928,경상북도 경산시 사동,True,True,True,True,True,1944.0,112.0,13.0,199.0,2340.0,251.0,138.0
47669562,300,34,9.0,49.59,6.0,2,4,False,SE,35.8188071758624,128.754860320795,경상북도 경산시 사동,True,True,False,True,True,1951.0,118.0,25.0,204.0,2352.0,259.0,138.0
47669549,100,17,9.0,39.67,6.0,2,4,False,S,35.8162839168605,128.762502660006,경상북도 경산시 사동,True,True,True,True,True,2387.0,267.0,69.0,622.0,3062.0,199.0,58.0
47669544,300,21,9.0,40.0,6.0,3,4,False,S,35.820336121121,128.724371412286,경상북도 경산시 옥산동,True,True,True,True,True,1567.0,158.0,66.0,328.0,1652.0,61.0,91.0
47669531,500,41,9.0,49.59,6.0,2,4,True,S,35.8146505987073,128.755825385599,경상북도 경산시 사동,True,True,False,True,True,2420.0,67.0,43.0,218.0,2741.0,176.0,98.0
47669528,100,13,9.0,33.05,6.0,2,3,False,SE,35.8157972111757,128.763707014991,경상북도 경산시 사동,True,True,False,True,True,2478.0,357.0,186.0,639.0,3181.0,315.0,116.0
47669525,200,36,9.0,56.2,6.0,2,4,False,S,35.8122967655743,128.76104778245,경상북도 경산시 사동,True,True,True,True,True,2767.0,118.0,16.0,197.0,3255.0,118.0,69.0
47669519,200,31,9.0,49.59,6.0,2,3,False,S,35.8107642198599,128.758752455538,경상북도 경산시 사동,True,True,False,True,True,2886.0,201.0,146.0,79.0,3240.0,51.0,151.0
47669509,300,28,9.0,39.67,6.0,3,4,True,S,35.817238223191,128.75804778584,경상북도 경산시 사동,True,True,False,True,True,2168.0,246.0,79.0,441.0,2683.0,47.0,104.0
47669508,200,16,9.0,38.5,6.0,3,4,False,S,35.8215227344658,128.739271248138,경상북도 경산시 삼북동,True,True,False,True,True,1408.0,203.0,200.0,269.0,1319.0,167.0,176.0
47669504,100,13,9.0,40.0,6.0,3,3,False,SE,35.8157972111757,128.763707014991,경상북도 경산시 사동,True,False,False,True,True,2478.0,357.0,186.0,639.0,3181.0,315.0,116.0
47669499,200,24,9.0,39.67,6.0,2,4,False,S,35.8098391417157,128.759102101806,경상북도 경산시 사동,True,True,False,True,True,2993.0,126.0,39.0,129.0,3339.0,57.0,150.0
47669493,100,16,9.0,39.67,6.0,1,3,False,S,35.8163770562549,128.762560480111,경상북도 경산시 사동,True,True,False,True,True,2379.0,275.0,75.0,634.0,3059.0,204.0,47.0
47669490,100,13,9.0,39.67,6.0,3,4,False,W,35.8248582227229,128.738308694449,경상북도 경산시 중방동,True,False,False,True,True,1058.0,290.0,80.0,89.0,939.0,62.0,138.0
47669485,200,21,9.0,39.67,6.0,2,4,False,S,35.8157737533948,128.762898300399,경상북도 경산시 사동,True,True,True,True,True,2453.0,289.0,119.0,592.0,3124.0,246.0,117.0
47669483,500,31,9.0,25.5,6.0,1,4,False,S,35.8095022830291,128.759171003505,경상북도 경산시 사동,True,True,True,True,True,3031.0,88.0,13.0,144.0,3372.0,88.0,167.0
47669481,200,19,9.0,39.67,6.0,2,4,False,NW,35.8195556661654,128.740689792531,경상북도 경산시 삼북동,True,True,False,True,True,1618.0,143.0,33.0,267.0,1565.0,182.0,124.0
47669479,1000,26,9.0,56.2,6.0,2,4,False,S,35.811082310214,128.760180950181,경상북도 경산시 사동,True,True,True,True,True,2878.0,126.0,99.0,86.0,3299.0,126.0,52.0
47669478,200,28,9.0,21.75,6.0,2,4,False,S,35.8152501073161,128.763402060158,경상북도 경산시 사동,True,True,False,True,True,2524.0,291.0,190.0,575.0,3196.0,291.0,107.0
47669475,200,26,9.0,39.67,6.0,2,4,False,S,35.8175707158298,128.75907155466322,경상북도 경산시 사동,True,True,True,True,True,2154.0,239.0,68.0,532.0,2730.0,138.0,43.0
47669445,200,19,9.0,39.66,6.0,2,3,False,S,35.8161177582731,128.762913651929,경상북도 경산시 사동,True,True,False,True,True,2418.0,297.0,108.0,625.0,3102.0,238.0,81.0
47669442,200,23,9.0,39.67,6.0,1,3,False,SW,35.8159363427314,128.762497188537,경상북도 경산시 사동,True,True,False,True,True,2423.0,256.0,79.0,588.0,3085.0,206.0,96.0
47669440,500,36,9.0,49.59,6.0,3,4,False,S,35.8175755764862,128.759078078945,경상북도 경산시 사동,True,True,False,True,True,2154.0,240.0,67.0,532.0,2730.0,139.0,43.0
47669434,200,29,9.0,39.67,6.0,4,4,True,S,35.8116039123255,128.75964971275,경상북도 경산시 사동,True,True,True,True,True,2811.0,174.0,59.0,49.0,3224.0,59.0,126.0
47669428,300,26,9.0,42.98,6.0,4,4,False,N,35.828833901731,128.739822198253,경상북도 경산시 중방동,True,True,False,True,True,597.0,175.0,191.0,315.0,604.0,195.0,244.0
47669425,100,11,9.0,26.45,7.0,2,3,False,S,35.8220901890673,128.7395193049,경상북도 경산시 중방동,True,False,False,True,True,1343.0,225.0,181.0,232.0,1265.0,188.0,206.0
47669422,300,31,9.0,39.67,7.0,2,3,False,W,35.8170973997743,128.739655859676,경상북도 경산시 삼북동,True,False,False,True,True,1895.0,187.0,17.0,227.0,1806.0,243.0,198.0
47669387,200,28,9.0,22.75,6.0,3,4,False,S,35.8152501073161,128.763402060158,경상북도 경산시 사동,True,True,True,True,True,2524.0,291.0,190.0,575.0,3196.0,291.0,107.0
47669315,200,35,10.0,33.06,6.0,2,3,False,SW,35.8393226755741,128.753160894204,경상북도 경산시 조영동,True,True,True,True,True,340.0,45.0,39.0,210.0,1740.0,39.0,204.0
47669311,200,31,5.0,27.0,6.0,3,3,False,S,35.8391617112148,128.752736367882,경상북도 경산시 조영동,True,True,True,True,True,321.0,81.0,55.0,233.0,1698.0,63.0,235.0
47668767,200,21,9.0,39.67,6.0,2,4,True,S,35.8195193217997,128.735096396282,경상북도 경산시 서상동,True,True,False,True,True,1709.0,147.0,112.0,278.0,1498.0,134.0,226.0
47668584,200,36,9.0,20.0,6.0,2,4,False,W,35.8369375397417,128.752292685289,경상북도 경산시 대동,True,True,True,True,True,89.0,280.0,51.0,93.0,1575.0,108.0,136.0
47667509,100,22,5.0,27.0,6.0,1,3,True,W,35.8419969790893,128.751947577142,경상북도 경산시 임당동,True,True,True,True,True,641.0,291.0,183.0,505.0,1788.0,75.0,192.0
47667419,70,18,5.0,26.44,18.0,2,4,False,S,35.8365245478869,128.751798777478,경상북도 경산시 대동,True,True,True,True,True,99.0,341.0,37.0,141.0,1520.0,159.0,188.0
47667191,100,25,5.0,23.14,6.0,3,4,False,S,35.8390834877691,128.759979448065,경상북도 경산시 압량읍 부적리,True,True,True,True,True,714.0,476.0,132.0,185.0,2307.0,62.0,142.0
47666767,200,30,5.0,26.45,6.0,3,4,False,SW,35.8402527935126,128.755895883513,경상북도 경산시 조영동,True,True,True,True,True,520.0,157.0,35.0,131.0,2007.0,61.0,199.0
47664659,200,28,5.0,26.0,6.0,2,4,True,NE,35.8443375,128.75991800000048,경상북도 경산시 압량읍 부적리,True,True,True,True,True,1099.0,234.0,65.0,341.0,2536.0,128.0,129.0
47664337,200,30,5.0,23.14,6.0,2,4,False,SW,35.8401097306666,128.756300327019,경상북도 경산시 조영동,True,True,True,True,True,527.0,178.0,57.0,91.0,2034.0,70.0,164.0
47663833,500,40,10.0,30.0,6.0,7,7,True,S,35.84146636018,128.760352385088,경상북도 경산시 압량읍 부적리,True,True,True,True,True,889.0,443.0,17.0,130.0,2430.0,149.0,134.0
47663065,200,23,9.0,39.67,26.0,2,3,False,SE,35.8210666237514,128.725786862302,경상북도 경산시 옥산동,True,True,False,True,True,1462.0,152.0,159.0,312.0,1589.0,126.0,227.0
47661074,500,35,9.0,39.67,6.0,2,4,True,SW,35.8363880269208,128.727132741438,경상북도 경산시 정평동,True,True,False,True,True,282.0,108.0,108.0,156.0,656.0,70.0,144.0
47660449,200,23,5.0,25.5,6.0,3,4,False,SW,35.824534521868,128.739611160064,경상북도 경산시 중방동,True,False,False,True,True,1072.0,381.0,109.0,183.0,1010.0,61.0,66.0
47660434,500,36,9.0,25.5,6.0,3,4,False,SE,35.819422215983,128.748206619449,경상북도 경산시 계양동,True,True,False,True,True,1755.0,210.0,56.0,453.0,1894.0,149.0,67.0
47660410,500,31,9.0,35.5,6.0,3,4,False,SW,35.8171935918045,128.748036264625,경상북도 경산시 계양동,True,True,False,True,True,1983.0,363.0,192.0,427.0,2088.0,230.0,210.0
47660385,100,20,5.0,25.5,6.0,2,3,False,SE,35.8163770562557,128.76256048011,경상북도 경산시 사동,True,True,True,True,True,2379.0,275.0,75.0,634.0,3059.0,204.0,47.0
47660378,500,36,9.0,35.5,6.0,4,4,False,SE,35.8237812671939,128.734418514648,경상북도 경산시 중방동,True,True,False,True,True,1266.0,25.0,25.0,75.0,1029.0,50.0,129.0
47660358,200,23,9.0,35.5,6.0,3,4,True,SW,35.8187300557067,128.738878281432,경상북도 경산시 삼북동,True,True,False,True,True,1721.0,42.0,156.0,83.0,1614.0,280.0,114.0
47660109,300,28,10.0,29.75,6.0,4,4,True,W,35.8449468121047,128.708126553574,대구시 수성구 매호동,True,False,False,True,True,540.0,139.0,95.0,499.0,694.0,230.0,433.0
47658281,200,26,9.0,36.5,6.0,3,4,True,SW,35.8235359248145,128.741263787209,경상북도 경산시 중방동,True,True,False,True,True,1175.0,426.0,245.0,318.0,1172.0,176.0,42.0
47652640,500,35,10.0,45.0,6.0,2,4,False,SW,35.8394277946885,128.761744809388,경상북도 경산시 압량읍 부적리,True,True,True,True,True,874.0,312.0,97.0,232.0,2471.0,203.0,136.0
47652509,150,30,5.0,27.0,6.0,1,3,False,SE,35.8409198102764,128.753495524023,경상북도 경산시 조영동,True,True,True,True,True,519.0,168.0,124.0,332.0,1845.0,114.0,37.0
47652465,200,30,5.0,34.0,6.0,2,3,False,S,35.8220465284207,128.755762138859,경상북도 경산시 삼풍동,True,True,True,True,True,1604.0,136.0,42.0,170.0,2194.0,48.0,190.0
47652457,200,30,5.0,34.0,6.0,3,3,False,S,35.8220465284207,128.755762138859,경상북도 경산시 삼풍동,True,True,True,True,True,1604.0,136.0,42.0,170.0,2194.0,48.0,190.0
47652369,100,27,5.0,27.0,6.0,3,4,False,SW,35.8407967273689,128.760924804424,경상북도 경산시 압량읍 부적리,True,True,True,True,True,884.0,376.0,91.0,112.0,2450.0,181.0,82.0
47652320,200,26,9.0,49.56,6.0,2,4,False,SW,35.816053075972,128.763072091114,경상북도 경산시 사동,True,True,False,True,True,2430.0,309.0,123.0,627.0,3118.0,254.0,93.0
47652316,100,21,9.0,33.05,6.0,4,4,False,S,35.8177414331703,128.757676736951,경상북도 경산시 사동,True,True,False,True,True,2106.0,311.0,100.0,406.0,2621.0,99.0,150.0
47652297,300,36,9.0,45.5,6.0,3,4,False,S,35.8175755764862,128.759078078945,경상북도 경산시 사동,True,True,True,True,True,2154.0,240.0,67.0,532.0,2730.0,139.0,43.0
47652289,200,26,9.0,33.05,6.0,3,4,False,S,35.8304801615736,128.747355360295,경상북도 경산시 계양동,True,True,False,True,True,696.0,699.0,153.0,887.0,1104.0,189.0,187.0
47652285,500,36,9.0,45.5,6.0,2,4,True,NW,35.8185379932487,128.756304773897,경상북도 경산시 사동,True,True,False,True,True,1997.0,233.0,50.0,301.0,2469.0,232.0,173.0
47652282,300,26,9.0,49.56,6.0,3,4,False,SE,35.8288403300369,128.73959605005,경상북도 경산시 중방동,True,True,True,True,True,600.0,155.0,201.0,301.0,590.0,177.0,254.0
47652265,300,26,9.0,33.5,6.0,2,4,False,S,35.8103764792829,128.759219384801,경상북도 경산시 사동,True,True,False,True,True,2937.0,185.0,94.0,107.0,3300.0,25.0,113.0
47652260,200,29,9.0,33.5,6.0,3,4,False,NW,35.8171348542924,128.75561987948,경상북도 경산시 사동,True,False,False,True,True,2143.0,211.0,115.0,226.0,2529.0,122.0,163.0
47652258,200,36,9.0,49.56,6.0,3,4,False,S,35.8122967655743,128.76104778245,경상북도 경산시 사동,True,True,False,True,True,2767.0,118.0,16.0,197.0,3255.0,118.0,69.0
47652255,300,31,9.0,42.5,6.0,2,4,False,SE,35.8188071758631,128.754860320794,경상북도 경산시 사동,True,True,False,True,True,1951.0,118.0,25.0,204.0,2352.0,259.0,138.0
47652242,200,21,9.0,28.5,6.0,3,4,False,E,35.801381283877,128.737603013946,경상북도 경산시 백천동,True,False,False,True,True,3652.0,291.0,17.0,318.0,2591.0,57.0,131.0
47652037,300,33,2.0,32.99,7.0,4,4,False,S,35.8174634874388,128.756736488464,경상북도 경산시 사동,True,False,False,True,True,2121.0,284.0,42.0,322.0,2577.0,119.0,174.0
47651938,300,28,10.0,29.75,6.0,4,4,True,W,35.8453066580607,128.7080867909,대구시 수성구 매호동,True,True,False,True,True,572.0,100.0,103.0,538.0,727.0,219.0,468.0
47651920,200,18,10.0,29.75,6.0,3,4,False,E,35.8307304951512,128.705733851898,대구시 수성구 신매동,True,False,False,True,True,1116.0,174.0,85.0,332.0,1007.0,85.0,92.0
47651883,300,27,10.0,36.36,6.0,3,4,False,E,35.8412166665084,128.699829349609,대구시 수성구 시지동,True,False,False,True,True,461.0,369.0,14.0,59.0,413.0,68.0,114.0
47650557,200,36,9.0,25.0,6.0,2,4,False,W,35.8373416662741,128.751157397615,경상북도 경산시 대동,True,True,True,True,True,194.0,305.0,12.0,203.0,1491.0,113.0,241.0
47645093,150,30,5.0,23.14,7.0,2,3,False,E,35.8393256084919,128.75253988499364,경상북도 경산시 조영동,True,True,True,True,True,340.0,100.0,80.0,257.0,1689.0,39.0,227.0
47645078,200,40,5.0,23.14,6.0,1,3,False,E,35.8395787535851,128.752859755329,경상북도 경산시 조영동,True,True,True,True,True,367.0,82.0,66.0,249.0,1727.0,67.0,188.0
47645021,100,15,5.0,23.14,6.0,1,4,False,SW,35.8394827569568,128.766053811731,경상북도 경산시 압량읍 신대리,True,True,True,True,True,1242.0,127.0,46.0,256.0,2846.0,93.0,84.0
47644966,100,23,5.0,26.45,6.0,4,4,False,E,35.840786196475506,128.75717593033517,경상북도 경산시 압량읍 부적리,True,True,True,True,True,635.0,206.0,65.0,110.0,2137.0,35.0,99.0
47644943,100,27,5.0,26.45,6.0,3,3,False,W,35.839391954056,128.75367459498466,경상북도 경산시 조영동,True,True,True,True,True,354.0,21.0,13.0,180.0,1785.0,42.0,187.0
47644927,100,25,5.0,23.14,7.0,3,3,False,E,35.839244850212005,128.75263992343514,경상북도 경산시 조영동,True,True,True,True,True,331.0,90.0,68.0,245.0,1694.0,51.0,231.0
47644906,100,17,5.0,23.14,6.0,3,4,False,S,35.8400627106993,128.76445985752,경상북도 경산시 압량읍 신대리,True,False,False,True,True,1127.0,58.0,116.0,125.0,2726.0,46.0,74.0
47644892,100,25,5.0,23.14,6.0,3,4,False,SE,35.840786196475506,128.75717593033517,경상북도 경산시 압량읍 부적리,True,True,True,True,True,635.0,206.0,65.0,110.0,2137.0,35.0,99.0
47644844,100,23,5.0,28.5,6.0,1,3,False,NW,35.8413136850578,128.751401765899,경상북도 경산시 임당동,True,True,True,True,True,575.0,309.0,182.0,476.0,1705.0,85.0,194.0
47644640,200,35,0.0,25.0,6.0,2,4,False,SW,35.8405597781913,128.755774494495,경상북도 경산시 조영동,True,True,True,True,True,544.0,132.0,2.0,157.0,2011.0,34.0,176.0
47644329,200,31,5.0,20.1,6.0,1,3,False,SE,35.8391617112148,128.752736367882,경상북도 경산시 조영동,True,True,True,True,True,321.0,81.0,55.0,233.0,1698.0,63.0,235.0
47643669,100,24,5.0,20.1,7.0,3,3,False,S,35.8396372080349,128.75314579383,경상북도 경산시 조영동,True,True,True,True,True,375.0,65.0,43.0,233.0,1753.0,70.0,172.0
47643488,200,25,7.0,25.0,6.0,1,3,False,S,35.840091324207,128.759578183537,경상북도 경산시 압량읍 부적리,True,True,True,True,True,740.0,435.0,42.0,116.0,2309.0,83.0,58.0
47643405,200,30,5.0,26.45,6.0,2,4,True,SE,35.8408042922797,128.756110901091,경상북도 경산시 조영동,True,True,True,True,True,583.0,127.0,42.0,151.0,2050.0,26.0,188.0
47643378,300,37,9.0,40.0,6.0,2,4,False,S,35.8473054221807,128.761338119339,경상북도 경산시 압량읍 부적리,True,True,False,True,True,1445.0,120.0,263.0,583.0,2820.0,459.0,145.0
47643352,200,26,8.0,25.0,6.0,1,3,False,E,35.8399592628338,128.753424133811,경상북도 경산시 조영동,True,True,True,True,True,413.0,86.0,56.0,243.0,1791.0,100.0,129.0
47643348,70,21,5.0,26.45,6.0,2,3,False,E,35.8413709870074,128.751668195445,경상북도 경산시 임당동,True,True,True,True,True,576.0,299.0,195.0,465.0,1729.0,68.0,200.0
47643338,100,19,5.0,23.14,6.0,4,4,False,SW,35.8393569350488,128.766441682465,경상북도 경산시 압량읍 신대리,True,True,True,True,True,1272.0,162.0,82.0,290.0,2877.0,78.0,56.0
47643316,200,25,7.0,25.0,6.0,2,4,True,E,35.8415050540336,128.758356278472,경상북도 경산시 압량읍 부적리,True,True,True,True,True,764.0,290.0,92.0,145.0,2267.0,36.0,60.0
47643296,200,35,9.0,25.0,6.0,3,4,False,W,35.8384686912828,128.757748528632,경상북도 경산시 조영동,True,True,True,True,True,504.0,305.0,119.0,97.0,2095.0,149.0,206.0
47643182,100,25,5.0,26.45,6.0,1,3,False,E,35.8395490262588,128.752624371781,경상북도 경산시 조영동,True,True,True,True,True,364.0,99.0,86.0,264.0,1706.0,45.0,202.0
47643161,200,30,6.0,29.75,6.0,3,4,True,E,35.8400713261697,128.759110051194,경상북도 경산시 압량읍 부적리,True,True,True,True,True,704.0,397.0,78.0,75.0,2268.0,71.0,16.0
47643149,200,30,5.0,26.45,7.0,1,3,False,E,35.8398712495728,128.75211906128,경상북도 경산시 조영동,True,True,False,True,True,405.0,156.0,139.0,322.0,1681.0,46.0,206.0
47642969,200,31,5.0,27.0,6.0,2,4,False,SE,35.8388317018315,128.75313902133,경상북도 경산시 조영동,True,True,True,True,True,285.0,61.0,19.0,185.0,1717.0,38.0,212.0
47641273,200,26,9.0,25.6,6.0,2,4,True,SE,35.8400713261704,128.759110051194,경상북도 경산시 압량읍 부적리,True,True,False,True,True,704.0,397.0,78.0,75.0,2268.0,71.0,16.0
47641262,300,26,9.0,35.0,9.0,2,4,False,SW,35.8027599962458,128.737741454492,경상북도 경산시 백천동,True,False,False,True,True,3498.0,212.0,89.0,175.0,2721.0,107.0,62.0
47641210,70,14,9.0,39.67,6.0,2,3,False,SW,35.8164023949149,128.762786628838,경상북도 경산시 사동,True,False,False,True,True,2384.0,295.0,95.0,646.0,3074.0,224.0,47.0
47641168,150,25,9.0,33.06,6.0,2,4,False,SW,35.8383699588863,128.757900399051,경상북도 경산시 조영동,True,True,False,True,True,511.0,321.0,123.0,106.0,2105.0,163.0,209.0
47641133,200,26,9.0,25.2,6.0,3,4,False,SW,35.8295790798413,128.739278219337,경상북도 경산시 중방동,True,True,False,True,True,529.0,136.0,164.0,301.0,509.0,164.0,213.0
47641032,200,26,9.0,39.67,6.0,2,4,True,SW,35.8422696486298,128.758855470916,경상북도 경산시 압량읍 부적리,True,True,True,True,True,858.0,343.0,151.0,235.0,2344.0,104.0,119.0
47640933,100,19,9.0,33.06,19.0,2,4,False,SE,35.8367321360268,128.73201126381,경상북도 경산시 대평동,True,False,False,True,True,444.0,303.0,42.0,292.0,522.0,52.0,63.0
47640911,100,21,9.0,33.06,6.0,3,4,False,SW,35.821274811659,128.728455905188,경상북도 경산시 사정동,True,True,False,True,True,1421.0,54.0,15.0,119.0,1450.0,200.0,44.0
47640873,300,31,9.0,49.59,11.0,5,6,True,SE,35.8223643417416,128.738035113655,경상북도 경산시 중방동,True,True,False,True,True,1334.0,108.0,57.0,139.0,1203.0,79.0,219.0
47640844,100,21,9.0,36.36,24.0,2,3,False,SW,35.8161177582731,128.762913651929,경상북도 경산시 사동,True,True,False,True,True,2418.0,297.0,108.0,625.0,3102.0,238.0,81.0
47640823,200,16,9.0,33.06,16.0,2,4,False,SE,35.839354409991,128.765724604125,경상북도 경산시 압량읍 신대리,True,True,True,True,True,1209.0,120.0,47.0,248.0,2814.0,64.0,96.0
47640783,100,17,9.0,33.06,6.0,2,4,False,SW,35.8139623647189,128.731025600123,경상북도 경산시 옥곡동,True,False,False,True,True,2247.0,152.0,136.0,159.0,2154.0,118.0,147.0
47640761,200,26,9.0,33.06,26.0,3,3,False,SW,35.8306894187141,128.747812757588,경상북도 경산시 계양동,True,True,False,True,True,717.0,733.0,129.0,843.0,1138.0,143.0,148.0
47640747,300,41,9.0,49.59,6.0,3,4,False,SW,35.8392882215571,128.756432833482,경상북도 경산시 조영동,True,True,True,True,True,465.0,170.0,14.0,92.0,2012.0,14.0,188.0
47640710,200,29,9.0,49.59,6.0,3,3,False,SW,35.8445722692253,128.750552709958,경상북도 경산시 임당동,True,True,False,True,True,945.0,330.0,201.0,803.0,1870.0,110.0,213.0
47640546,200,22,9.0,39.67,6.0,3,4,False,SW,35.8438538796352,128.750893736092,경상북도 경산시 임당동,True,True,False,True,True,861.0,353.0,170.0,728.0,1839.0,89.0,151.0
47640527,300,36,9.0,49.59,6.0,2,4,True,SW,35.8401419079707,128.759453026634,경상북도 경산시 압량읍 부적리,True,True,True,True,True,734.0,422.0,47.0,104.0,2300.0,84.0,47.0
47640518,200,31,9.0,29.75,6.0,3,4,True,SW,35.8409824681273,128.755831843447,경상북도 경산시 조영동,True,True,True,True,True,588.0,95.0,49.0,182.0,2036.0,13.0,169.0
47640431,100,18,9.0,39.67,6.0,1,4,False,SW,35.8021268184917,128.737139727969,경상북도 경산시 백천동,True,False,False,True,True,3573.0,284.0,0.0,263.0,2632.0,56.0,125.0
47640410,100,16,9.0,33.06,6.0,1,3,False,SW,35.8295139834887,128.730393147347,경상북도 경산시 정평동,True,True,False,True,True,537.0,280.0,109.0,370.0,602.0,56.0,142.0
47640401,200,27,9.0,33.06,6.0,3,4,False,SW,35.8381181814187,128.752892687269,경상북도 경산시 대동,True,True,True,True,True,205.0,138.0,60.0,132.0,1667.0,48.0,149.0
47640380,200,33,0.0,36.36,11.0,2,4,False,SE,35.8171348542917,128.75561987948,경상북도 경산시 사동,True,True,False,True,True,2143.0,211.0,115.0,226.0,2529.0,122.0,163.0
47640332,500,36,9.0,49.59,13.0,3,4,False,SW,35.8097195112824,128.759074792766,경상북도 경산시 사동,True,True,False,True,True,3006.0,113.0,29.0,137.0,3348.0,70.0,161.0
47640310,300,31,9.0,49.59,6.0,2,4,True,SW,35.8426857229954,128.759444477589,경상북도 경산시 압량읍 부적리,True,True,False,True,True,928.0,406.0,161.0,249.0,2412.0,94.0,59.0
47640300,300,33,9.0,49.59,6.0,3,4,False,SW,35.8237291589159,128.734307728962,경상북도 경산시 중방동,True,True,True,True,True,1267.0,27.0,27.0,81.0,1035.0,62.0,133.0
47640291,500,39,9.0,49.59,6.0,5,5,True,SW,35.8168060672793,128.760465198952,경상북도 경산시 사동,True,False,False,True,True,2271.0,162.0,78.0,614.0,2881.0,43.0,112.0
47640161,300,31,9.0,49.59,6.0,3,5,True,SW,35.8177068853092,128.756070385532,경상북도 경산시 사동,True,False,False,True,True,2085.0,219.0,100.0,262.0,2515.0,184.0,207.0
47640071,150,26,9.0,33.06,6.0,2,4,False,SW,35.8407644449349,128.756654522964,경상북도 경산시 조영동,True,True,True,True,True,605.0,167.0,62.0,119.0,2093.0,75.0,140.0
47640019,100,24,9.0,42.98,6.0,2,4,True,SW,35.8186467597205,128.756637652176,경상북도 경산시 사동,True,False,False,True,True,1990.0,255.0,63.0,321.0,2484.0,226.0,178.0
47639999,200,21,9.0,33.06,24.0,1,3,False,SE,35.84213558141,128.75142160989,경상북도 경산시 임당동,True,True,True,True,True,664.0,340.0,133.0,545.0,1758.0,25.0,143.0
47639950,500,41,9.0,46.28,6.0,3,4,True,SW,35.8149696639775,128.755685157312,경상북도 경산시 사동,True,True,False,True,True,2383.0,82.0,58.0,250.0,2706.0,148.0,123.0
47639916,100,11,9.0,33.06,6.0,3,4,False,SW,35.8254652250023,128.726890572927,경상북도 경산시 옥산동,True,True,False,True,True,964.0,431.0,167.0,235.0,1142.0,43.0,170.0
47639866,100,16,9.0,35.0,6.0,3,3,False,SW,35.8188768562211,128.755451014989,경상북도 경산시 사동,True,True,False,True,True,1949.0,169.0,53.0,245.0,2386.0,276.0,119.0
47639836,300,23,9.0,36.36,7.0,2,3,False,SW,35.8242781967042,128.723323215821,경상북도 경산시 옥산동,True,True,True,True,True,1178.0,191.0,106.0,119.0,1204.0,97.0,134.0
47639819,100,21,9.0,33.06,6.0,3,4,False,SW,35.8431061792383,128.751539240503,경상북도 경산시 임당동,True,True,True,True,True,769.0,364.0,152.0,629.0,1831.0,106.0,147.0
47639806,300,31,9.0,49.59,6.0,2,4,False,SW,35.8428434782253,128.759058944733,경상북도 경산시 압량읍 부적리,True,True,False,True,True,920.0,378.0,179.0,287.0,2389.0,69.0,95.0
47639749,200,29,9.0,33.06,6.0,3,5,True,SW,35.8415726717679,128.757627336635,경상북도 경산시 압량읍 부적리,True,True,True,True,True,729.0,224.0,117.0,164.0,2210.0,31.0,122.0
47639726,100,14,9.0,22.08,6.0,3,4,False,SW,35.8397949978155,128.764305740899,경상북도 경산시 압량읍 신대리,True,True,False,True,True,1104.0,86.0,125.0,152.0,2704.0,76.0,99.0
47639711,200,21,9.0,33.06,6.0,4,4,False,SW,35.8431883045487,128.763603313413,경상북도 경산시 압량읍 신대리,True,True,True,True,True,1237.0,349.0,58.0,146.0,2775.0,98.0,124.0
47639704,200,11,9.0,41.32,26.0,2,3,False,SW,35.8206759276083,128.725451894456,경상북도 경산시 옥산동,True,False,False,True,True,1510.0,157.0,170.0,334.0,1641.0,73.0,194.0
47639689,300,31,9.0,49.59,11.0,2,4,False,SW,35.8220547149775,128.749145423256,경상북도 경산시 계양동,True,True,False,True,True,1525.0,260.0,170.0,440.0,1729.0,124.0,91.0
47639681,500,41,9.0,42.98,9.0,7,7,True,SE,35.8413732731002,128.760198707621,경상북도 경산시 압량읍 부적리,True,True,True,True,True,871.0,453.0,0.0,145.0,2413.0,134.0,119.0
47639673,300,29,9.0,27.63,10.0,3,4,False,SW,35.827326840798,128.73528662374,경상북도 경산시 중방동,True,True,False,True,True,916.0,115.0,30.0,191.0,630.0,97.0,195.0
47639635,100,19,9.0,33.06,14.0,6,6,True,SW,35.8247807421868,128.736612415802,경상북도 경산시 중방동,True,True,False,True,True,1112.0,148.0,43.0,12.0,918.0,179.0,87.0
47639612,100,16,9.0,33.06,26.0,2,4,False,SW,35.8247945367934,128.727258886386,경상북도 경산시 옥산동,True,True,False,True,True,1034.0,405.0,186.0,315.0,1176.0,107.0,158.0
47639597,100,11,9.0,23.14,6.0,2,3,False,SE,35.8162108958394,128.762971582977,경상북도 경산시 사동,True,True,False,True,True,2410.0,305.0,112.0,637.0,3100.0,242.0,74.0
47639375,500,65,8.0,27.51,6.0,7,15,True,N,35.8336796787994,128.743877290366,경상북도 경산시 계양동,True,False,False,True,True,258.0,389.0,2.0,749.0,758.0,2.0,148.0
47635488,100,20,5.0,26.45,6.0,2,4,False,NW,35.8206234682492,128.756779575632,경상북도 경산시 삼풍동,True,True,True,True,True,1776.0,97.0,141.0,211.0,2360.0,133.0,139.0
47635379,100,25,5.0,29.75,6.0,2,4,False,S,35.8207556914602,128.755871344685,경상북도 경산시 삼풍동,True,True,True,True,True,1747.0,15.0,61.0,128.0,2285.0,118.0,72.0
47635369,200,30,5.0,42.98,6.0,2,4,False,SE,35.8205788336725,128.756251379156,경상북도 경산시 삼풍동,True,True,True,True,True,1772.0,54.0,94.0,165.0,2324.0,133.0,97.0
47635347,200,30,5.0,49.59,6.0,2,4,False,NW,35.8205025850349,128.75589464686,경상북도 경산시 삼풍동,True,True,True,True,True,1775.0,38.0,63.0,137.0,2303.0,136.0,64.0
47635326,200,30,5.0,49.59,6.0,1,3,False,S,35.8222168731299,128.755673613317,경상북도 경산시 삼풍동,True,True,True,True,True,1584.0,155.0,27.0,179.0,2177.0,28.0,206.0
47634475,200,43,5.0,20.0,6.0,3,3,False,W,35.8389684806623,128.75269515277,경상북도 경산시 조영동,True,True,True,True,True,300.0,89.0,40.0,223.0,1686.0,48.0,240.0
47634064,70,11,9.0,26.45,6.0,3,4,False,SW,35.8252842932071,128.720752553716,경상북도 경산시 옥산동,True,False,False,True,True,1192.0,328.0,47.0,177.0,1059.0,89.0,74.0
47634057,100,14,9.0,26.45,6.0,3,4,False,SW,35.8224341978303,128.719235140234,경상북도 경산시 옥산동,True,True,False,True,True,1531.0,45.0,201.0,52.0,1376.0,100.0,38.0
47634041,70,11,9.0,26.45,6.0,3,4,False,W,35.8255407739022,128.722147638039,경상북도 경산시 옥산동,True,False,False,True,True,1099.0,356.0,49.0,62.0,1045.0,146.0,73.0
47634031,100,13,9.0,23.14,6.0,3,4,False,SW,35.8274879182728,128.72967107118,경상북도 경산시 옥산동,True,False,False,True,True,739.0,381.0,185.0,291.0,807.0,290.0,192.0
47634021,300,25,5.0,40.0,7.0,2,3,False,S,35.8220075082946,128.718718848552,경상북도 경산시 옥산동,True,False,False,True,True,1596.0,63.0,263.0,105.0,1427.0,157.0,65.0
47633723,200,31,5.0,27.0,6.0,2,4,False,SW,35.8394956093357,128.759238550287,경상북도 경산시 압량읍 부적리,True,True,True,True,True,678.0,423.0,114.0,116.0,2258.0,11.0,67.0
47629671,100,18,10.0,30.0,6.0,2,4,False,N,35.8172003935159,128.755291068147,경상북도 경산시 사동,True,True,False,True,True,2133.0,183.0,104.0,196.0,2503.0,109.0,180.0
47629324,100,16,9.0,26.45,6.0,3,4,False,SW,35.8229492876268,128.723261177278,경상북도 경산시 옥산동,True,True,True,True,True,1317.0,56.0,68.0,82.0,1347.0,161.0,29.0
47625606,300,50,5.0,33.06,6.0,4,5,True,E,35.8390348761498,128.757415294553,경상북도 경산시 조영동,True,True,True,True,True,513.0,260.0,98.0,57.0,2086.0,98.0,154.0
47623307,200,33,5.0,38.0,6.0,4,4,False,S,35.8386866609946,128.757749354472,경상북도 경산시 조영동,True,True,True,True,True,516.0,298.0,124.0,73.0,2102.0,138.0,182.0
47619575,200,36,9.0,49.59,6.0,3,4,False,S,35.812296765575,128.76104778245,경상북도 경산시 사동,True,True,True,True,True,2767.0,118.0,16.0,197.0,3255.0,118.0,69.0
47617934,150,29,5.0,29.75,27.0,1,3,False,S,35.8400571031729,128.752937790713,경상북도 경산시 조영동,True,True,True,True,True,420.0,114.0,87.0,279.0,1757.0,98.0,140.0
47617074,300,26,9.0,30.5,6.0,2,4,False,S,35.8103764792821,128.759219384801,경상북도 경산시 사동,True,True,False,True,True,2937.0,185.0,94.0,107.0,3300.0,25.0,113.0
47615705,70,22,5.0,20.1,6.0,1,3,False,NE,35.8403923468347,128.753078083755,경상북도 경산시 조영동,True,True,True,True,True,458.0,141.0,112.0,300.0,1785.0,99.0,103.0
47614313,100,23,5.0,22.5,6.0,1,3,False,SE,35.8419433633431,128.751638506761,경상북도 경산시 임당동,True,True,True,True,True,640.0,318.0,159.0,516.0,1762.0,52.0,169.0
47613198,200,38,0.0,30.0,6.0,2,3,False,S,35.8386281989666,128.754313930231,경상북도 경산시 조영동,True,True,True,True,True,293.0,84.0,65.0,80.0,1807.0,91.0,187.0
47613095,200,35,0.0,30.0,6.0,3,4,False,SE,35.8392217870554,128.759495008596,경상북도 경산시 압량읍 부적리,True,True,True,True,True,682.0,358.0,130.0,140.0,2270.0,39.0,105.0
47611100,200,30,5.0,29.75,6.0,4,4,False,W,35.822573341308896,128.75737622299005,경상북도 경산시 삼풍동,True,True,True,True,True,1577.0,245.0,183.0,319.0,2286.0,128.0,311.0
47610353,150,33,0.0,30.0,6.0,1,3,False,S,35.8406172765717,128.753626980724,경상북도 경산시 조영동,True,True,True,True,True,488.0,157.0,92.0,296.0,1840.0,131.0,54.0
47609724,150,34,0.0,30.0,7.0,1,3,False,W,35.8400571031729,128.752937790713,경상북도 경산시 조영동,True,True,True,True,True,420.0,114.0,87.0,279.0,1757.0,98.0,140.0
47609569,200,30,0.0,28.0,6.0,3,4,False,S,35.840076312331,128.756958850487,경상북도 경산시 조영동,True,True,True,True,True,561.0,231.0,19.0,40.0,2088.0,96.0,106.0
47609530,200,40,0.0,30.0,6.0,2,3,False,E,35.8391053565248,128.751156772356,경상북도 경산시 대동,True,True,True,True,True,350.0,224.0,126.0,319.0,1566.0,97.0,327.0
47609288,200,27,8.0,25.0,6.0,3,4,False,E,35.8392217870554,128.759495008596,경상북도 경산시 압량읍 부적리,True,True,True,True,True,682.0,358.0,130.0,140.0,2270.0,39.0,105.0
47608381,300,43,10.0,30.0,6.0,3,4,False,W,35.8404779001754,128.756894002318,경상북도 경산시 조영동,True,True,True,True,True,592.0,203.0,26.0,81.0,2100.0,69.0,110.0
47606390,200,30,8.0,26.44,6.0,2,2,False,W,35.8391053565248,128.751156772356,경상북도 경산시 대동,True,True,True,True,True,350.0,224.0,126.0,319.0,1566.0,97.0,327.0
47602941,100,20,7.0,20.0,6.0,2,3,False,S,35.8398574463648,128.751044708729,경상북도 경산시 대동,True,True,True,True,True,430.0,245.0,208.0,387.0,1595.0,108.0,287.0
47601877,500,26,9.0,35.5,6.0,2,4,False,SW,35.8193121595953,128.748654515242,경상북도 경산시 계양동,True,False,False,True,True,1781.0,177.0,59.0,412.0,1928.0,154.0,36.0
47599538,200,25,5.0,22.5,6.0,3,3,False,SE,35.8411130244437,128.753241470739,경상북도 경산시 임당동,True,True,True,True,True,539.0,180.0,155.0,361.0,1836.0,92.0,56.0
47595859,200,39,5.0,26.45,6.0,4,4,False,E,35.8373416662734,128.751157397616,경상북도 경산시 대동,True,True,True,True,True,194.0,305.0,12.0,203.0,1491.0,113.0,241.0
47595658,200,29,5.0,26.45,6.0,2,4,False,S,35.8407867376239,128.755141590639,경상북도 경산시 조영동,True,True,True,True,True,542.0,93.0,62.0,218.0,1971.0,63.0,113.0
47595607,200,40,5.0,27.0,6.0,2,3,False,NW,35.8391006216776,128.753933785512,경상북도 경산시 조영동,True,True,True,True,True,329.0,29.0,12.0,141.0,1794.0,43.0,219.0
47594084,300,40,10.0,36.36,6.0,2,4,False,SE,35.8392882215571,128.756432833482,경상북도 경산시 조영동,True,True,True,True,True,465.0,170.0,14.0,92.0,2012.0,14.0,188.0
47590746,100,23,5.0,23.14,6.0,1,3,False,E,35.8387264464297,128.754441812874,경상북도 경산시 조영동,True,True,True,True,True,308.0,71.0,67.0,79.0,1822.0,96.0,201.0
47590741,200,30,5.0,23.14,6.0,3,4,False,E,35.8381484256469,128.752919691609,경상북도 경산시 대동,True,True,True,True,True,208.0,134.0,61.0,134.0,1671.0,45.0,150.0
47590734,200,29,5.0,23.14,6.0,3,4,False,SE,35.8399884143587,128.759418316543,경상북도 경산시 압량읍 부적리,True,True,True,True,True,721.0,273.0,60.0,104.0,2291.0,67.0,44.0
47589953,300,33,5.0,27.0,6.0,3,4,True,NW,35.8400148615836,128.761051278855,경상북도 경산시 압량읍 부적리,True,True,True,True,True,848.0,299.0,111.0,180.0,2431.0,184.0,129.0
47589418,200,35,5.0,23.14,6.0,3,4,False,SW,35.8382540618809,128.759581754762,경상북도 경산시 조영동,True,True,True,True,True,645.0,466.0,38.0,190.0,2247.0,37.0,208.0
47587985,200,30,9.0,20.0,6.0,4,4,False,S,35.8382540618816,128.759581754762,경상북도 경산시 조영동,True,True,True,True,True,645.0,466.0,38.0,190.0,2247.0,37.0,208.0
47587906,200,32,8.0,20.0,6.0,2,4,False,E,35.8382540618816,128.759581754762,경상북도 경산시 조영동,True,True,True,True,True,645.0,466.0,38.0,190.0,2247.0,37.0,208.0
47587872,500,35,10.0,45.0,6.0,3,4,False,SW,35.8456209049899,128.758290432917,경상북도 경산시 압량읍 부적리,True,True,True,True,True,1149.0,241.0,80.0,546.0,2488.0,140.0,320.0
47587817,200,32,5.0,27.0,6.0,2,4,False,SE,35.8407644449356,128.756654522964,경상북도 경산시 조영동,True,True,True,True,True,605.0,167.0,62.0,119.0,2093.0,75.0,140.0
47587784,100,28,5.0,27.0,6.0,3,4,False,SE,35.8400589135429,128.756077977503,경상북도 경산시 조영동,True,True,True,True,True,511.0,158.0,62.0,108.0,2014.0,51.0,184.0
47587600,300,35,10.0,30.0,6.0,1,3,False,S,35.8233248697366,128.754404561486,경상북도 경산시 삼풍동,True,True,True,True,True,1447.0,158.0,138.0,266.0,2014.0,140.0,241.0
47587558,100,20,5.0,30.0,6.0,2,3,False,S,35.8225556862374,128.756136825413,경상북도 경산시 삼풍동,True,True,True,True,True,1554.0,197.0,75.0,234.0,2192.0,61.0,254.0
47587553,100,20,5.0,30.0,6.0,3,3,False,S,35.822554705017,128.75613613992,경상북도 경산시 삼풍동,True,True,True,True,True,1554.0,196.0,75.0,234.0,2192.0,61.0,254.0
47587147,100,25,5.0,34.0,6.0,2,3,False,S,35.8222246705001,128.756934253447,경상북도 경산시 삼풍동,True,True,True,True,True,1605.0,190.0,140.0,264.0,2272.0,72.0,256.0
47579043,100,25,5.0,26.45,6.0,3,3,False,SE,35.8223008036294,128.756836461685,경상북도 경산시 삼풍동,True,True,True,True,True,1595.0,193.0,131.0,262.0,2260.0,73.0,258.0
47578802,100,25,7.0,20.0,6.0,3,4,False,S,35.8379795561608,128.758420107382,경상북도 경산시 조영동,True,True,True,True,True,536.0,381.0,73.0,155.0,2138.0,137.0,235.0
47577645,300,37,8.0,30.0,6.0,2,4,True,S,35.8425554903905,128.759378184807,경상북도 경산시 압량읍 부적리,True,True,True,True,True,913.0,26.0,151.0,247.0,2400.0,106.0,67.0
47577434,200,26,7.0,20.0,6.0,2,4,False,E,35.840091324207,128.759578183537,경상북도 경산시 압량읍 부적리,True,True,True,True,True,740.0,261.0,42.0,116.0,2309.0,83.0,58.0
47577395,200,27,8.0,20.0,6.0,1,3,False,S,35.8389809379283,128.754144629484,경상북도 경산시 조영동,True,True,True,True,True,322.0,52.0,30.0,118.0,1807.0,63.0,222.0
47576168,100,25,5.0,29.75,6.0,3,4,False,NW,35.8217299223371,128.757866701383,경상북도 경산시 삼풍동,True,True,True,True,True,1679.0,218.0,232.0,318.0,2373.0,136.0,282.0
47574924,500,40,10.0,27.0,6.0,4,4,False,SE,35.8471093907278,128.761107111628,경상북도 경산시 압량읍 부적리,True,False,True,True,True,1416.0,92.0,233.0,566.0,2791.0,429.0,143.0
47574867,300,32,5.0,27.0,6.0,4,4,False,SW,35.8409652299403,128.755439023677,경상북도 경산시 조영동,True,True,True,True,True,571.0,78.0,55.0,207.0,2003.0,38.0,134.0
47574586,200,30,5.0,26.44,6.0,1,3,False,E,35.83965570725316,128.75239663753862,경상북도 경산시 조영동,True,True,True,True,True,378.0,123.0,108.0,288.0,1693.0,32.0,205.0
47571371,100,21,9.0,40.0,6.0,3,4,False,NE,35.8158422896725,128.763238804796,경상북도 경산시 사동,True,True,True,True,True,2457.0,320.0,144.0,616.0,3144.0,273.0,121.0
47571349,150,28,5.0,22.5,6.0,1,3,False,S,35.8406172765717,128.753626980724,경상북도 경산시 조영동,True,True,True,True,True,488.0,157.0,92.0,296.0,1840.0,131.0,54.0
47571180,200,35,0.0,30.0,6.0,2,3,False,W,35.8405402920606,128.753542504211,경상북도 경산시 조영동,True,True,True,True,True,478.0,149.0,93.0,292.0,1829.0,127.0,65.0
47571131,200,32,0.0,30.0,6.0,3,3,False,S,35.8409805199581,128.753836842393,경상북도 경산시 조영동,True,True,True,True,True,530.0,138.0,111.0,326.0,1876.0,125.0,10.0
47570984,100,30,0.0,32.0,6.0,2,3,False,E,35.8405315896811,128.754089246444,경상북도 경산시 조영동,True,True,True,True,True,,,,,,,
47570341,500,36,0.0,49.59,6.0,3,4,True,NW,35.811284448162304,128.76005686058278,경상북도 경산시 사동,True,True,False,True,True,2854.0,135.0,77.0,81.0,3275.0,102.0,77.0
47570328,1000,36,9.0,50.0,6.0,3,4,True,S,35.81724753950234,128.75800229776786,경상북도 경산시 사동,True,True,True,True,True,2166.0,250.0,82.0,437.0,2679.0,46.0,108.0
47569529,70,16,5.0,20.1,6.0,1,3,False,NW,35.8411134757347,128.752141960586,경상북도 경산시 임당동,True,True,True,True,True,542.0,252.0,224.0,415.0,1750.0,18.0,155.0
47569255,200,32,5.0,27.0,6.0,2,4,False,S,35.8397517838038,128.762295361595,경상북도 경산시 압량읍 부적리,True,True,True,True,True,934.0,255.0,47.0,201.0,2529.0,214.0,79.0
47569137,200,35,5.0,27.0,6.0,3,4,False,SW,35.8382540618816,128.759581754762,경상북도 경산시 조영동,True,True,True,True,True,645.0,466.0,38.0,190.0,2247.0,37.0,208.0
47568987,200,33,5.0,27.0,6.0,3,4,False,NE,35.8407644449356,128.756654522964,경상북도 경산시 조영동,True,True,True,True,True,605.0,167.0,62.0,119.0,2093.0,75.0,140.0
47567984,200,26,9.0,50.0,6.0,2,4,False,S,35.8139121837332,128.730862099957,경상북도 경산시 옥곡동,True,False,False,True,True,2251.0,162.0,143.0,169.0,2162.0,120.0,160.0
47563202,100,25,5.0,33.0,20.0,3,3,False,S,35.8447005467169,128.756365152493,경상북도 경산시 압량읍 부적리,True,True,True,True,True,989.0,359.0,240.0,529.0,2287.0,116.0,384.0
47560410,200,30,0.0,30.0,6.0,1,3,False,S,35.8385426361364,128.750969103647,경상북도 경산시 대동,True,True,True,True,True,304.0,252.0,87.0,285.0,1524.0,70.0,307.0
47558031,100,16,9.0,33.5,6.0,1,3,False,NW,35.8163770562557,128.76256048011,경상북도 경산시 사동,True,True,True,True,True,2379.0,275.0,75.0,634.0,3059.0,204.0,47.0
47558030,200,26,9.0,49.56,6.0,3,4,False,S,35.816053075972,128.763072091114,경상북도 경산시 사동,True,True,True,True,True,2430.0,309.0,123.0,627.0,3118.0,254.0,93.0
47558029,1000,31,9.0,45.5,6.0,3,4,False,S,35.8095717205163,128.759844596884,경상북도 경산시 사동,True,True,True,True,True,3036.0,112.0,49.0,98.0,3405.0,112.0,132.0
47558028,500,36,9.0,49.56,6.0,3,4,True,S,35.8112838256423,128.760056293683,경상북도 경산시 사동,True,True,False,True,True,2854.0,135.0,77.0,81.0,3275.0,103.0,77.0
47558012,200,28,9.0,33.05,6.0,2,4,False,S,35.8097727727191,128.759394575471,경상북도 경산시 사동,True,False,False,True,True,3005.0,119.0,28.0,110.0,3362.0,75.0,135.0
47558011,1000,26,9.0,49.56,6.0,3,4,False,NE,35.8110823102147,128.760180950181,경상북도 경산시 사동,True,False,False,True,True,2878.0,126.0,99.0,86.0,3299.0,126.0,52.0
47557988,200,29,9.0,33.05,6.0,2,4,False,S,35.8105790289368,128.759584171563,경상북도 경산시 사동,True,True,False,True,True,2921.0,195.0,119.0,79.0,3305.0,64.0,77.0
47557740,300,31,9.0,50.0,6.0,2,4,False,S,35.8097374808418,128.759238475581,경상북도 경산시 사동,True,True,False,True,True,3007.0,114.0,24.0,124.0,3356.0,72.0,148.0
47556692,200,24,9.0,39.67,6.0,4,4,False,S,35.8308998462069,128.747458622594,경상북도 경산시 계양동,True,True,True,True,True,677.0,696.0,129.0,844.0,1102.0,155.0,184.0
47556631,500,36,9.0,49.59,6.0,3,4,False,S,35.817441218768,128.75808667108,경상북도 경산시 사동,True,True,False,True,True,2147.0,263.0,94.0,443.0,2671.0,69.0,104.0
47556412,2000,21,9.0,56.2,6.0,4,4,False,NW,35.8172737868734,128.748265827404,경상북도 경산시 계양동,True,True,False,True,True,1981.0,351.0,183.0,405.0,2092.0,202.0,196.0
47556174,200,28,6.0,23.14,6.0,3,3,False,NW,35.8379810484763,128.753082894221,경상북도 경산시 대동,True,True,True,True,True,191.0,145.0,37.0,110.0,1678.0,68.0,127.0
47549217,100,16,9.0,29.5,6.0,2,3,False,SW,35.8162160278671,128.762670875616,경상북도 경산시 사동,True,True,True,True,True,2400.0,279.0,85.0,623.0,3078.0,215.0,65.0
47545655,200,28,5.0,27.0,6.0,2,2,True,NW,35.8397707966362,128.751369721666,경상북도 경산시 대동,True,True,True,True,True,411.0,214.0,188.0,362.0,1616.0,77.0,267.0
47536129,200,35,0.0,30.0,6.0,2,4,False,SE,35.8381181814194,128.752892687269,경상북도 경산시 대동,True,True,True,True,True,205.0,138.0,60.0,132.0,1667.0,48.0,149.0
47536007,200,40,5.0,30.0,6.0,2,4,False,E,35.8369375397417,128.752292685289,경상북도 경산시 대동,True,True,True,True,True,89.0,280.0,51.0,93.0,1575.0,108.0,136.0
47535035,150,33,0.0,30.0,7.0,2,3,False,S,35.8378024582009,128.754433967554,경상북도 경산시 조영동,True,True,True,True,True,221.0,172.0,14.0,72.0,1788.0,63.0,103.0
47535014,100,32,0.0,30.0,6.0,2,3,False,S,35.8395320698366,128.751068100556,경상북도 경산시 대동,True,True,True,True,True,396.0,235.0,173.0,358.0,1580.0,97.0,304.0
47534910,200,39,0.0,30.0,6.0,4,4,False,S,35.8407644449356,128.756654522964,경상북도 경산시 조영동,True,True,True,True,True,605.0,167.0,62.0,119.0,2093.0,75.0,140.0
47532349,200,35,9.0,26.45,6.0,1,4,False,NE,35.8393211364746,128.7531585693364,경상북도 경산시 조영동,True,True,True,True,True,340.0,45.0,42.0,210.0,1740.0,39.0,204.0
47528702,900,63,3.0,40.2,6.0,11,15,True,SE,35.8336558461309,128.736283083887,경상북도 경산시 중방동,True,False,True,True,True,434.0,362.0,77.0,109.0,102.0,107.0,44.0
47526973,200,26,9.0,40.0,6.0,2,4,False,NW,35.8205506016499,128.732771329117,경상북도 경산시 중방동,True,True,True,True,True,1553.0,90.0,97.0,202.0,1405.0,196.0,151.0
47526911,100,20,9.0,49.59,6.0,3,4,False,S,35.8222075097867,128.739843400709,경상북도 경산시 중방동,True,True,False,True,True,1328.0,256.0,203.0,244.0,1261.0,219.0,194.0
47526906,200,28,9.0,39.67,6.0,2,4,False,S,35.8100857333022,128.759499275934,경상북도 경산시 사동,True,True,False,True,True,2973.0,155.0,64.0,86.0,3341.0,57.0,105.0
47526807,100,18,9.0,39.67,6.0,3,4,False,S,35.826258389293,128.727637283352,경상북도 경산시 옥산동,True,True,True,True,True,869.0,187.0,87.0,179.0,1032.0,137.0,152.0
47513696,500,34,9.0,35.5,6.0,2,4,False,SW,35.8247232052924,128.739375502564,경상북도 경산시 중방동,True,False,False,True,True,1054.0,386.0,107.0,168.0,983.0,36.0,89.0
47509056,200,28,5.0,27.0,6.0,3,4,True,NE,35.8400713261704,128.759110051194,경상북도 경산시 압량읍 부적리,True,True,True,True,True,704.0,268.0,78.0,75.0,2268.0,71.0,16.0
47490822,100,30,5.0,23.14,7.0,3,3,False,S,35.8378143531169,128.751506539883,경상북도 경산시 대동,True,True,True,True,True,210.0,247.0,37.0,197.0,1538.0,62.0,226.0
47484796,200,40,5.0,26.45,6.0,2,4,False,NW,35.8392730233987,128.750868403338,경상북도 경산시 대동,True,True,True,True,True,378.0,250.0,155.0,351.0,1551.0,116.0,335.0
47481978,300,31,9.0,35.5,6.0,2,4,False,SW,35.8185087606964,128.749765640974,경상북도 경산시 계양동,True,False,False,True,True,1903.0,173.0,146.0,284.0,2060.0,26.0,63.0
47481794,100,27,5.0,26.45,6.0,1,3,False,E,35.83898822610862,128.7529352950363,경상북도 경산시 조영동,True,True,True,True,True,302.0,68.0,31.0,209.0,1706.0,48.0,234.0
47475012,300,25,9.9,25.0,6.0,4,4,True,N,35.8451082000229,128.708088842982,대구시 수성구 매호동,True,False,True,True,True,553.0,121.0,39.0,516.0,708.0,233.0,450.0
47472042,100,28,5.0,26.45,6.0,3,4,False,NE,35.8381491845981,128.751502171386,경상북도 경산시 대동,True,True,True,True,True,241.0,226.0,24.0,220.0,1551.0,49.0,243.0
47467639,200,40,0.0,28.0,6.0,3,4,False,W,35.8382540618816,128.759581754762,경상북도 경산시 조영동,True,True,True,True,True,645.0,466.0,38.0,190.0,2247.0,37.0,208.0
47467446,200,38,0.0,30.0,6.0,3,4,False,S,35.8403106927139,128.756558414277,경상북도 경산시 조영동,True,True,True,True,True,559.0,194.0,32.0,83.0,2065.0,90.0,139.0
47419022,100,27,0.0,29.8,6.0,2,4,False,S,35.838700492565,128.760134442261,경상북도 경산시 압량읍 부적리,True,True,True,True,True,709.0,418.0,108.0,209.0,2309.0,37.0,184.0
47377992,1000,46,9.0,49.56,6.0,3,4,True,S,35.8208731868864,128.73451533545,경상북도 경산시 서상동,True,False,False,True,True,1567.0,74.0,32.0,153.0,1350.0,91.0,178.0
47335672,200,30,5.0,34.0,6.0,3,4,False,S,35.8225724727927,128.75737399092,경상북도 경산시 삼풍동,True,True,True,True,True,1577.0,245.0,183.0,319.0,2286.0,128.0,311.0
47292208,200,34,5.0,30.0,6.0,3,4,False,SW,35.8386709827854,128.757465920057,경상북도 경산시 조영동,True,True,True,True,True,493.0,273.0,99.0,84.0,2078.0,116.0,190.0
47265660,150,30,5.0,26.45,7.0,2,3,False,E,35.839872435213685,128.75211809134353,경상북도 경산시 조영동,True,True,True,True,True,405.0,156.0,139.0,322.0,1681.0,46.0,206.0
47259687,150,29,5.0,23.14,7.0,3,3,False,W,35.8400571031729,128.752937790713,경상북도 경산시 조영동,True,True,True,True,True,420.0,114.0,87.0,279.0,1757.0,98.0,140.0
47258067,200,25,5.0,26.45,6.0,4,4,False,E,35.8379224373462,128.754239954949,경상북도 경산시 조영동,True,True,True,True,True,221.0,153.0,1.0,80.0,1775.0,67.0,110.0
47234725,1000,30,9.0,49.0,6.0,2,4,False,SW,35.8205589238034,128.749956914579,경상북도 경산시 계양동,True,False,False,True,True,1706.0,79.0,110.0,336.0,1899.0,114.0,161.0
47234521,500,51,,59.5,6.0,2,4,False,S,35.8095022830291,128.759171003505,경상북도 경산시 사동,True,True,True,True,True,3031.0,88.0,13.0,144.0,3372.0,88.0,167.0
47228522,300,36,9.0,35.5,6.0,2,4,False,SW,35.839341310672,128.761515804316,경상북도 경산시 압량읍 부적리,True,False,False,True,True,852.0,335.0,119.0,243.0,2448.0,180.0,157.0
47225848,300,38,9.0,49.59,6.0,2,4,False,S,35.8097727727184,128.759394575472,경상북도 경산시 사동,True,True,True,True,True,3005.0,119.0,28.0,110.0,3362.0,75.0,135.0
47224853,200,27,9.0,33.05,6.0,3,4,False,S,35.8324896973947,128.745983763936,경상북도 경산시 계양동,True,True,True,True,True,478.0,547.0,10.0,818.0,946.0,232.0,168.0
47176939,200,26,9.0,39.67,6.0,2,4,False,S,35.8324376444102,128.745646661195,경상북도 경산시 계양동,True,True,True,True,True,453.0,516.0,22.0,846.0,916.0,212.0,172.0
47172765,200,37,5.0,26.44,6.0,1,3,False,W,35.8405578751805,128.753294767857,경상북도 경산시 조영동,True,True,True,True,True,478.0,154.0,113.0,305.0,1811.0,106.0,76.0
47172291,100,21,5.0,19.83,7.0,1,3,False,W,35.8396364764127,128.755997171813,경상북도 경산시 조영동,True,True,True,True,True,469.0,134.0,59.0,113.0,1989.0,31.0,203.0
47168980,100,19,9.0,33.06,6.0,2,4,False,S,35.8119435188157,128.759860878584,경상북도 경산시 사동,True,True,True,True,True,2778.0,168.0,25.0,88.0,3209.0,30.0,152.0
47166398,100,30,5.0,26.44,6.0,1,3,False,W,35.8389043000342,128.753036258949,경상북도 경산시 조영동,True,True,True,True,True,293.0,64.0,22.0,197.0,1711.0,42.0,223.0
47085625,200,35,8.0,30.0,6.0,1,3,False,SW,35.8395789669603,128.752004950788,경상북도 경산시 조영동,True,True,True,True,True,375.0,153.0,132.0,312.0,1658.0,18.0,235.0
47032249,100,27,5.0,26.44,6.0,2,4,False,S,35.84095602720419,128.75690078594087,경상북도 경산시 압량읍 부적리,True,True,True,True,True,635.0,175.0,79.0,132.0,2122.0,63.0,130.0
47020053,200,35,9.0,30.0,6.0,2,4,False,W,35.8385243350289,128.757628464728,경상북도 경산시 조영동,True,True,True,True,True,497.0,292.0,109.0,93.0,2087.0,137.0,202.0
47012228,100,30,5.0,23.14,7.0,3,3,False,E,35.8393289124989,128.752541949718,경상북도 경산시 조영동,True,True,True,True,True,341.0,100.0,80.0,258.0,1689.0,39.0,227.0
47012210,100,27,5.0,26.45,6.0,3,3,False,E,35.8405054370424,128.752954629771,경상북도 경산시 조영동,True,True,True,True,True,470.0,157.0,128.0,317.0,1781.0,83.0,103.0
46923564,300,40,5.0,26.45,6.0,2,3,False,SE,35.8394648949215,128.753344636342,경상북도 경산시 조영동,True,True,True,True,True,357.0,39.0,21.0,207.0,1761.0,46.0,184.0
46877181,200,30,5.0,23.14,6.0,3,4,False,E,35.839893399373,128.756267557576,경상북도 경산시 조영동,True,True,True,True,True,506.0,166.0,70.0,88.0,2022.0,56.0,171.0
46760830,100,25,5.0,23.14,6.0,2,3,False,E,35.8396437468102,128.755117290019,경상북도 경산시 조영동,True,True,True,True,True,426.0,60.0,81.0,159.0,1916.0,52.0,195.0
