보증금,월세,전용면적,노후도,해당층,전체층,엘리베이터,위도,경도,지하철역_거리(m),세탁소_거리(m),카페_거리(m),약국_거리(m),대형마트_거리(m),편의점_거리(m),버스정류장_거리(m),남향,풀옵션,is_outlier,outlier_reason,PC1,PC2,PC3,PC4,cluster
100,35.0,38.0,6.0,2,3,False,35.8389804903939,128.751216554929,335.0,220.0,111.0,306.0,1565.0,98.0,321.0,True,True,False,,-0.4074488066093724,-2.0147841305077026,0.9502234914541312,-0.11179808580993188,3
200,35.0,27.0,6.0,2,4,False,35.8392217870554,128.759495008596,682.0,446.0,130.0,140.0,2270.0,39.0,105.0,False,True,False,,0.34656695788563174,0.19406381179426616,-1.045371960529199,-1.6795737524319498,1
300,37.0,27.0,6.0,2,4,False,35.8396556699783,128.759237105316,687.0,424.0,99.0,104.0,2264.0,26.0,51.0,False,True,False,,-0.04301967545594311,0.8009850687476704,-1.5933812078787293,-1.5385024465398909,1
100,32.0,29.75,6.0,2,4,False,35.8226851105192,128.757263283958,1563.0,249.0,176.0,318.0,2271.0,130.0,315.0,False,True,False,,1.481122513541575,-0.8017610971185254,1.9920794381346227,-0.5217639578757557,1
100,30.0,33.06,6.0,4,4,False,35.823190757478,128.754708653194,1465.0,173.0,118.0,252.0,2045.0,111.0,252.0,True,True,False,,0.4734490369819432,-0.1556798382560104,1.2951452786736695,0.0010504048201317132,3
200,37.0,39.67,6.0,3,4,False,35.8324453027471,128.745888619883,472.0,538.0,1.0,828.0,937.0,228.0,172.0,True,True,False,,2.0559135981100294,-2.7295644650862623,-3.0878891640207597,1.1954582972307046,2
200,42.0,40.0,6.0,4,4,False,35.8382278221322,128.757877784884,502.0,325.0,122.0,122.0,2099.0,174.0,224.0,False,True,False,,0.520129447954671,-0.7047373419017973,0.21075128119646527,0.25785747083567767,1
100,30.0,33.05,6.0,2,3,False,35.8405315896811,128.754089246444,486.0,137.0,57.0,272.0,1873.0,154.0,63.0,True,True,False,,-0.1264000657008579,0.504118813245874,-1.0231457859731241,1.3255194385417284,3
50,22.0,26.44,6.0,2,3,False,35.8442644772357,128.750853512402,906.0,351.0,210.0,760.0,1867.0,104.0,190.0,False,True,False,,2.5295025725119498,-1.9571989397374325,0.029399720412540194,-0.8859692300831674,1
100,27.0,26.45,6.0,3,4,False,35.84308389377051,128.7639511735884,1254.0,327.0,76.0,140.0,2799.0,116.0,143.0,True,True,False,,0.7607649830366228,1.3076400293031292,-0.24571404064418853,-0.6267897418086243,3
300,39.0,36.36,6.0,2,4,False,35.8430837825354,128.763952609876,1254.0,327.0,76.0,140.0,2799.0,116.0,143.0,False,True,False,,0.7607649830366228,1.3076400293031292,-0.24571404064418853,-0.6267897418086243,1
100,25.0,24.0,6.0,3,4,False,35.8381340814356,128.766174085256,1218.0,259.0,27.0,384.0,2823.0,60.0,76.0,False,False,False,,0.5500216897657698,1.7306464768276562,-1.0737641587201008,-0.8486901736357184,2
200,38.0,33.05,6.0,1,3,False,35.8393039567623,128.752924536221,337.0,65.0,55.0,226.0,1720.0,55.0,213.0,True,True,False,,-1.5358476994230457,-0.41744846613328607,0.43481782434173366,0.23694806973059074,3
100,21.0,26.44,6.0,1,3,False,35.84473063408803,128.75709915740967,1015.0,379.0,217.0,515.0,2343.0,54.0,327.0,False,False,False,,1.7841050972776236,-1.8806726568404721,1.5298723406782107,-2.130916121782805,1
100,28.0,26.45,6.0,2,3,False,35.8404827915643,128.753184990027,469.0,148.0,118.0,303.0,1798.0,101.0,89.0,False,True,False,,-0.06928071473391167,-0.0680918801353183,-0.44469821920743485,0.4670726298821926,1
150,33.0,26.45,6.0,1,3,False,35.8406172765709,128.753626980724,488.0,157.0,92.0,296.0,1840.0,131.0,54.0,True,True,False,,0.057851335671765196,0.3060821352987343,-0.9421558882636358,0.9108956893064338,3
200,38.0,29.75,8.0,4,4,False,35.8407644449356,128.756654522964,605.0,167.0,62.0,119.0,2093.0,75.0,140.0,True,True,False,,-0.8902474172222132,0.575432845418805,-0.20029862484302147,0.00615613808653433,3
100,32.0,26.45,6.0,3,3,False,35.838725063147,128.753598381379,280.0,53.0,40.0,142.0,1751.0,40.0,193.0,False,True,False,,-1.9934126921004123,-0.042267848407556645,0.27476937382377425,0.19128076920778092,1
200,25.0,33.05,6.0,2,3,False,35.8323153741313,128.708146527995,836.0,177.0,29.0,52.0,900.0,31.0,103.0,False,False,False,,-1.967920569990773,-0.013327061827054525,-1.0960167276806896,0.4556759725448424,2
100,28.0,33.1,6.0,2,3,False,35.8432223277009,128.754651964021,789.0,183.0,167.0,446.0,2067.0,183.0,240.0,True,False,False,,1.4622144197691662,-1.1577214004843417,1.0903966913468917,0.6314670692249769,2
200,36.0,40.0,6.0,1,3,False,35.8212772994092,128.752214219578,1669.0,149.0,34.0,152.0,1991.0,105.0,48.0,True,True,False,,-0.10380675419027985,1.8611466627663822,-0.756189984546576,0.7414224052830667,3
200,37.0,23.14,6.0,2,4,False,35.8380704794718,128.756572093403,390.0,232.0,36.0,138.0,1981.0,125.0,250.0,False,True,False,,-0.7898945483887893,-0.4798366800589797,0.07404356143933356,0.2949398593047581,1
100,30.0,33.1,6.0,2,4,False,35.8445874850553,128.751567502792,931.0,420.0,270.0,738.0,1939.0,177.0,253.0,True,False,False,,3.566334363500081,-2.7101691241404384,0.7428867244434286,-0.6203194763108804,2
100,30.0,24.0,6.0,2,3,False,35.8398638423636,128.75126740603,424.0,226.0,202.0,375.0,1613.0,90.0,269.0,False,True,False,,0.4804257939883399,-2.1161066991405897,1.18291438437293,-0.44982185402483416,1
200,40.0,40.0,6.0,3,4,False,35.8414392637129,128.762618341819,1051.0,254.0,115.0,75.0,2618.0,56.0,88.0,True,True,False,,0.06002124352693298,1.4542297365421555,-0.17140023061610238,-0.9362044008779637,3
200,47.0,40.0,6.0,3,4,False,35.8386709827854,128.757465920057,493.0,273.0,99.0,84.0,2078.0,116.0,190.0,True,True,False,,-0.2732346203181662,-0.1897456514184848,0.014079591342031775,-0.07876369353071462,3
100,29.0,27.0,6.0,3,4,False,35.8377213457097,128.757911649358,483.0,353.0,124.0,178.0,2087.0,191.0,275.0,False,True,False,,0.8024897923775764,-1.2344313770666469,0.4604851926947609,0.24244079863380763,1
100,28.0,23.14,6.0,2,3,False,35.840482791565,128.753184990027,469.0,148.0,118.0,303.0,1798.0,101.0,89.0,False,True,False,,-0.06928071473391167,-0.0680918801353183,-0.44469821920743485,0.4670726298821926,1
100,32.0,23.14,6.0,2,3,False,35.8389804903939,128.751216554929,335.0,220.0,111.0,306.0,1565.0,98.0,321.0,True,True,False,,-0.4074488066093724,-2.0147841305077026,0.9502234914541312,-0.11179808580993188,3
100,28.0,34.0,6.0,3,3,False,35.8215002216791,128.75540124409,1659.0,81.0,42.0,105.0,2202.0,65.0,124.0,True,True,False,,-0.6571511849027191,1.7956390762446583,0.3355377174174282,0.20439248212625122,3
100,30.0,40.0,6.0,4,4,False,35.8222623889361,128.755895020969,1582.0,161.0,46.0,195.0,2191.0,41.0,216.0,True,True,False,,-0.502218681653011,0.8332313404683283,0.6786801391686283,-0.5798410264966368,3
200,30.0,30.0,6.0,2,4,False,35.8202504558958,128.756516987891,1812.0,95.0,98.0,199.0,2365.0,170.0,99.0,True,True,False,,0.9614957841325864,1.6899245807891052,0.5072763237027561,1.1373839324461623,3
100,28.0,30.0,6.0,1,3,False,35.8215678379678,128.755244844025,1650.0,94.0,27.0,99.0,2186.0,56.0,130.0,True,True,False,,-0.8200795575999678,1.7977759411575547,0.21531743387812416,0.09719245884516428,3
100,28.0,34.0,6.0,1,3,False,35.8210304603124,128.755864120309,1717.0,26.0,74.0,126.0,2266.0,94.0,92.0,True,True,False,,-0.23429727293865105,2.00199555995479,0.5657468466727112,0.6619065062265155,3
200,35.0,28.5,6.0,2,4,False,35.8396585497473,128.756435134109,495.0,173.0,54.0,74.0,2027.0,54.0,166.0,False,True,False,,-1.3276681602987852,0.38490935509942004,-0.09698178076227779,-0.23252823040867193,1
100,25.0,30.0,6.0,1,3,False,35.8206883606528,128.756630863438,1766.0,83.0,128.0,197.0,2344.0,123.0,133.0,True,True,False,,0.7012787097747001,1.3441371792930918,1.049452680031189,0.4819321362169173,3
100,25.0,30.0,6.0,3,4,False,35.8215617430773,128.757277242412,1684.0,162.0,188.0,262.0,2338.0,86.0,228.0,True,True,False,,1.0610412552705697,0.15857070508875692,1.8678954612619867,-0.6226991096961804,3
100,30.0,33.06,6.0,2,3,False,35.8211290753466,128.755639916012,1703.0,35.0,68.0,107.0,2243.0,84.0,90.0,True,True,False,,-0.3870279431667875,2.033741545485931,0.47150582312109335,0.5548387872412716,3
100,27.0,30.0,6.0,3,4,False,35.8206483628293,128.755563274142,1755.0,24.0,32.0,103.0,2270.0,103.0,43.0,True,True,False,,-0.427433283805711,2.58113313010296,-0.10843848340131873,1.0033981592301995,3
200,37.0,30.0,6.0,3,4,False,35.8200187284765,128.756359970055,1835.0,106.0,71.0,198.0,2369.0,195.0,80.0,True,True,False,,1.0314540311353864,1.9176915356971054,0.10745667841539397,1.5099883877995544,3
100,25.0,29.75,6.0,4,4,False,35.8215617430766,128.757277242413,1684.0,162.0,188.0,262.0,2338.0,86.0,228.0,False,True,False,,1.0610412552705697,0.15857070508875692,1.8678954612619867,-0.6226991096961804,1
100,28.0,29.75,6.0,1,3,False,35.8215678379671,128.755244844025,1650.0,94.0,27.0,99.0,2186.0,56.0,130.0,True,True,False,,-0.8200795575999678,1.7977759411575547,0.21531743387812416,0.09719245884516428,3
100,30.0,33.06,6.0,1,3,False,35.8210304603124,128.755864120309,1717.0,26.0,74.0,126.0,2266.0,94.0,92.0,True,True,False,,-0.23429727293865105,2.00199555995479,0.5657468466727112,0.6619065062265155,3
100,25.0,29.75,6.0,1,3,False,35.8206883606521,128.756630863439,1766.0,83.0,128.0,197.0,2344.0,123.0,133.0,True,True,False,,0.7012787097747001,1.3441371792930918,1.049452680031189,0.4819321362169173,3
100,30.0,33.06,6.0,3,3,False,35.82112807638053,128.7556404472357,1703.0,35.0,68.0,107.0,2243.0,84.0,90.0,True,True,False,,-0.3870279431667875,2.033741545485931,0.47150582312109335,0.5548387872412716,3
200,40.0,29.7,6.0,3,4,False,35.8236163187539,128.75383494861,1411.0,149.0,187.0,304.0,1953.0,200.0,235.0,False,True,False,,1.5796387836193868,-0.6277649384484429,1.6509231150949222,1.014717549302139,1
200,30.0,29.75,6.0,2,4,False,35.82024300647532,128.7565149428241,1813.0,96.0,98.0,200.0,2365.0,171.0,99.0,True,True,False,,0.9748305919131142,1.6860915192756663,0.5023618290023494,1.145326019904951,3
100,30.0,29.75,6.0,2,3,False,35.8216829867977,128.757699478556,1680.0,202.0,219.0,303.0,2363.0,122.0,267.0,False,True,False,,1.710041194686486,-0.3935185287261791,2.215742616077113,-0.5406222561897917,1
200,35.0,26.44,6.0,2,3,False,35.83862215248308,128.75430837434982,292.0,85.0,65.0,80.0,1807.0,91.0,186.0,False,True,False,,-1.4874419955873446,-0.045555375455620085,0.3374165267402154,0.5977250600409907,1
100,30.0,23.14,7.0,1,3,False,35.8397815652299,128.7522565321,393.0,140.0,124.0,306.0,1688.0,38.0,203.0,True,True,False,,-0.7410771765277003,-0.9364270397710823,0.5063087719696859,-0.4209365558864338,3
100,30.0,23.14,6.0,4,4,False,35.8394972694711,128.756193307235,468.0,149.0,38.0,100.0,2000.0,38.0,194.0,True,True,False,,-1.6151564855340292,0.24644022865499352,0.0722646190533725,-0.33263471263989036,3
100,30.0,26.45,6.0,2,4,False,35.841308593750014,128.75582885742233,620.0,71.0,85.0,210.0,2052.0,49.0,169.0,False,True,False,,-1.0120117706210252,0.2941140516118466,0.5288121998480463,-0.08288999031465194,1
70,25.0,23.14,6.0,2,3,False,35.84035080031026,128.75515212652513,498.0,123.0,25.0,198.0,1951.0,83.0,139.0,False,False,False,,-1.1330158733701485,0.4711290874299641,-0.4689898259028894,0.44720209355754587,1
200,35.0,23.14,7.0,3,3,False,35.83932495117189,128.75253295898483,340.0,101.0,80.0,258.0,1688.0,39.0,228.0,True,True,False,,-1.3289949368264908,-0.7725153468320161,0.5614181006435706,-0.17347141824695986,3
100,32.0,23.14,6.0,4,4,False,35.8394972694718,128.756193307234,468.0,149.0,38.0,100.0,2000.0,38.0,194.0,False,True,False,,-1.6151564855340292,0.24644022865499352,0.0722646190533725,-0.33263471263989036,1
150,33.0,23.14,6.0,4,4,False,35.83908753303081,128.75477457810248,357.0,36.0,83.0,100.0,1864.0,109.0,235.0,True,True,False,,-1.3221008978148288,-0.30041724009182724,1.1011100871587784,0.7877753368490286,3
300,40.0,26.45,6.0,3,5,True,35.841507849885105,128.7583561188615,764.0,290.0,92.0,145.0,2267.0,36.0,60.0,True,True,False,,-0.2618980217316237,1.0040088503642988,-1.0218126209406293,-0.9524312016001003,0
200,35.0,23.14,6.0,3,4,False,35.8401738381707,128.756716863726,556.0,215.0,19.0,63.0,2072.0,102.0,125.0,True,True,False,,-1.0104909483591857,0.8000583268317656,-0.8330273789895384,0.343547287400666,3
200,35.0,23.14,6.0,2,4,False,35.839650927618,128.75642024702,494.0,171.0,53.0,76.0,2025.0,53.0,168.0,False,True,False,,-1.3461475058267505,0.3750646155944209,-0.08246201455602073,-0.23739966229925205,1
200,38.0,26.45,6.0,2,4,False,35.838730296104,128.755171531912,343.0,89.0,34.0,58.0,1884.0,117.0,222.0,True,True,False,,-1.5280821494799728,-0.009698166348433745,0.4412779801140397,0.8642545781870171,3
200,42.0,23.14,6.0,2,4,False,35.8391053339625,128.754777404951,359.0,35.0,85.0,102.0,1865.0,107.0,233.0,True,True,False,,-1.3166399594846325,-0.2941830603497569,1.104049285399234,0.7644632427623225,3
150,32.0,26.45,7.0,2,3,False,35.8397815652292,128.7522565321,393.0,140.0,124.0,306.0,1688.0,38.0,203.0,False,False,False,,-0.7410771765277003,-0.9364270397710823,0.5063087719696859,-0.4209365558864338,1
100,32.0,34.0,6.0,3,4,False,35.8226851105199,128.757263283958,1563.0,249.0,176.0,318.0,2271.0,130.0,315.0,True,True,False,,1.481122513541575,-0.8017610971185254,1.9920794381346227,-0.5217639578757557,3
100,32.0,34.0,6.0,4,4,False,35.8226851105199,128.757263283958,1563.0,249.0,176.0,318.0,2271.0,130.0,315.0,True,True,False,,1.481122513541575,-0.8017610971185254,1.9920794381346227,-0.5217639578757557,3
100,33.0,30.0,6.0,1,3,False,35.8212893435649,128.756228640919,1694.0,69.0,118.0,163.0,2276.0,55.0,136.0,True,True,False,,-0.0650214161558119,1.3963727527578862,1.0511144268585206,-0.19057596644190514,3
100,30.0,30.0,6.0,1,3,False,35.8212893435649,128.756228640919,1694.0,69.0,118.0,163.0,2276.0,55.0,136.0,True,True,False,,-0.0650214161558119,1.3963727527578862,1.0511144268585206,-0.19057596644190514,3
100,27.0,25.5,6.0,4,4,False,35.8261563251768,128.735757294513,1005.0,101.0,139.0,90.0,760.0,227.0,87.0,True,False,False,,0.10356135116173985,-0.558609214817864,-0.15834358542509325,2.8290191499430324,2
200,35.0,40.0,6.0,2,4,False,35.8220226163625,128.757742927794,1645.0,226.0,215.0,319.0,2346.0,128.0,292.0,True,True,False,,1.7771861243885294,-0.6566276528702644,2.2541602642736622,-0.5864113145295426,3
150,35.0,29.75,26.0,1,3,False,35.8388113370622,128.754342753277,312.0,64.0,54.0,92.0,1817.0,85.0,207.0,True,True,False,,-1.642056414623608,-0.08142432773935616,0.5161190904112481,0.5822434835111935,3
150,32.0,29.75,27.0,1,3,False,35.8399191547018,128.75240564293,407.0,137.0,117.0,304.0,1707.0,57.0,183.0,True,True,False,,-0.6219568509683224,-0.7523835366345984,0.3121805030800214,-0.13699573261714323,3
150,30.0,29.75,27.0,1,3,False,35.8399191547018,128.75240564293,407.0,137.0,117.0,304.0,1707.0,57.0,183.0,False,True,False,,-0.6219568509683224,-0.7523835366345984,0.3121805030800214,-0.13699573261714323,1
100,31.0,33.05,27.0,1,3,False,35.8396372080349,128.75314579383,375.0,65.0,43.0,233.0,1753.0,70.0,172.0,True,True,False,,-1.3982647248593982,-0.06046930139272674,0.027449736800814903,0.5077073865759972,3
200,36.0,29.75,11.0,2,3,False,35.8382692602157,128.75026854551,322.0,321.0,130.0,318.0,1454.0,18.0,348.0,True,True,False,,-0.6272181350259461,-2.545401324555131,0.8569735739938221,-1.4575021659515812,3
100,24.0,30.0,6.0,3,3,False,35.8209350246449,128.756986596002,1746.0,114.0,163.0,227.0,2355.0,109.0,172.0,True,True,False,,0.9458160239626431,0.8283878625001645,1.4767579596079359,0.006201334148570839,3
150,32.0,36.36,6.0,3,4,False,35.8412567991202,128.764698356347,1202.0,113.0,53.0,52.0,2787.0,70.0,83.0,True,True,False,,-0.5384079496437536,2.3526515526155984,0.04674681373228523,-0.1807969432324696,3
150,35.0,33.05,19.0,1,3,False,35.83736659372098,128.7514255364471,177.0,286.0,35.0,181.0,1515.0,104.0,218.0,True,True,False,,-0.9974157271016173,-1.0667531497456617,-0.71126698705304,0.22987480005370545,3
150,32.0,20.0,6.0,3,3,False,35.8429280801082,128.755610114606,780.0,151.0,76.0,377.0,2122.0,140.0,248.0,True,True,False,,0.28737312999159054,-0.5126867126570441,0.6920839738229578,0.47694040999638665,3
100,27.0,27.0,6.0,3,4,False,35.8234871028861,128.753871606094,1425.0,139.0,173.0,289.0,1964.0,188.0,225.0,True,True,False,,1.3587441098191022,-0.42077087364589,1.5313607992038099,0.9673975885256357,3
100,20.0,26.45,6.0,4,4,False,35.8383906317526,128.764628660042,1087.0,213.0,117.0,311.0,2693.0,105.0,27.0,True,True,False,,1.0610334996941304,1.57108911168208,-0.6543506769910262,-0.21243515170392444,3
100,26.0,40.0,6.0,2,4,False,35.826258389293,128.727637283352,869.0,431.0,87.0,179.0,1032.0,137.0,152.0,True,False,False,,0.2738447680163332,-1.2322322976789557,-1.3919220678508888,0.3998055264314635,2
200,37.0,39.67,6.0,2,4,False,35.8097727727184,128.759394575472,3005.0,119.0,28.0,110.0,3362.0,75.0,135.0,True,True,False,,0.8318101540553451,3.8482115921824405,1.1161406542045225,-0.6047995304545711,3
200,37.0,39.67,6.0,2,4,False,35.8146785529927,128.753589965468,2403.0,215.0,86.0,260.0,2608.0,110.0,94.0,False,False,False,,1.450495873682479,2.15917702914659,0.1605459540764088,-0.14601041382516203,2
200,43.0,23.14,6.0,4,4,False,35.836833084903,128.751867313671,109.0,308.0,26.0,131.0,1535.0,146.0,175.0,True,True,False,,-0.8009961039794324,-0.7638880199626563,-1.2084839214997818,0.7624130881258543,3
200,37.0,26.45,6.0,2,4,False,35.837686182582,128.75208339349,172.0,219.0,53.0,147.0,1583.0,52.0,173.0,True,True,False,,-1.4491769110307302,-0.5587867138735112,-0.5954454381018912,-0.1450866624807543,3
200,37.0,30.0,6.0,2,4,False,35.8372434676927,128.752385623607,116.0,246.0,32.0,96.0,1593.0,105.0,130.0,True,True,False,,-1.2388496629706036,-0.21989145334908303,-1.205387864354698,0.5425399161402026,3
100,35.0,26.45,6.0,1,3,False,35.838167907989295,128.75085440468092,277.0,276.0,81.0,268.0,1498.0,43.0,296.0,True,True,False,,-0.9756428164365022,-1.8140136014567845,0.2870345491082621,-0.7645951510462331,3
200,33.0,23.14,6.0,3,4,False,35.8400589135422,128.756077977503,511.0,158.0,62.0,108.0,2014.0,51.0,184.0,True,True,False,,-1.2695869461297211,0.20027502434617206,0.145408548269412,-0.2754942938161191,3
200,35.0,39.67,6.0,3,3,False,35.8217877144126,128.757655206755,1668.0,204.0,212.0,302.0,2353.0,117.0,270.0,True,True,False,,1.6148504609220942,-0.3964906038322393,2.172947241630577,-0.5846322334650071,3
300,40.0,36.3,6.0,3,4,False,35.8217132856433,128.758129225336,1688.0,238.0,255.0,341.0,2394.0,160.0,302.0,False,True,False,,2.402397927367275,-0.9177100779118297,2.594199528636059,-0.4309452473057725,1
100,28.0,25.5,6.0,2,3,False,35.840482791565,128.753184990027,469.0,148.0,118.0,303.0,1798.0,101.0,89.0,True,False,False,,-0.06928071473391167,-0.0680918801353183,-0.44469821920743485,0.4670726298821926,2
150,28.0,33.06,6.0,3,3,False,35.8416575081029,128.751534717912,610.0,325.0,166.0,497.0,1736.0,70.0,177.0,False,True,False,,0.9967680594486106,-1.4740554951989242,-0.22989874983843075,-0.8685051041949967,1
100,28.0,29.75,6.0,1,3,False,35.8428437694685,128.754380220341,743.0,152.0,177.0,425.0,2023.0,152.0,193.0,True,True,False,,1.1693769676651664,-0.8558619601463818,0.9038434009783222,0.47724826461925773,3
200,35.0,26.45,6.0,2,3,False,35.8388276039833,128.754715952571,329.0,61.0,63.0,74.0,1849.0,117.0,219.0,False,True,False,,-1.3973557868662647,-0.14767263760485802,0.7193810741995531,0.903043490905064,1
200,35.0,20.0,6.0,3,4,False,35.8398100288197,128.762434433632,949.0,241.0,39.0,198.0,2543.0,202.0,68.0,True,True,False,,0.8155009231385788,1.4723566886452812,-1.0660100662680057,1.1216963028591282,3
100,30.0,23.14,6.0,3,3,False,35.8378354646324,128.758334037256,523.0,381.0,84.0,169.0,2127.0,152.0,252.0,True,True,False,,0.3881453363660653,-0.8307809141738399,-0.09550677764365668,-0.1776698418257961,3
100,25.0,26.45,6.0,3,3,False,35.843480016794935,128.74745172266725,938.0,65.0,108.0,901.0,1587.0,39.0,48.0,False,True,False,,0.9852161878484097,-0.4824390742480982,-0.9024937493206472,0.11234785277579958,1
200,35.0,20.0,6.0,1,3,False,35.8391617112148,128.752736367882,321.0,81.0,55.0,233.0,1698.0,63.0,235.0,False,True,False,,-1.4616838321168502,-0.6435962325031465,0.5246397047383607,0.24320590310162313,1
200,35.0,20.0,6.0,1,3,False,35.8394751077968,128.752725003588,356.0,88.0,77.0,252.0,1711.0,53.0,204.0,False,True,False,,-1.2506611698341048,-0.5454399868306734,0.4135841816185778,0.08159506856226623,1
200,33.0,26.45,6.0,3,3,False,35.8389809379276,128.754144629484,322.0,52.0,30.0,118.0,1807.0,63.0,222.0,False,True,False,,-1.943304679929199,-0.07240529311376893,0.4915646051785798,0.4063555531273622,1
150,32.0,26.45,6.0,2,4,False,35.8386689234398,128.758481141697,573.0,362.0,94.0,87.0,2165.0,104.0,159.0,True,True,False,,0.005025003347690674,0.018890052789060575,-0.5819121273707778,-0.5231089705722136,3
200,35.0,26.45,6.0,3,3,False,35.8394776528494,128.753581859678,362.0,31.0,0.0,193.0,1782.0,48.0,179.0,False,True,False,,-2.047767736723096,0.270682801404055,-0.05130429285862283,0.4760711902248978,1
200,38.0,26.45,6.0,3,3,False,35.8373442163169,128.75145846562,173.0,285.0,38.0,177.0,1517.0,105.0,215.0,False,True,False,,-0.9814924494735672,-1.054070312795959,-0.7065821794634012,0.24212571468884664,1
200,38.0,26.45,6.0,1,3,False,35.8385084277393,128.754524549135,290.0,94.0,61.0,57.0,1821.0,114.0,180.0,True,True,False,,-1.3698024313132262,0.0275996942538629,0.23868813862060337,0.8584007455527112,3
150,36.0,29.75,11.0,3,3,False,35.8388276039833,128.754715952571,329.0,61.0,63.0,74.0,1849.0,117.0,219.0,True,True,False,,-1.3973557868662647,-0.14767263760485802,0.7193810741995531,0.903043490905064,3
200,35.0,29.75,13.0,4,4,False,35.8387171285435,128.75527715104,348.0,97.0,34.0,59.0,1892.0,109.0,224.0,True,True,False,,-1.5551509896609956,-0.020361780295843374,0.4306448836783214,0.731231336524766,3
100,30.0,29.75,26.0,2,3,False,35.8412074083334,128.752399014115,550.0,249.0,220.0,409.0,1776.0,30.0,132.0,True,True,False,,0.6541590135110928,-1.102538365430704,0.2053114137440392,-1.142284838026589,3
100,27.0,29.75,7.134969325153374,2,3,False,35.8411683218776,128.752002061001,549.0,264.0,232.0,428.0,1743.0,31.0,168.0,True,True,False,,0.7725083477218405,-1.489648389733763,0.4969700791825331,-1.2754347472623269,3
200,35.0,20.0,6.0,3,3,False,35.8399592628338,128.753424133811,413.0,86.0,56.0,243.0,1791.0,100.0,129.0,False,True,False,,-0.9133292326032714,0.13941484957480818,-0.3002158105033206,0.8053007094135315,1
100,25.0,26.44,11.0,1,4,False,35.8405656533684,128.756210997979,565.0,152.0,41.0,126.0,2047.0,47.0,173.0,True,True,False,,-1.3443912626672747,0.42545849842592703,-0.05823455550008961,-0.24448781107751133,3
200,32.0,33.06,24.0,2,3,False,35.8435981662031,128.74944458189,870.0,225.0,73.0,783.0,1723.0,45.0,110.0,True,True,False,,0.8989393662471149,-0.724547242882815,-1.2019314509239012,-0.46777012802132634,3
100,30.0,29.75,6.0,1,3,False,35.8212824087436,128.756228377476,1695.0,68.0,117.0,163.0,2277.0,56.0,135.0,True,True,False,,-0.06501400452662441,1.410262864469349,1.0400875318161016,-0.17086113513534876,3
70,25.0,33.0,6.0,3,3,False,35.8432845895802,128.750254028479,814.0,304.0,89.0,710.0,1754.0,58.0,68.0,False,False,False,,1.1696730253824188,-0.5673525601027882,-1.7036078552104885,-0.5601628305962238,2
70,22.0,33.0,6.0,3,3,False,35.8434848130169,128.749400699576,860.0,224.0,71.0,776.0,1712.0,54.0,101.0,False,False,False,,0.9287474204727044,-0.6695595774501482,-1.2907982014105146,-0.32407916249928864,2
100,35.0,33.05,6.0,3,3,False,35.84066010522546,128.75519878373206,531.0,108.0,52.0,207.0,1969.0,62.0,124.0,True,False,False,,-1.0769276824986815,0.514913012751472,-0.3076251253769946,0.18658958847580198,2
100,30.0,30.0,6.0,2,3,False,35.8214473669905,128.75585482681,1671.0,71.0,81.0,137.0,2239.0,58.0,131.0,True,True,False,,-0.377230746644475,1.5853174135843489,0.7215779307348803,-0.0082081765213446,3
60,21.0,20.0,7.0,2,3,False,35.8394036377066,128.759574723052,698.0,453.0,111.0,146.0,2283.0,39.0,92.0,False,True,False,,0.28928443707643836,0.3683553589231926,-1.3175289211797525,-1.632247267051362,1
100,23.0,33.06,17.0,3,4,False,35.8406102004132,128.765517046792,1239.0,56.0,94.0,141.0,2834.0,65.0,125.0,True,False,False,,-0.24138446706486694,1.9227071923076242,0.8931560256246497,-0.3013042949172801,2
200,30.0,33.06,6.0,2,4,False,35.8192741435723,128.748901406687,1794.0,159.0,73.0,390.0,1945.0,151.0,34.0,True,False,False,,1.211230135316172,1.334191419831277,-0.8036537501989717,1.1226304154940148,2
200,33.0,20.0,6.0,3,4,False,35.840091324207,128.759578183537,740.0,435.0,42.0,116.0,2309.0,83.0,58.0,True,True,False,,0.09818532827227648,1.0139074776121566,-2.0000107502242086,-0.7820975556232898,3
70,26.0,29.8,18.0,3,3,False,35.8430521238295,128.751043891861,771.0,379.0,111.0,648.0,1792.0,95.0,103.0,True,True,False,,1.5848708307250572,-0.953385007629182,-1.5244240191635268,-0.5356110400143831,3
200,35.0,29.75,6.0,2,3,False,35.8216829867977,128.757699478556,1680.0,202.0,219.0,303.0,2363.0,122.0,267.0,True,True,False,,1.710041194686486,-0.3935185287261791,2.215742616077113,-0.5406222561897917,3
100,35.0,45.0,6.0,2,3,False,35.8410914635926,128.752310471508,538.0,242.0,213.0,404.0,1762.0,15.0,140.0,True,True,False,,0.44223472265018987,-1.1092934434325896,0.24539954745739972,-1.2784511560392269,3
70,24.0,25.0,6.0,1,3,False,35.8414502710287,128.750871773602,602.0,353.0,140.0,521.0,1674.0,88.0,153.0,True,True,False,,1.092900730870933,-1.3788990465070456,-0.7903813157774835,-0.5940200557497453,3
100,33.0,40.0,6.0,2,3,False,35.8441644711397,128.751779439735,882.0,414.0,243.0,691.0,1922.0,175.0,229.0,True,False,False,,3.223625072632006,-2.385494590933749,0.38425087597894647,-0.46756699318953815,2
100,28.0,39.67,6.0,3,4,False,35.8209179957395,128.755500503311,1724.0,23.0,42.0,93.0,2247.0,80.0,64.0,True,True,False,,-0.6122552518030616,2.392629073181151,0.13639217599425005,0.6818448794418993,3
70,24.0,29.8,6.0,2,4,False,35.8441644711397,128.751779439735,882.0,414.0,243.0,691.0,1922.0,175.0,229.0,True,True,False,,3.223625072632006,-2.385494590933749,0.38425087597894647,-0.46756699318953815,3
100,30.0,26.45,6.0,3,4,False,35.831214370779,128.747506021287,663.0,694.0,117.0,814.0,1099.0,138.0,193.0,False,True,False,,2.766259464457992,-3.2964604711626793,-2.5202970311649158,-0.9261158924291594,1
100,30.0,23.14,6.0,4,4,False,35.838713082922176,128.75153482277014,296.0,197.0,73.0,265.0,1578.0,77.0,279.0,True,True,False,,-0.9498120129722369,-1.4444492185331737,0.44851009015691123,-0.07585509583225168,3
100,27.0,26.45,6.0,2,4,False,35.8313621998425,128.747577318116,661.0,697.0,112.0,798.0,1103.0,128.0,195.0,False,True,False,,2.6262255122767186,-3.2521876153100706,-2.5369575694227415,-1.04221802413968,1
200,36.0,26.45,6.0,3,3,False,35.8393880693448,128.752823133119,346.0,76.0,68.0,239.0,1715.0,62.0,209.0,False,True,False,,-1.3251656255146527,-0.5011610762149789,0.4427956901568587,0.24894821474786005,1
70,23.0,23.14,7.0,2,3,False,35.8376689792033,128.751372092862,205.0,266.0,52.0,199.0,1522.0,81.0,231.0,False,True,False,,-1.0564248756335242,-1.17676383165107,-0.3894906156967497,-0.057782652008757554,1
100,36.0,33.06,6.0,3,3,False,35.8383798984346,128.754983091078,302.0,115.0,20.0,19.0,1855.0,144.0,179.0,True,True,False,,-1.4393948555370324,0.2694231351562576,-0.12406974840358699,1.2502429698827033,3
100,20.0,26.45,6.0,2,4,False,35.8390930943176,128.764834682173,1124.0,133.0,109.0,238.0,2729.0,41.0,91.0,False,False,False,,0.08431007235891343,1.5919088009133298,0.24814392687039197,-0.7915330150258485,2
100,35.0,39.67,6.0,3,3,False,35.8216305867655,128.755797898009,1650.0,90.0,70.0,142.0,2223.0,53.0,147.0,True,True,False,,-0.4585152769736795,1.4620293404112346,0.6729261687647606,-0.12471558783621871,3
150,33.0,26.45,7.0,3,3,False,35.839797029903,128.752944572847,391.0,91.0,67.0,259.0,1744.0,82.0,164.0,True,True,False,,-0.9936342590167128,-0.22456070237476114,0.011867170345994424,0.4990959786641496,3
100,26.0,25.5,7.0,3,3,False,35.8399842780487,128.752821423436,412.0,114.0,89.0,281.0,1744.0,85.0,152.0,True,True,False,,-0.6736276494245969,-0.31976840097527626,-0.027566703807972253,0.4038302475317244,3
200,32.0,25.5,6.0,2,4,False,35.8391162251672,128.751771111457,331.0,169.0,116.0,282.0,1616.0,50.0,287.0,True,False,False,,-0.8653407053723193,-1.5856284228779238,0.9753094052526557,-0.4711118607592376,2
100,33.0,29.75,14.0,2,3,False,35.8396355519947,128.750626812708,424.0,276.0,201.0,394.0,1550.0,138.0,332.0,True,True,False,,0.9041266491424736,-2.756740389608003,1.4265097267834514,-0.1476080994816238,3
200,45.0,33.05,26.0,3,3,False,35.8393226755748,128.753160894204,340.0,45.0,39.0,210.0,1740.0,39.0,204.0,False,True,False,,-1.8340717812485294,-0.18117394452857666,0.35125016386424285,0.17640724196339333,1
200,45.0,33.05,26.0,2,3,False,35.8393226755748,128.753160894204,340.0,45.0,39.0,210.0,1740.0,39.0,204.0,True,True,False,,-1.8340717812485294,-0.18117394452857666,0.35125016386424285,0.17640724196339333,3
100,27.0,25.5,7.0,1,3,False,35.8392456786841,128.752638724298,331.0,90.0,68.0,245.0,1693.0,51.0,230.0,True,True,False,,-1.394059672500256,-0.6976024536002166,0.5393528832771315,0.04010040975172667,3
100,20.0,26.45,7.0,2,3,False,35.831872838068,128.748223587929,644.0,750.0,65.0,717.0,1153.0,77.0,191.0,True,True,False,,1.9088719363318385,-2.8789177169370084,-3.0482341999973053,-1.6965175286610963,3
100,30.0,30.0,6.0,3,4,False,35.8224607526897,128.756312540823,1568.0,190.0,87.0,237.0,2211.0,75.0,250.0,True,True,False,,0.16695890244280984,0.2754112898055987,1.100878202777472,-0.49871692575440074,3
100,23.0,30.0,6.0,1,3,False,35.8217859014161,128.757655941286,1668.0,204.0,212.0,302.0,2353.0,117.0,270.0,True,True,False,,1.6148504609220942,-0.3964906038322393,2.172947241630577,-0.5846322334650071,3
200,30.0,21.0,6.0,2,4,False,35.8406539372605,128.756508656574,588.0,164.0,58.0,115.0,2076.0,65.0,149.0,False,True,False,,-1.0379233986957876,0.5278107731669859,-0.15144540792302547,-0.09442262483979501,1
200,35.0,25.0,6.0,1,3,False,35.840366392,128.754282048211,473.0,115.0,33.0,249.0,1880.0,144.0,87.0,False,True,False,,-0.5163158101026207,0.5500156298753609,-0.8965906076307611,1.3117327414878512,1
200,35.0,20.0,6.0,2,4,False,35.8396585497473,128.756435134109,495.0,173.0,54.0,74.0,2027.0,54.0,166.0,False,True,False,,-1.3276681602987852,0.38490935509942004,-0.09698178076227779,-0.23252823040867193,1
200,38.0,27.0,6.0,4,4,False,35.8407644449356,128.756654522964,605.0,167.0,62.0,119.0,2093.0,75.0,140.0,True,True,False,,-0.8902474172222132,0.575432845418805,-0.20029862484302147,0.00615613808653433,3
200,35.0,23.14,6.0,2,4,False,35.8396585497466,128.756435134109,495.0,173.0,54.0,74.0,2027.0,54.0,166.0,True,True,False,,-1.3276681602987852,0.38490935509942004,-0.09698178076227779,-0.23252823040867193,3
200,35.0,29.75,6.0,3,4,False,35.8396585497466,128.756435134109,495.0,173.0,54.0,74.0,2027.0,54.0,166.0,True,True,False,,-1.3276681602987852,0.38490935509942004,-0.09698178076227779,-0.23252823040867193,3
150,30.0,29.75,16.0,2,3,False,35.838846448385,128.751281447661,319.0,216.0,95.0,290.0,1564.0,103.0,306.0,True,True,False,,-0.5228058833803733,-1.823985484703066,0.7298780266838759,0.04524072678228543,3
200,35.0,29.75,23.0,3,3,False,35.842205425566,128.751155317314,677.0,365.0,108.0,566.0,1743.0,0.0,117.0,True,True,False,,0.5269460255186947,-0.8927733475580191,-1.3330583955283726,-1.5694239857592276,3
200,30.0,26.44,11.0,2,4,False,35.8405656533684,128.756210997979,565.0,152.0,41.0,126.0,2047.0,47.0,173.0,True,True,False,,-1.3443912626672747,0.42545849842592703,-0.05823455550008961,-0.24448781107751133,3
70,22.0,26.44,6.0,4,4,False,35.82959027129198,128.76286012124353,1169.0,1168.0,220.0,1169.0,2494.0,870.0,95.0,True,True,False,,12.13707103763865,-3.4760622935537704,-4.291895743645977,4.855325988588887,2
100,27.0,30.0,6.0,3,3,False,35.8210894960107,128.755425391668,1705.0,41.0,55.0,88.0,2230.0,66.0,79.0,True,True,False,,-0.6262918950271669,2.1908610927986585,0.2759121451823795,0.39604290026712513,3
200,35.0,40.0,6.0,2,4,False,35.8226990668376,128.757023711806,1556.0,239.0,156.0,302.0,2252.0,119.0,304.0,True,True,False,,1.1985917061666624,-0.6055856191677335,1.8001429113082021,-0.5161913743602277,3
100,23.0,29.75,6.0,1,3,False,35.8217877144119,128.757655206755,1668.0,204.0,212.0,302.0,2353.0,117.0,270.0,False,True,False,,1.6148504609220942,-0.3964906038322393,2.172947241630577,-0.5846322334650071,1
150,30.0,24.0,6.0,3,4,False,35.8408836406352,128.756742368458,621.0,166.0,73.0,128.0,2106.0,75.0,139.0,True,True,False,,-0.7791135010894208,0.5414500367412574,-0.11796485914757733,-0.03290872228198203,3
200,35.0,36.0,6.0,3,4,False,35.8388555696721,128.765496304927,1175.0,164.0,76.0,285.0,2781.0,32.0,99.0,False,False,False,,0.06147853162614168,1.6533018011123204,-0.062222802419911134,-0.9754777900770493,2
100,21.0,24.0,6.0,3,4,False,35.8407451933486,128.765130367788,1213.0,52.0,106.0,103.0,2806.0,59.0,90.0,True,False,False,,-0.3023177669648523,2.1239748668819978,0.7282596826941448,-0.29321252731000175,2
200,36.0,27.0,6.0,2,3,False,35.8388113370622,128.754342753277,312.0,64.0,54.0,92.0,1817.0,85.0,207.0,False,True,False,,-1.642056414623608,-0.08142432773935616,0.5161190904112481,0.5822434835111935,1
200,32.0,27.0,6.0,2,3,False,35.8429280801075,128.755610114606,780.0,151.0,76.0,377.0,2122.0,140.0,248.0,True,True,False,,0.28737312999159054,-0.5126867126570441,0.6920839738229578,0.47694040999638665,3
200,36.0,30.0,6.0,3,4,True,35.8201267977376,128.756235002186,1821.0,90.0,71.0,183.0,2353.0,183.0,71.0,True,True,False,,0.8541141818024153,2.016217313070805,0.1053561164646186,1.4589275897079859,0
100,37.0,27.0,6.0,4,4,True,35.8376934184071,128.75887161836,565.0,431.0,53.0,200.0,2170.0,125.0,262.0,False,True,False,,0.25004193183789564,-0.7995351606146357,-0.4419104062135625,-0.641567484360632,0
200,39.0,27.0,6.0,4,4,False,35.8407644449349,128.756654522964,605.0,167.0,62.0,119.0,2093.0,75.0,140.0,False,True,False,,-0.8902474172222132,0.575432845418805,-0.20029862484302147,0.00615613808653433,1
100,20.0,23.14,6.0,4,4,False,35.8389574108093,128.765679283227,1194.0,158.0,81.0,282.0,2799.0,35.0,84.0,False,True,False,,0.13018273084450271,1.7728245169306944,-0.10588605801633795,-0.9150583275131501,1
100,25.0,29.0,6.0,1,4,False,35.84308389377051,128.7639511735884,1254.0,327.0,76.0,140.0,2799.0,116.0,143.0,False,True,False,,0.7607649830366228,1.3076400293031292,-0.24571404064418853,-0.6267897418086243,1
150,32.0,36.36,6.0,3,4,False,35.84125625378107,128.76469867628782,1202.0,113.0,53.0,52.0,2787.0,70.0,83.0,False,False,False,,-0.5384079496437536,2.3526515526155984,0.04674681373228523,-0.1807969432324696,2
150,28.0,23.14,6.0,3,4,False,35.8386476187496,128.765745788908,1191.0,192.0,46.0,315.0,2797.0,0.0,81.0,True,False,False,,-0.166760209812418,1.8624564346051493,-0.5557224846579699,-1.3473122600166796,2
300,38.0,39.67,6.0,3,4,False,35.8425863621595,128.758937612332,890.0,359.0,174.0,271.0,2366.0,97.0,106.0,False,True,False,,1.3200147204707813,0.11090147222279441,-0.35473649368381754,-0.9222124431438303,1
100,20.0,16.52,6.0,2,5,False,35.84115378863239,128.76308503311344,1070.0,202.0,89.0,92.0,2646.0,43.0,92.0,True,False,False,,-0.2918284481972721,1.6734145933448548,-0.11078683632391444,-0.8579448895539339,3
200,35.0,36.36,6.0,3,5,False,35.8427665794487,128.764014533974,1238.0,292.0,44.0,105.0,2790.0,108.0,135.0,False,False,False,,0.29324863012391916,1.6224380983775863,-0.3836988702994069,-0.4676219494382564,2
200,38.0,30.0,6.0,1,3,False,35.8233721263762,128.754297057324,1441.0,154.0,146.0,271.0,2003.0,151.0,238.0,True,True,False,,0.9231020605881711,-0.2900653107894559,1.4183242268234997,0.5095491937703869,3
200,37.0,26.45,7.0,2,3,False,35.8398698692771,128.752121022971,405.0,156.0,139.0,322.0,1681.0,46.0,206.0,False,True,False,,-0.4954310155602667,-1.090435054827929,0.5631013821345915,-0.434625243888507,1
200,38.0,26.45,6.0,3,4,False,35.8404779001747,128.756894002318,592.0,203.0,26.0,81.0,2100.0,69.0,110.0,True,True,False,,-1.1340475710863809,0.9398518653689413,-0.8340678656407404,-0.019037941674214204,3
200,40.0,40.0,6.0,2,3,False,35.8435113091969,128.752584508444,805.0,311.0,257.0,588.0,1933.0,181.0,251.0,False,True,False,,2.719826677021984,-2.26726258709587,1.158782622513132,-0.09152535102667006,1
200,35.0,27.0,6.0,3,4,False,35.8398100288197,128.762434433632,949.0,241.0,39.0,198.0,2543.0,202.0,68.0,True,True,False,,0.8155009231385788,1.4723566886452812,-1.0660100662680057,1.1216963028591282,3
100,30.0,33.05,6.0,2,3,False,35.8385750023738,128.754032105073,277.0,78.0,56.0,100.0,1781.0,75.0,176.0,True,True,False,,-1.6393666678799739,0.016570350395372704,0.18900191916757877,0.4930938705254918,3
200,38.0,36.36,6.0,2,2,False,35.8390630602211,128.75159796334,330.0,185.0,110.0,288.0,1600.0,65.0,302.0,True,True,False,,-0.7623146112750492,-1.7263916502501646,0.9698325359086902,-0.35403908297144326,3
100,25.0,30.0,6.0,2,3,False,35.8219436219796,128.755694149075,1614.0,125.0,42.0,157.0,2195.0,56.0,177.0,True,True,False,,-0.5548924715768933,1.2502052812003148,0.5225727970462706,-0.17555422845095792,3
50,20.0,29.75,6.0,2,4,False,35.8250387132259,128.728771113711,1003.0,283.0,117.0,349.0,1073.0,33.0,248.0,True,True,False,,-0.2758455755125454,-1.7799993102937048,0.1841639631661259,-0.6607599806083112,3
200,34.0,24.0,6.0,2,4,False,35.8407973513946,128.755593140382,560.0,101.0,31.0,185.0,2008.0,23.0,152.0,True,True,False,,-1.572409396622506,0.5793970581396909,-0.1526986566961816,-0.26335788912848784,3
80,25.0,26.45,6.0,3,3,False,35.8384899302111,128.754131271393,272.0,91.0,63.0,88.0,1786.0,88.0,168.0,False,True,False,,-1.4839044252553553,0.021988430104526474,0.12898210883300112,0.5953445044525018,1
150,35.0,29.75,21.0,2,3,False,35.8417424315828,128.753422440646,610.0,155.0,204.0,406.0,1885.0,37.0,83.0,False,True,False,,0.4689976503842293,-0.3771568104459024,0.1426701705230711,-0.6508886101941993,1
200,38.0,27.0,6.0,2,4,False,35.8408652469186,128.756533569361,608.0,151.0,77.0,134.0,2088.0,63.0,155.0,False,True,False,,-0.9035644585379364,0.41989582768638267,0.09135122177580335,-0.15447188739752685,1
100,23.0,30.0,6.0,1,3,False,35.8217877144126,128.757655206755,1668.0,204.0,212.0,302.0,2353.0,117.0,270.0,True,True,False,,1.6148504609220942,-0.3964906038322393,2.172947241630577,-0.5846322334650071,3
200,33.0,20.0,6.0,3,3,False,35.8389809379283,128.754144629484,322.0,52.0,30.0,118.0,1807.0,63.0,222.0,False,True,False,,-1.943304679929199,-0.07240529311376893,0.4915646051785798,0.4063555531273622,1
100,28.0,30.0,6.0,2,4,False,35.8220032884981,128.756741498756,1625.0,160.0,126.0,236.0,2271.0,43.0,226.0,True,True,False,,0.20036803548310325,0.4377206989212391,1.3787386278519724,-0.8797114515256758,3
200,38.0,26.45,6.0,2,4,False,35.8400172864544,128.755979006324,502.0,148.0,61.0,116.0,2004.0,42.0,194.0,False,True,False,,-1.3719276430252645,0.13665156615139942,0.24942961653715887,-0.35851039791559886,1
100,35.0,35.05,6.0,3,3,False,35.8381763534472,128.750849942273,278.0,276.0,82.0,269.0,1498.0,43.0,296.0,True,True,False,,-0.9657720498902037,-1.8197455445328334,0.29409656021825226,-0.7678928694318273,3
200,30.0,29.75,6.0,3,4,False,35.8306016266432,128.704572286439,1140.0,230.0,104.0,425.0,1011.0,82.0,60.0,False,True,False,,0.3249738530194411,-0.5508388849566495,-1.2750212912079684,0.5444237901576802,1
200,35.0,36.36,6.0,2,3,False,35.8394776528494,128.753581859678,362.0,31.0,0.0,193.0,1782.0,48.0,179.0,True,True,False,,-2.047767736723096,0.270682801404055,-0.05130429285862283,0.4760711902248978,3
100,30.0,33.05,6.0,3,3,False,35.8409511039164,128.753030730161,520.0,202.0,157.0,354.0,1810.0,72.0,76.0,True,True,False,,0.3254878201661919,-0.28312198177261977,-0.49298905761502393,-0.1831723233520434,3
100,35.0,33.05,7.0,3,3,False,35.8378143531176,128.751506539883,210.0,247.0,37.0,197.0,1538.0,62.0,226.0,True,True,False,,-1.3356410392544444,-0.9972950508051063,-0.4489504796990515,-0.1696781719573983,3
200,33.0,20.0,7.0,1,3,False,35.8388961375337,128.754243691486,317.0,58.0,42.0,105.0,1812.0,73.0,215.0,False,True,False,,-1.8004900449262928,-0.07925336641048025,0.5081961529745932,0.48147510588309766,1
100,38.0,20.0,6.0,2,3,False,35.83850842774,128.754524549134,290.0,94.0,61.0,57.0,1821.0,114.0,180.0,False,True,False,,-1.3698024313132262,0.0275996942538629,0.23868813862060337,0.8584007455527112,1
100,35.0,20.0,6.0,2,3,False,35.83850842774,128.754524549134,290.0,94.0,61.0,57.0,1821.0,114.0,180.0,False,True,False,,-1.3698024313132262,0.0275996942538629,0.23868813862060337,0.8584007455527112,1
200,33.0,37.5,6.0,3,4,False,35.8395343623326,128.765908651596,1231.0,114.0,33.0,243.0,2835.0,81.0,97.0,True,True,False,,-0.06364636350380871,2.0858624457900707,-0.12988647690068128,-0.11001043321329088,3
150,32.0,25.5,6.0,2,4,False,35.8395372918298,128.756383544499,482.0,166.0,40.0,82.0,2017.0,40.0,176.0,True,False,False,,-1.5458316668297785,0.3783115281216661,-0.1034879545654685,-0.3463123903042549,2
100,25.0,25.5,6.0,1,4,False,35.8378043541194,128.756604515646,378.0,253.0,65.0,148.0,1975.0,155.0,239.0,True,False,False,,-0.2914365220366316,-0.6427857495987661,0.09155175402474194,0.5108338027628492,2
100,22.0,26.45,6.0,2,4,False,35.8220226163625,128.757742927794,1645.0,226.0,215.0,319.0,2346.0,128.0,292.0,True,True,False,,1.7771861243885294,-0.6566276528702644,2.2541602642736622,-0.5864113145295426,3
50,20.0,26.45,6.0,2,3,False,35.8160246206736,128.762855721019,2426.0,290.0,105.0,613.0,3104.0,235.0,89.0,True,True,False,,3.882980883574004,1.7862796931513654,-0.1841347293839137,0.5760893904179168,3
100,23.0,25.5,6.0,3,4,True,35.8420078283411,128.763173994054,1127.0,256.0,65.0,55.0,2688.0,57.0,75.0,True,False,False,,-0.2133385103548579,1.9284361122208151,-0.5894529830910658,-0.7984556099303218,0
100,23.0,28.5,6.0,2,4,False,35.8396388223515,128.765619133128,1210.0,88.0,17.0,217.0,2813.0,59.0,123.0,True,False,False,,-0.5279172084785861,2.0684471316105384,0.08152381095439222,-0.25855149115001785,2
100,20.0,26.45,6.0,4,4,False,35.839021962087,128.765082331021,1144.0,140.0,101.0,253.0,2749.0,46.0,98.0,True,False,False,,0.14033997042743468,1.5753994403387526,0.2169768770607507,-0.765762402532856,2
50,20.0,26.45,6.0,3,3,False,35.8162108958394,128.762971582977,2410.0,305.0,112.0,637.0,3100.0,242.0,74.0,True,True,False,,4.093236001945682,1.7595851934289577,-0.3461370010756265,0.6104096773298242,3
50,20.0,25.5,6.0,3,3,False,35.8438786543174,128.751839890041,850.0,389.0,224.0,665.0,1906.0,174.0,212.0,True,True,False,,2.9432220553680586,-2.1322704171008664,0.21076572382345232,-0.2799437556674597,3
100,25.0,26.45,6.0,2,3,False,35.842516156933,128.754451803174,709.0,117.0,167.0,393.0,2009.0,117.0,159.0,True,True,False,,0.6805818081561769,-0.47422807659006916,0.7159058672152174,0.3064033978759257,3
100,30.0,37.5,6.0,2,4,False,35.8401811289406,128.764078677689,1101.0,88.0,109.0,108.0,2697.0,52.0,55.0,True,False,False,,-0.2936828767077029,2.074177625444983,0.2285751648841683,-0.36888923471739704,2
200,37.0,25.5,6.0,2,4,False,35.8397517838038,128.762295361595,934.0,255.0,47.0,201.0,2529.0,214.0,79.0,True,True,False,,0.9734155954089821,1.296232054611597,-0.9914824936955188,1.1761674194822114,3
200,35.0,25.5,6.0,2,4,False,35.8401738381707,128.756716863726,556.0,215.0,19.0,63.0,2072.0,102.0,125.0,True,False,False,,-1.0104909483591857,0.8000583268317656,-0.8330273789895384,0.343547287400666,2
100,27.0,26.45,6.0,1,3,False,35.8398574463641,128.75104470873,430.0,245.0,208.0,387.0,1595.0,108.0,287.0,True,True,False,,0.7085985849280919,-2.3486058377654233,1.2757153330351714,-0.35050604393267887,3
200,32.0,25.5,6.0,2,3,False,35.8429280801082,128.755610114606,780.0,151.0,76.0,377.0,2122.0,140.0,248.0,True,True,False,,0.28737312999159054,-0.5126867126570441,0.6920839738229578,0.47694040999638665,3
70,25.0,25.5,6.0,2,4,False,35.8403675197964,128.755161127221,500.0,125.0,26.0,197.0,1952.0,82.0,138.0,True,False,False,,-1.127402878422952,0.4741806559176547,-0.47565710913595666,0.42681165515700087,2
100,20.0,25.5,6.0,2,4,False,35.8399846055701,128.76423745217,1106.0,80.0,132.0,130.0,2704.0,60.0,77.0,True,True,False,,-0.07030907651841672,1.8049103696258408,0.5980422678805061,-0.3700985283689403,3
150,35.0,25.5,6.0,3,3,False,35.8393894880839,128.752824713704,346.0,76.0,67.0,239.0,1715.0,63.0,209.0,True,True,False,,-1.324609914388043,-0.4973746708044194,0.43498421508061863,0.26376753518442875,3
100,34.0,27.5,6.0,2,3,False,35.8396288417772,128.752137965634,378.0,143.0,128.0,306.0,1671.0,19.0,223.0,True,True,False,,-0.8849684557887474,-1.1015106594758064,0.6799363666420712,-0.696660803072787,3
200,35.0,26.45,6.0,3,3,False,35.8394776528487,128.753581859678,362.0,31.0,0.0,193.0,1782.0,48.0,179.0,True,True,False,,-2.047767736723096,0.270682801404055,-0.05130429285862283,0.4760711902248978,3
200,35.0,25.5,6.0,2,4,False,35.838730296104,128.755171531912,343.0,89.0,34.0,58.0,1884.0,117.0,222.0,True,True,False,,-1.5280821494799728,-0.009698166348433745,0.4412779801140397,0.8642545781870171,3
100,32.0,25.5,6.0,1,3,False,35.8387293223314,128.751811628699,289.0,173.0,73.0,248.0,1602.0,67.0,263.0,True,True,False,,-1.1085994990188213,-1.2364012618989282,0.44197074093902083,-0.08742470580084925,3
100,35.0,26.45,6.0,2,3,False,35.8385084277393,128.754524549135,290.0,94.0,61.0,57.0,1821.0,114.0,180.0,True,True,False,,-1.3698024313132262,0.0275996942538629,0.23868813862060337,0.8584007455527112,3
100,37.0,29.75,6.0,2,4,False,35.8398171458534,128.756219505729,497.0,159.0,71.0,92.0,2015.0,50.0,178.0,True,True,False,,-1.2568629495282233,0.21514323950834477,0.1690745041452511,-0.30178868413816834,3
100,35.0,29.75,6.0,2,3,False,35.8381763534465,128.750849942273,278.0,276.0,82.0,269.0,1498.0,43.0,296.0,True,True,False,,-0.9657720498902037,-1.8197455445328334,0.29409656021825226,-0.7678928694318273,3
100,33.0,26.45,6.0,2,3,False,35.8379810484756,128.753082894221,191.0,145.0,37.0,110.0,1678.0,68.0,127.0,True,False,False,,-1.6367284473842216,0.11727938543234277,-0.7115876671387119,0.394796411764426,2
200,32.0,25.5,6.0,3,3,False,35.8401294702457,128.752455534076,430.0,148.0,125.0,316.0,1721.0,80.0,164.0,False,True,False,,-0.2953593787503898,-0.698477527355265,0.16932954770041828,0.09640476843187884,1
100,25.0,26.45,6.0,1,3,False,35.8379810484756,128.753082894221,191.0,145.0,37.0,110.0,1678.0,68.0,127.0,True,True,False,,-1.6367284473842216,0.11727938543234277,-0.7115876671387119,0.394796411764426,3
200,35.0,29.75,6.0,2,3,False,35.840881748899,128.753960832477,522.0,135.0,97.0,312.0,1880.0,135.0,23.0,True,True,False,,0.17717571081077377,0.5593806432872351,-1.0517671919188434,1.0519695413970742,3
150,32.0,25.5,6.0,2,4,False,35.838369958887,128.757900399051,511.0,321.0,123.0,106.0,2105.0,163.0,209.0,True,False,False,,0.42137961253136597,-0.5548602071651217,0.13515801715746253,0.1696898051768541,2
100,35.0,25.5,7.0,2,3,False,35.8378143531176,128.751506539883,210.0,247.0,37.0,197.0,1538.0,62.0,226.0,True,True,False,,-1.3356410392544444,-0.9972950508051063,-0.4489504796990515,-0.1696781719573983,3
150,35.0,26.45,6.0,2,4,False,35.8387027855734,128.759251916516,636.0,430.0,70.0,137.0,2232.0,49.0,152.0,True,True,False,,-0.13956263352116582,0.12564416684431273,-1.0801200265575897,-1.3912245211984573,3
150,35.0,25.5,6.0,3,3,False,35.8402099732176,128.754071096743,451.0,104.0,33.0,239.0,1856.0,139.0,97.0,True,True,False,,-0.648355854941252,0.48727392425793065,-0.7770537080471839,1.2914198917789734,3
200,37.0,25.5,6.0,3,4,False,35.8395527876085,128.756802879509,509.0,204.0,58.0,48.0,2053.0,58.0,143.0,True,False,False,,-1.2003343718539101,0.5349499499657653,-0.346998940159664,-0.2725024301299599,2
100,35.0,26.45,7.0,2,3,False,35.8393289124989,128.752541949718,341.0,100.0,80.0,258.0,1689.0,39.0,227.0,True,True,False,,-1.3295432363239132,-0.7624116405311129,0.5582026806773918,-0.16857590737697228,3
200,45.0,29.75,6.0,1,3,False,35.8395802688629,128.752860895366,367.0,82.0,66.0,249.0,1727.0,67.0,188.0,True,True,False,,-1.2136516760557208,-0.36190595018536326,0.23436632840004884,0.3235107673381378,3
100,25.0,25.5,6.0,2,4,False,35.8178090422731,128.750668475567,2008.0,226.0,193.0,187.0,2172.0,78.0,112.0,True,False,False,,1.2898506563799073,0.9427829405512222,0.819111992865607,-0.5971372077592059,2
200,38.0,25.5,6.0,2,4,False,35.8392954893512,128.758806395796,633.0,383.0,141.0,78.0,2214.0,34.0,84.0,True,False,False,,0.006121991389578946,0.4157574958220227,-0.8574486951704,-1.4473876293683363,2
200,30.0,26.45,6.0,3,4,False,35.840345544790175,128.755758483703,523.0,153.0,23.0,146.0,2000.0,58.0,184.0,True,True,False,,-1.3920117509127332,0.31381055606951985,-0.16261219735971785,-0.05921229884942807,3
200,33.0,29.75,6.0,2,4,False,35.8402433794735,128.756656975568,558.0,206.0,23.0,72.0,2070.0,101.0,130.0,True,True,False,,-0.99971514126944,0.7505536989306442,-0.7320606209506553,0.34066367761557226,3
200,38.0,25.5,6.0,3,4,False,35.8382375042062,128.75924175123,615.0,441.0,18.0,168.0,2217.0,59.0,203.0,True,False,False,,-0.38316940436150815,-0.07421951851755904,-1.1449728375945976,-1.2572813865783288,2
200,33.0,25.5,6.0,2,4,False,35.8417682362312,128.76264476839,1073.0,272.0,107.0,44.0,2634.0,28.0,77.0,True,True,False,,-0.18797275690545343,1.639402262875011,-0.34746964288789806,-1.2878066450393906,3
200,37.0,25.5,6.0,2,3,False,35.8396628321723,128.752390043449,379.0,124.0,109.0,289.0,1693.0,32.0,205.0,False,True,False,,-0.98345836585999,-0.8183442902882785,0.4890126500572522,-0.391995180391466,1
100,32.0,33.06,6.0,2,2,False,35.8389804903932,128.751216554929,335.0,220.0,111.0,306.0,1565.0,98.0,321.0,True,True,False,,-0.4074488066093724,-2.0147841305077026,0.9502234914541312,-0.11179808580993188,3
100,30.0,33.05,24.0,2,3,False,35.8420465808883,128.751240252321,658.0,355.0,121.0,547.0,1739.0,19.0,132.0,True,True,False,,0.6381476423704796,-1.0333224605046742,-1.069225126516935,-1.3699014252479416,3
100,34.0,29.75,7.134969325153374,3,3,False,35.8378143531176,128.751506539883,210.0,247.0,37.0,197.0,1538.0,62.0,226.0,False,True,False,,-1.3356410392544444,-0.9972950508051063,-0.4489504796990515,-0.1696781719573983,1
100,28.0,29.75,24.0,3,3,False,35.8411683218776,128.752002061001,549.0,264.0,232.0,428.0,1743.0,31.0,168.0,False,True,False,,0.7725083477218405,-1.489648389733763,0.4969700791825331,-1.2754347472623269,1
200,37.0,29.75,26.0,1,3,False,35.8396628321716,128.752390043449,379.0,124.0,109.0,289.0,1693.0,32.0,205.0,True,True,False,,-0.98345836585999,-0.8183442902882785,0.4890126500572522,-0.391995180391466,3
50,20.0,25.5,6.0,3,3,False,35.8432557357854,128.756503506343,843.0,219.0,81.0,376.0,2210.0,93.0,315.0,True,True,False,,0.17619802068225093,-0.9176985805914446,1.0645279848277092,-0.5324100555799434,3
200,30.0,20.0,6.0,2,4,False,35.8413554331719,128.757742842764,716.0,237.0,91.0,137.0,2209.0,24.0,106.0,True,True,False,,-0.6455537877537508,0.7411696921797747,-0.4643345159980879,-0.9515680606935726,3
70,20.0,26.45,7.0,3,3,False,35.8380630256867,128.752602853676,200.0,158.0,72.0,145.0,1641.0,51.0,160.0,True,True,False,,-1.4510817229403494,-0.3632964627156831,-0.26912478768238146,-0.008849399072384335,3
200,35.0,34.0,6.0,1,3,False,35.8210255430579,128.755571581503,1713.0,27.0,55.0,100.0,2245.0,81.0,77.0,True,True,False,,-0.5129504618099371,2.217521009881217,0.31236856382968886,0.6136887187287619,3
200,35.0,34.0,6.0,2,3,False,35.8210255430579,128.755571581503,1713.0,27.0,55.0,100.0,2245.0,81.0,77.0,True,True,False,,-0.5129504618099371,2.217521009881217,0.31236856382968886,0.6136887187287619,3
70,22.0,25.5,7.0,2,3,False,35.8389671284182,128.753917787236,314.0,36.0,13.0,132.0,1787.0,43.0,219.0,True,False,False,,-2.2204127508784546,0.023930290091537482,0.3886358464029092,0.29410633000552117,2
100,31.0,25.5,6.0,4,4,False,35.8383520873484,128.759472146022,639.0,457.0,39.0,175.0,2241.0,35.0,194.0,True,True,False,,-0.3136187651082197,-0.09320335075856913,-1.1075906352259155,-1.6618026175642446,3
100,23.0,27.0,6.0,3,4,False,35.8222485444037,128.757630958432,1618.0,234.0,203.0,320.0,2325.0,127.0,300.0,True,True,False,,1.679373744500124,-0.7087775074135445,2.17666603240838,-0.5925423666562926,3
100,28.0,27.0,6.0,4,4,False,35.8376934184071,128.75887161836,565.0,431.0,53.0,200.0,2170.0,125.0,262.0,True,True,False,,0.25004193183789564,-0.7995351606146357,-0.4419104062135625,-0.641567484360632,3
150,35.0,27.0,6.0,2,3,False,35.838827603984,128.754715952571,329.0,61.0,63.0,74.0,1849.0,117.0,219.0,False,True,False,,-1.3973557868662647,-0.14767263760485802,0.7193810741995531,0.903043490905064,1
100,28.0,27.0,6.0,1,3,False,35.8398574463648,128.751044708729,430.0,245.0,208.0,387.0,1595.0,108.0,287.0,True,True,False,,0.7085985849280919,-2.3486058377654233,1.2757153330351714,-0.35050604393267887,3
200,36.0,27.0,6.0,3,3,False,35.8388317018315,128.75313902133,285.0,61.0,19.0,185.0,1717.0,38.0,212.0,True,True,False,,-2.048174144963077,-0.18719850169161265,0.19085222415000466,0.17475557869981445,3
200,30.0,20.0,6.0,2,4,False,35.8382044997829,128.754782238973,276.0,130.0,20.0,24.0,1831.0,118.0,154.0,False,True,False,,-1.5659340729002122,0.3744884970953391,-0.4064190383260694,0.95488619202265,1
200,35.0,33.06,6.0,3,3,False,35.8214000029158,128.75563039337,1673.0,65.0,66.0,116.0,2225.0,77.0,118.0,True,True,False,,-0.40209998362598665,1.756553095541012,0.5355556929535453,0.3245077077978217,3
200,33.0,27.0,6.0,3,3,False,35.8381491845988,128.751502171386,241.0,226.0,24.0,220.0,1551.0,49.0,243.0,False,True,False,,-1.5116419779254484,-0.9999349947757451,-0.3199463095385521,-0.25915317783854674,1
100,20.0,22.0,6.0,3,5,True,35.8427170069011,128.76340760983,1191.0,309.0,49.0,96.0,2737.0,54.0,81.0,True,False,False,,-0.023106907726619948,1.8921254828039182,-0.8724958422654303,-1.0336361214255763,0
300,45.0,30.0,6.0,4,4,False,35.8386203543511,128.760216336297,713.0,473.0,109.0,219.0,2313.0,41.0,196.0,True,True,False,,0.43397963145641355,-0.41856641149191154,-0.6137878319669475,-1.9249130576947704,3
200,38.0,20.0,6.0,3,3,False,35.8373442163176,128.751458465619,173.0,285.0,38.0,177.0,1517.0,105.0,215.0,False,True,False,,-0.9814924494735672,-1.054070312795959,-0.7065821794634012,0.24212571468884664,1
200,45.0,20.0,6.0,3,3,False,35.8395600746942,128.753491376098,370.0,42.0,12.0,205.0,1778.0,55.0,171.0,False,True,False,,-1.8414575857614361,0.21966284230217684,-0.08259531284728161,0.49873382600130334,1
200,37.0,25.0,6.0,3,4,False,35.8404779001747,128.756894002318,592.0,203.0,26.0,81.0,2100.0,69.0,110.0,True,True,False,,-1.1340475710863809,0.9398518653689413,-0.8340678656407404,-0.019037941674214204,3
200,30.0,33.05,7.0,3,3,False,35.83224825806092,128.70379139630006,961.0,208.0,91.0,360.0,826.0,116.0,193.0,False,True,False,,-0.11938172476842032,-1.5463514243789802,-0.2915823314035239,0.9435877076409505,1
100,30.0,25.5,6.0,2,3,False,35.8405315896811,128.754089246444,486.0,137.0,57.0,272.0,1873.0,154.0,63.0,True,True,False,,-0.1264000657008579,0.504118813245874,-1.0231457859731241,1.3255194385417284,3
100,20.0,23.14,6.0,2,4,False,35.8415911031144,128.762464769387,1048.0,274.0,125.0,61.0,2611.0,36.0,73.0,True,True,False,,0.0175355481501014,1.4992982092834306,-0.28795434487923205,-1.2351857834667213,3
300,35.0,33.06,6.0,2,4,False,35.8308775408184,128.704420722583,1109.0,216.0,73.0,421.0,979.0,68.0,84.0,False,False,False,,-0.09715916884887385,-0.5701962495828363,-1.2714914961861286,0.4972200428127716,2
300,45.0,29.75,6.0,1,3,False,35.8233248697358,128.754404561486,1447.0,158.0,138.0,266.0,2014.0,140.0,241.0,True,True,False,,0.794911260598738,-0.24526962858966309,1.379733805265294,0.3770270377264187,3
200,32.0,27.0,6.0,3,4,False,35.8380116282748,128.759503912719,629.0,471.0,27.0,203.0,2234.0,65.0,232.0,False,True,False,,-0.12060566493425953,-0.3987788352471628,-0.9853759497023583,-1.4008653681845404,1
200,35.0,27.0,6.0,3,5,False,35.8399533021898,128.75974224565,743.0,455.0,48.0,133.0,2317.0,79.0,73.0,True,True,False,,0.1990122442064989,0.8358412156477611,-1.9249983735482983,-0.9594894092580002,3
100,30.0,23.14,6.0,2,3,False,35.84053039550781,128.7540893554692,486.0,137.0,57.0,271.0,1873.0,154.0,63.0,False,True,False,,-0.12902557632682485,0.5058410161687473,-1.0222952272449797,1.3258037713534068,1
200,40.0,40.0,6.0,2,3,False,35.8428497159164,128.748700239429,821.0,195.0,88.0,770.0,1617.0,46.0,117.0,True,True,False,,0.7931521294019298,-0.908325246467768,-0.9558694009393701,-0.33088812904983406,3
200,35.0,26.45,6.0,4,4,False,35.8387302961033,128.755171531912,343.0,89.0,34.0,58.0,1884.0,117.0,222.0,True,True,False,,-1.5280821494799728,-0.009698166348433745,0.4412779801140397,0.8642545781870171,3
70,23.0,23.14,6.0,3,3,False,35.8434848130162,128.749400699576,860.0,224.0,71.0,776.0,1712.0,54.0,101.0,False,True,False,,0.9287474204727044,-0.6695595774501482,-1.2907982014105146,-0.32407916249928864,1
100,27.0,33.05,6.0,3,4,False,35.8262583892936,128.727637283352,869.0,431.0,87.0,179.0,1032.0,137.0,152.0,False,False,False,,0.2738447680163332,-1.2322322976789557,-1.3919220678508888,0.3998055264314635,2
200,25.0,26.0,6.0,3,3,False,35.8391162251665,128.751771111458,331.0,169.0,116.0,282.0,1616.0,50.0,287.0,False,True,False,,-0.8653407053723193,-1.5856284228779238,0.9753094052526557,-0.4711118607592376,1
200,35.0,20.0,6.0,1,3,False,35.8405402920606,128.753542504211,478.0,149.0,93.0,292.0,1829.0,127.0,65.0,False,True,False,,-0.023366193175323968,0.2372752744819052,-0.8152154784587685,0.875906381733948,1
200,35.0,20.0,6.0,2,3,False,35.8405402920606,128.753542504211,478.0,149.0,93.0,292.0,1829.0,127.0,65.0,False,True,False,,-0.023366193175323968,0.2372752744819052,-0.8152154784587685,0.875906381733948,1
200,38.0,26.45,6.0,2,3,False,35.8390630602204,128.751597963341,330.0,185.0,110.0,288.0,1600.0,65.0,302.0,True,False,False,,-0.7623146112750492,-1.7263916502501646,0.9698325359086902,-0.35403908297144326,2
200,35.0,26.45,6.0,2,4,False,35.8405526099436,128.756382028358,572.0,164.0,56.0,114.0,2061.0,60.0,157.0,True,True,False,,-1.1169747696220949,0.4647855878528905,-0.11097039873368388,-0.1528708107128877,3
200,44.0,20.0,6.0,3,4,False,35.8388964447691,128.755135795031,356.0,73.0,53.0,76.0,1887.0,105.0,237.0,False,True,False,,-1.4969133457401052,-0.1738449973928793,0.7674077110019206,0.6851758626617588,1
100,27.0,33.05,6.0,2,4,False,35.8262583892936,128.727637283352,869.0,431.0,87.0,179.0,1032.0,137.0,152.0,False,False,False,,0.2738447680163332,-1.2322322976789557,-1.3919220678508888,0.3998055264314635,2
200,35.0,23.14,6.0,2,3,False,35.8385106210099,128.750408088883,332.0,301.0,130.0,322.0,1477.0,42.0,349.0,False,True,False,,-0.48627794977340966,-2.5112423301234506,0.9510054729859307,-1.1212702589185788,1
100,31.0,26.45,7.0,2,3,False,35.839773079662,128.75225756280307,392.0,140.0,124.0,305.0,1688.0,37.0,204.0,False,True,False,,-0.7527557671551764,-0.9409545559953036,0.5152066455566894,-0.4344702773462936,1
50,20.0,23.14,6.0,3,5,True,35.8427539635379,128.763762915154,1219.0,298.0,38.0,116.0,2768.0,85.0,113.0,True,False,False,,0.13961857460904117,1.7470105793061024,-0.6518076629737979,-0.6864989222487549,0
100,32.0,20.0,6.0,2,4,False,35.8408197089065,128.755382805088,554.0,92.0,45.0,202.0,1992.0,41.0,133.0,True,True,False,,-1.3196218028087392,0.5872069056603872,-0.19257061342658083,-0.016015054118395627,3
200,33.0,29.75,6.0,3,4,False,35.8298722695955,128.734312179181,710.0,197.0,20.0,167.0,363.0,217.0,134.0,True,False,False,,-0.7113139064741534,-1.233443309619719,-1.400134680252305,2.882948400327382,2
200,35.0,33.06,6.0,3,4,False,35.8399538443085,128.759742146958,743.0,455.0,48.0,133.0,2318.0,79.0,73.0,True,False,False,,0.1995026359877924,0.8369097079926825,-1.924611609759077,-0.960173114519999,2
100,30.0,33.06,6.0,1,3,False,35.8221927940477,128.71778523219,1627.0,98.0,333.0,183.0,1417.0,233.0,122.0,True,False,False,,2.3303536657495183,-0.7322020446679292,2.0108571538392237,1.774694672871803,2
100,30.0,36.36,16.0,3,4,False,35.8380296664486,128.764792639946,1093.0,251.0,104.0,353.0,2698.0,110.0,57.0,True,True,False,,1.2001719308548253,1.2986363830673062,-0.6989804061518563,-0.3261509562670479,3
100,35.0,42.98,19.0,2,4,False,35.8156833377454,128.762839102333,2460.0,283.0,120.0,581.0,3126.0,244.0,126.0,True,False,False,,3.928129473629963,1.5831969384899496,0.30564867612760205,0.5816831601084904,2
100,25.0,33.06,6.0,2,4,False,35.8382614751282,128.765280616524,1141.0,225.0,57.0,339.0,2747.0,60.0,87.0,True,False,False,,0.43322987911560973,1.527434128230719,-0.6370502970388174,-0.7734362697871097,2
300,35.0,26.45,11.0,2,4,False,35.8022923027089,128.736575973657,3561.0,326.0,54.0,278.0,2618.0,14.0,168.0,True,False,False,,1.546224514509811,2.46767516197733,0.5170770420635422,-1.757099201137836,2
200,36.0,26.45,6.0,3,4,True,35.8180857155684,128.729119522823,1776.0,328.0,160.0,191.0,1755.0,160.0,70.0,True,False,False,,1.672158822943266,0.494108850716495,-0.4725779471572479,0.47724688590737924,0
100,28.0,33.06,6.0,3,4,False,35.8211244472645,128.733539391379,1511.0,33.0,82.0,117.0,1331.0,102.0,99.0,True,False,False,,-0.7215706243748436,0.7762971599618925,0.2191453821849708,1.337685644739703,2
100,20.0,26.45,25.0,3,3,False,35.8309418375778,128.730773722973,409.0,210.0,120.0,303.0,484.0,107.0,260.0,True,False,False,,-0.7281458092448255,-2.751244266683276,0.17275074071345456,0.8651122736395506,2
200,35.0,36.36,14.0,3,4,False,35.832671116626,128.728068245832,156.0,132.0,66.0,66.0,672.0,75.0,101.0,True,False,False,,-2.029963547547984,-0.8547547529374784,-1.0178533713281452,1.1900983744785247,2
200,35.0,20.0,6.0,2,4,False,35.8396585497466,128.756435134109,495.0,173.0,54.0,74.0,2027.0,54.0,166.0,False,True,False,,-1.3276681602987852,0.38490935509942004,-0.09698178076227779,-0.23252823040867193,1
200,37.0,25.0,6.0,2,3,False,35.8382692602157,128.75026854551,322.0,321.0,130.0,318.0,1454.0,18.0,348.0,True,False,False,,-0.6272181350259461,-2.545401324555131,0.8569735739938221,-1.4575021659515812,3
100,30.0,27.0,6.0,2,4,False,35.8435669086161,128.756940008501,890.0,270.0,128.0,393.0,2262.0,111.0,297.0,True,True,False,,0.8870239119842543,-1.0757844390711382,1.0779412386180838,-0.6480322546467189,3
100,34.0,26.45,6.0,3,3,False,35.8387129077117,128.754214977277,297.0,75.0,52.0,93.0,1802.0,79.0,194.0,False,True,False,,-1.6641366763665035,-0.0311499423634497,0.33862233753324933,0.5142757084864688,1
100,30.0,23.14,6.0,1,3,False,35.8396757827124,128.751891320114,388.0,166.0,146.0,328.0,1653.0,33.0,235.0,True,True,False,,-0.5581254610725698,-1.3698656871238333,0.7917028258469693,-0.6857683578741101,3
100,35.0,26.45,6.0,2,3,False,35.8391409857947,128.752495428901,320.0,103.0,66.0,248.0,1677.0,48.0,247.0,True,True,False,,-1.4191056061791527,-0.849802998811735,0.5965749557248002,-0.05986955036641248,3
100,26.0,25.3,7.0,2,3,False,35.8399842780487,128.752821423436,412.0,114.0,89.0,281.0,1744.0,85.0,152.0,True,True,False,,-0.6736276494245969,-0.31976840097527626,-0.027566703807972253,0.4038302475317244,3
100,23.0,30.0,6.0,3,3,False,35.821190875764,128.755196932426,1691.0,63.0,43.0,71.0,2207.0,43.0,88.0,True,True,False,,-0.8828876106243981,2.1632011503950643,0.1739101670180293,0.08410673317876713,3
200,25.0,27.0,6.0,2,4,False,35.8217132856426,128.758129225337,1688.0,238.0,255.0,341.0,2394.0,160.0,302.0,True,True,False,,2.402397927367275,-0.9177100779118297,2.594199528636059,-0.4309452473057725,3
100,30.0,30.0,6.0,2,4,False,35.8217299223371,128.757866701383,1679.0,218.0,232.0,318.0,2373.0,136.0,282.0,True,True,False,,1.9681905004323965,-0.6101059615338346,2.3560427965007147,-0.5127215496425996,3
200,25.0,27.0,6.0,2,4,False,35.8217132856433,128.758129225336,1688.0,238.0,255.0,341.0,2394.0,160.0,302.0,True,True,False,,2.402397927367275,-0.9177100779118297,2.594199528636059,-0.4309452473057725,3
200,32.0,29.75,25.0,3,3,False,35.84105300903321,128.75256347656295,532.0,227.0,198.0,387.0,1780.0,31.0,117.0,False,True,False,,0.40341569323853665,-0.8317397414650416,0.02214343647676606,-0.9517700611747457,1
300,45.0,34.0,6.0,2,3,False,35.8233248697358,128.754404561486,1447.0,158.0,138.0,266.0,2014.0,140.0,241.0,True,True,False,,0.794911260598738,-0.24526962858966309,1.379733805265294,0.3770270377264187,3
300,45.0,34.0,6.0,3,3,False,35.8233248697358,128.754404561486,1447.0,158.0,138.0,266.0,2014.0,140.0,241.0,True,True,False,,0.794911260598738,-0.24526962858966309,1.379733805265294,0.3770270377264187,3
100,30.0,30.0,6.0,2,3,False,35.8212824087443,128.756228377476,1695.0,68.0,117.0,163.0,2277.0,56.0,135.0,True,True,False,,-0.06501400452662441,1.410262864469349,1.0400875318161016,-0.17086113513534876,3
100,35.0,34.0,6.0,2,3,False,35.8208633302511,128.755942314591,1736.0,20.0,71.0,133.0,2283.0,108.0,84.0,True,True,False,,-0.12259713739319691,2.0855137073731944,0.5068980056330656,0.8600911317611953,3
300,38.0,30.0,6.0,4,4,False,35.8224885863748,128.757977150293,1601.0,275.0,235.0,360.0,2338.0,166.0,342.0,True,True,False,,2.339165680355909,-1.3094216920542354,2.5427383155025716,-0.478977067224598,3
200,47.0,20.0,6.0,3,4,False,35.8387776461771,128.757172236405,478.0,245.0,81.0,92.0,2056.0,87.0,189.0,False,True,False,,-0.6800821075061783,-0.06746599547812443,-0.02592099189342188,-0.25228685476724344,1
200,34.0,39.67,6.0,3,4,False,35.8295790798413,128.739278219337,529.0,136.0,164.0,301.0,509.0,164.0,213.0,False,False,False,,-0.10232478128097866,-2.453517813570579,0.47051615685111353,1.7481553821586109,2
200,35.0,26.45,6.0,2,4,False,35.8387027855734,128.759251916516,636.0,430.0,70.0,137.0,2232.0,49.0,152.0,False,True,False,,-0.13956263352116582,0.12564416684431273,-1.0801200265575897,-1.3912245211984573,1
200,35.0,29.75,6.0,2,3,False,35.8208633302518,128.755942314591,1736.0,20.0,71.0,133.0,2283.0,108.0,84.0,True,True,False,,-0.12259713739319691,2.0855137073731944,0.5068980056330656,0.8600911317611953,3
200,30.0,29.75,25.0,1,3,False,35.841051866606925,128.75256016017178,532.0,227.0,198.0,387.0,1779.0,31.0,117.0,True,True,False,,0.40292530145724315,-0.8328082338099629,0.02175667268754497,-0.9510863559127469,3
100,25.0,29.75,6.0,1,3,False,35.8217379875126,128.755558284622,1635.0,103.0,48.0,132.0,2198.0,72.0,152.0,True,True,False,,-0.4840700179869117,1.4715112701853361,0.48162923233807914,0.12938234453326386,3
200,30.0,26.45,6.0,3,4,False,35.8308130252135,128.731108098218,437.0,243.0,95.0,336.0,465.0,106.0,275.0,True,False,False,,-0.7292141710406367,-2.8508652186582233,-0.0552168828570079,0.7832720577113951,2
70,20.0,29.75,21.0,3,3,False,35.843329693224355,128.7525748674593,785.0,299.0,248.0,575.0,1920.0,162.0,243.0,True,True,False,,2.4459514178925286,-2.138601521054551,1.079520680593352,-0.2171813608693963,3
100,28.0,29.75,25.0,1,3,False,35.8414280219728,128.751446114039,587.0,317.0,176.0,483.0,1716.0,88.0,188.0,False,True,False,,1.0945393381551105,-1.605941777213598,-0.041268999322880556,-0.6613412532398579,1
200,36.0,26.44,7.0,1,3,False,35.8398698692778,128.752121022971,405.0,156.0,139.0,322.0,1681.0,46.0,206.0,True,False,False,,-0.4954310155602667,-1.090435054827929,0.5631013821345915,-0.434625243888507,2
100,22.0,26.45,7.0,2,3,False,35.8379467530967,128.759386611555,617.0,463.0,21.0,201.0,2222.0,76.0,237.0,False,False,False,,-0.12942743106486337,-0.41528847316662293,-0.9670973976180166,-1.2253600190170202,1
100,30.0,33.06,24.0,1,3,False,35.84095127120123,128.7530316192216,520.0,202.0,157.0,354.0,1811.0,72.0,76.0,True,True,False,,0.3259782119474854,-0.2820534894276984,-0.4926022938258028,-0.18385602861404218,3
150,29.0,29.75,15.0,1,3,False,35.8397707966362,128.751369721666,411.0,214.0,188.0,362.0,1616.0,77.0,267.0,True,True,False,,0.22116880355817836,-1.986431569298686,1.1220620109730857,-0.5126618346818643,3
100,28.0,26.45,31.0,1,3,False,35.8396364764127,128.755997171813,469.0,134.0,59.0,113.0,1989.0,31.0,203.0,False,True,False,,-1.5517973565640943,0.09094207671879151,0.3532648680672021,-0.4389878458996045,1
150,35.0,23.14,6.0,2,3,False,35.83881818767316,128.75470667036274,328.0,62.0,63.0,74.0,1848.0,116.0,218.0,True,True,False,,-1.4014867026323117,-0.14393226516540136,0.7065797752935269,0.8903538661211092,3
300,45.0,33.06,6.0,2,4,True,35.8425554903905,128.759378184807,913.0,396.0,151.0,247.0,2400.0,106.0,67.0,False,True,False,,1.3565326798269226,0.4863493523410732,-0.9600422613137819,-0.8175019967280509,0
200,34.0,23.14,6.0,3,4,False,35.8405656533677,128.75621099798,565.0,152.0,41.0,126.0,2047.0,47.0,173.0,True,True,False,,-1.3443912626672747,0.42545849842592703,-0.05823455550008961,-0.24448781107751133,3
200,32.0,26.44,6.0,1,3,False,35.8436385818848,128.749286761807,880.0,210.0,58.0,796.0,1716.0,58.0,121.0,False,True,False,,0.8723841110983821,-0.7319676770987165,-1.1763880681667138,-0.23659218995989642,1
150,35.0,26.45,6.0,2,4,False,35.8399392915937,128.754434108685,431.0,66.0,17.0,199.0,1873.0,114.0,136.0,True,True,False,,-1.2023687965534222,0.477509787160839,-0.38152062009968213,1.1015241347142144,3
100,24.0,23.14,6.0,2,4,False,35.8434321101939,128.75864529571,951.0,374.0,176.0,355.0,2387.0,33.0,142.0,True,True,False,,1.1405890290887855,-0.183413833729416,-0.13095202588729069,-1.8497172276844926,3
100,35.0,23.14,6.0,1,3,False,35.8388113370615,128.754342753278,312.0,64.0,54.0,92.0,1817.0,85.0,207.0,True,True,False,,-1.642056414623608,-0.08142432773935616,0.5161190904112481,0.5822434835111935,3
100,32.0,26.44,6.0,2,2,False,35.839548947749726,128.75106625821826,398.0,235.0,175.0,360.0,1581.0,97.0,303.0,True,True,False,,0.2642334323443315,-2.2588851335891897,1.207638081454679,-0.3602285229486631,3
100,30.0,26.45,6.0,4,4,False,35.831214370779,128.747506021287,663.0,694.0,117.0,814.0,1099.0,138.0,193.0,False,True,False,,2.766259464457992,-3.2964604711626793,-2.5202970311649158,-0.9261158924291594,1
100,31.0,26.45,6.0,4,4,False,35.8392444310931,128.751710960439,346.0,174.0,130.0,296.0,1617.0,45.0,280.0,True,True,False,,-0.7386528207114624,-1.6237688845864475,0.9984820005433899,-0.5808805420460607,3
50,20.0,26.44,6.0,2,3,False,35.84160064025439,128.75175768894664,600.0,305.0,186.0,479.0,1750.0,83.0,198.0,False,True,False,,1.0916774563414002,-1.638388116588602,0.1884174550620825,-0.749879792888827,1
100,33.0,26.45,6.0,2,3,False,35.8379810484756,128.753082894221,191.0,145.0,37.0,110.0,1678.0,68.0,127.0,False,True,False,,-1.6367284473842216,0.11727938543234277,-0.7115876671387119,0.394796411764426,1
200,35.0,23.14,6.0,2,4,False,35.837971403456,128.758915493752,578.0,422.0,30.0,174.0,2181.0,101.0,231.0,False,True,False,,-0.1169990470540319,-0.38728985316808706,-0.792200571927078,-0.761883896782555,1
200,45.0,33.06,6.0,3,4,True,35.8401419079707,128.759453026634,734.0,422.0,47.0,104.0,2300.0,84.0,47.0,False,True,False,,0.0748475619867873,1.0923312142641541,-1.9936824234955124,-0.7069771899069152,0
200,35.0,26.44,6.0,1,2,False,35.8398932242561,128.75094556051,437.0,255.0,215.0,396.0,1589.0,118.0,293.0,False,True,False,,0.8734076563911941,-2.465278070640178,1.3255668573034192,-0.29974084174099536,1
100,23.0,23.14,7.0,2,3,False,35.83841908447624,128.75833662789205,548.0,357.0,88.0,107.0,2144.0,130.0,189.0,False,True,False,,0.12669689263808445,-0.23485323457677398,-0.4037686353373302,-0.23131040162815236,1
100,25.0,23.14,7.0,2,3,False,35.8394924999828,128.75295967281986,358.0,69.0,56.0,236.0,1731.0,65.0,193.0,True,True,False,,-1.3760925189142035,-0.3005028225615849,0.26367379215907144,0.36743009790254905,3
100,33.0,26.45,6.0,1,3,False,35.8394592642334,128.752137002163,360.0,138.0,114.0,295.0,1662.0,0.0,237.0,False,True,False,,-1.1907228992695578,-1.102868728115708,0.7137356756680756,-0.8799635259416564,1
150,30.0,23.14,6.0,3,4,False,35.84012811592762,128.75583780006556,506.0,144.0,46.0,131.0,1997.0,46.0,203.0,False,True,False,,-1.4270921456285712,0.12200399288024177,0.21139345705736506,-0.26954221454493016,1
200,33.0,23.14,6.0,3,4,True,35.8400713261697,128.759110051194,704.0,397.0,78.0,75.0,2268.0,71.0,16.0,True,True,False,,0.042671585685374123,1.2021549791959059,-1.904189524743751,-0.7712854517940015,0
200,40.0,26.44,6.0,2,3,False,35.8388891117902,128.75218101222,297.0,136.0,76.0,239.0,1640.0,63.0,256.0,False,True,False,,-1.2163479978210738,-1.0702131224081248,0.5881541499488441,-0.020695291672747307,1
200,35.0,23.14,6.0,3,3,False,35.8394776528487,128.753581859678,362.0,31.0,0.0,193.0,1782.0,48.0,179.0,True,True,False,,-2.047767736723096,0.270682801404055,-0.05130429285862283,0.4760711902248978,3
200,25.0,26.44,6.0,0,3,False,35.8399179068708,128.753084131462,405.0,94.0,66.0,259.0,1762.0,100.0,146.0,True,True,False,,-0.8222246101467447,-0.09650963556410896,-0.14757399634168414,0.7278263562404724,3
70,22.0,19.85,7.0,3,3,False,35.8384280556348,128.757236901207,462.0,263.0,73.0,118.0,2050.0,116.0,222.0,False,True,False,,-0.458313427834179,-0.3656007595542723,0.06909783224512223,-0.01946982268705155,1
200,33.0,26.45,6.0,1,3,False,35.8429280801075,128.755610114606,780.0,151.0,76.0,377.0,2122.0,140.0,248.0,True,True,False,,0.28737312999159054,-0.5126867126570441,0.6920839738229578,0.47694040999638665,3
200,44.0,36.36,6.0,2,4,False,35.84126662566593,128.75759822733897,700.0,225.0,92.0,134.0,2193.0,41.0,110.0,False,True,False,,-0.5823191852511533,0.6952544318456176,-0.38872650681865073,-0.7067603659558026,1
70,22.0,26.45,6.0,3,3,False,35.8435549918902,128.753203588282,810.0,276.0,301.0,554.0,1981.0,180.0,277.0,False,True,False,,2.8072759408786023,-2.4614975299095474,1.8974675701182881,-0.18563100299978827,1
200,30.0,23.14,6.0,2,3,False,35.838725063147,128.753598381379,280.0,53.0,40.0,142.0,1751.0,40.0,193.0,False,True,False,,-1.9934126921004123,-0.042267848407556645,0.27476937382377425,0.19128076920778092,1
100,28.0,26.44,6.0,3,3,False,35.8411681643322,128.7520005081445,549.0,264.0,232.0,428.0,1743.0,31.0,168.0,False,True,False,,0.7725083477218405,-1.489648389733763,0.4969700791825331,-1.2754347472623269,1
100,25.0,26.45,6.0,2,4,False,35.8380471062342,128.765120600279,1123.0,248.0,76.0,357.0,2728.0,87.0,80.0,True,True,False,,0.85559232649187,1.3526396308570827,-0.683871543272391,-0.5715072011687683,3
200,28.0,26.45,6.0,2,4,False,35.8410516495897,128.758224198577,718.0,285.0,42.0,94.0,2235.0,49.0,52.0,True,True,False,,-0.6824243048342468,1.3103834247906698,-1.4329177065384606,-0.5777989388564874,3
150,33.0,26.45,7.0,2,3,False,35.8397815652292,128.7522565321,393.0,140.0,124.0,306.0,1688.0,38.0,203.0,False,True,False,,-0.7410771765277003,-0.9364270397710823,0.5063087719696859,-0.4209365558864338,1
100,33.0,23.14,6.0,3,4,False,35.8401817579736,128.757037981394,575.0,235.0,14.0,46.0,2099.0,82.0,97.0,False,True,False,,-1.1137327680950913,1.0558794910107598,-1.1443935010222481,0.09307179910709515,1
100,28.0,26.44,6.0,3,3,False,35.839574379552445,128.75228860583343,370.0,128.0,115.0,291.0,1680.0,19.0,218.0,False,True,False,,-1.0484026735806955,-0.9498832542777282,0.616951602336044,-0.5956839192129045,1
100,30.0,23.14,7.0,2,3,False,35.8392456786841,128.752638724298,331.0,90.0,68.0,245.0,1693.0,51.0,230.0,False,True,False,,-1.394059672500256,-0.6976024536002166,0.5393528832771315,0.04010040975172667,1
70,27.0,26.44,6.0,3,3,False,35.8394085706487,128.75306085859,349.0,57.0,47.0,223.0,1736.0,52.0,198.0,False,True,False,,-1.6075247627364333,-0.23472542224201598,0.29981546774242196,0.2740833608588299,1
100,28.0,26.44,6.0,2,3,False,35.83857217303779,128.7540283907432,276.0,79.0,56.0,100.0,1781.0,75.0,176.0,False,True,False,,-1.6370758636466902,0.014008190329101902,0.18445569330222508,0.48952677380239085,1
100,28.0,26.44,6.0,2,4,False,35.84033082941843,128.75454521351983,476.0,108.0,29.0,239.0,1900.0,122.0,103.0,False,True,False,,-0.7558492471211326,0.5387680859843736,-0.7436396808032468,1.0457275130816368,1
200,30.0,26.44,6.0,1,3,False,35.8411130244437,128.753241470739,539.0,180.0,155.0,361.0,1836.0,92.0,56.0,True,True,False,,0.4598219325578128,-0.09218257714332564,-0.5736466757630927,0.15818576989183897,3
150,33.0,26.44,6.0,4,4,False,35.83908753303081,128.75477457810248,357.0,36.0,83.0,100.0,1864.0,109.0,235.0,True,True,False,,-1.3221008978148288,-0.30041724009182724,1.1011100871587784,0.7877753368490286,3
100,35.0,23.14,7.0,1,3,False,35.839797029903,128.752944572847,391.0,91.0,67.0,259.0,1744.0,82.0,164.0,False,True,False,,-0.9936342590167128,-0.22456070237476114,0.011867170345994424,0.4990959786641496,1
200,40.0,23.14,6.0,2,3,False,35.8387121160599,128.752515652388,273.0,115.0,43.0,206.0,1660.0,29.0,223.0,False,True,False,,-1.790709929981869,-0.5698376361959028,0.1943653557730596,-0.18591069695984158,1
50,20.0,26.44,6.0,3,3,False,35.8431742483161,128.755358555563,799.0,173.0,111.0,411.0,2117.0,170.0,259.0,False,True,False,,0.883605330635762,-0.8673874048834769,0.9216707989532765,0.619089758953922,1
150,33.0,26.44,6.0,3,3,False,35.8425632535581,128.753392368451,701.0,189.0,263.0,463.0,1932.0,75.0,166.0,False,True,False,,1.3568597100523672,-1.2756517270813867,1.1154692252882188,-0.7170288517113201,1
100,25.0,23.14,6.0,2,4,False,35.8381154476721,128.754728152999,265.0,139.0,21.0,31.0,1824.0,107.0,143.0,True,True,False,,-1.5902229349890284,0.40694181417333625,-0.5357787460572331,0.8147332301489447,3
200,35.0,26.44,6.0,2,3,False,35.8394776528494,128.753581859678,362.0,31.0,0.0,193.0,1782.0,48.0,179.0,False,True,False,,-2.047767736723096,0.270682801404055,-0.05130429285862283,0.4760711902248978,1
200,33.0,26.44,6.0,1,3,False,35.8406028435541,128.753992208087,492.0,147.0,68.0,282.0,1869.0,154.0,53.0,False,True,False,,0.01610808980748166,0.4809977922785325,-1.0712005393970598,1.2766518276722838,1
70,20.0,23.14,6.0,3,3,False,35.843278166185975,128.75067013383864,803.0,340.0,104.0,687.0,1782.0,84.0,88.0,True,False,False,,1.4820675122043134,-0.79626993249768,-1.5586936678205026,-0.47947258474733556,2
100,25.0,23.14,6.0,4,4,False,35.8384055518426,128.765281485417,1145.0,210.0,60.0,323.0,2750.0,50.0,86.0,False,True,False,,0.3008389276935688,1.5906058890085786,-0.5410341062906201,-0.842469324202788,1
80,22.0,26.44,6.0,3,4,False,35.8425937033111,128.763342128028,1178.0,300.0,46.0,83.0,2727.0,45.0,72.0,True,True,False,,-0.16961041511239228,1.9924389939157532,-0.9261853841737886,-1.0699788754171735,3
100,22.0,23.14,6.0,2,4,False,35.8399846055701,128.76423745217,1106.0,80.0,132.0,130.0,2704.0,60.0,77.0,True,False,False,,-0.07030907651841672,1.8049103696258408,0.5980422678805061,-0.3700985283689403,2
200,40.0,35.0,6.0,3,3,False,35.8251902087206,128.729352433852,989.0,239.0,121.0,371.0,1030.0,88.0,294.0,True,False,False,,-0.011780086545739176,-2.1561131904395388,0.7162922697473676,0.06550455264159936,2
100,27.0,23.14,6.0,3,3,False,35.8404342764239,128.752847705422,462.0,154.0,125.0,316.0,1768.0,81.0,115.0,False,True,False,,-0.1665631804586827,-0.32171350161046847,-0.22483666619905887,0.15280836552122626,1
100,30.0,26.45,6.0,3,3,False,35.8401962786308,128.752786690187,436.0,134.0,107.0,300.0,1751.0,99.0,137.0,False,True,False,,-0.30867397036279987,-0.3663645776091036,-0.10575470940923443,0.463374977264741,1
100,28.0,36.36,6.0,2,4,False,35.83116801224,128.74772565588,683.0,714.0,105.0,806.0,1120.0,121.0,173.0,True,True,False,,2.6494617251016686,-3.083563160540773,-2.829630216445498,-1.1346956854669796,3
200,40.0,37.5,6.0,3,4,False,35.8407397198678,128.755689039062,558.0,110.0,22.0,174.0,2013.0,19.0,162.0,True,True,False,,-1.6748026000318283,0.5663674972378324,-0.16483423328798452,-0.3362254457738462,3
150,32.0,28.5,6.0,3,3,False,35.8409805199581,128.753836842393,530.0,138.0,111.0,326.0,1876.0,125.0,10.0,True,True,False,,0.2628677670939542,0.5582784921647083,-1.072356675902291,0.905846293482833,3
150,33.0,25.5,7.0,1,3,False,35.8397970299037,128.752944572847,391.0,91.0,67.0,259.0,1744.0,82.0,164.0,False,True,False,,-0.9936342590167128,-0.22456070237476114,0.011867170345994424,0.4990959786641496,1
100,32.0,29.75,24.0,1,3,False,35.8396757827131,128.751891320114,388.0,166.0,146.0,328.0,1653.0,33.0,235.0,False,True,False,,-0.5581254610725698,-1.3698656871238333,0.7917028258469693,-0.6857683578741101,1
300,45.0,25.5,6.0,3,4,False,35.816529233864,128.761105316659,2318.0,171.0,41.0,598.0,2945.0,73.0,131.0,True,False,False,,1.7123609167261984,1.9673802005591052,0.12719927490208713,-0.6906533390233363,2
200,36.0,26.45,6.0,2,4,False,35.8382375042062,128.75924175123,615.0,441.0,18.0,168.0,2217.0,59.0,203.0,True,True,False,,-0.38316940436150815,-0.07421951851755904,-1.1449728375945976,-1.2572813865783288,3
100,28.0,33.05,6.0,4,4,False,35.8325397127704,128.745785119436,459.0,529.0,15.0,829.0,928.0,214.0,161.0,False,False,False,,2.0259160620971195,-2.7144917382810734,-3.0399627117109733,1.0483672027905648,2
150,33.0,23.14,7.0,2,4,False,35.8378024582002,128.754433967554,221.0,172.0,14.0,72.0,1788.0,63.0,103.0,True,True,False,,-1.7438083521041494,0.5371170018000747,-1.105125341852366,0.2915954090924527,3
100,30.0,20.0,6.0,2,3,False,35.8398574463648,128.751044708729,430.0,245.0,208.0,387.0,1595.0,108.0,287.0,True,True,False,,0.7085985849280919,-2.3486058377654233,1.2757153330351714,-0.35050604393267887,3
200,32.0,26.45,6.0,3,3,False,35.8388317018308,128.75313902133,285.0,61.0,19.0,185.0,1717.0,38.0,212.0,True,True,False,,-2.048174144963077,-0.18719850169161265,0.19085222415000466,0.17475557869981445,3
200,37.0,27.0,6.0,4,4,False,35.8396223612985,128.757048882309,530.0,227.0,70.0,26.0,2077.0,80.0,121.0,False,True,False,,-0.901351615688074,0.6356758506040509,-0.5018456496276242,-0.09698687079632588,1
100,25.0,39.67,6.0,2,4,False,35.8244812532493,128.739711572658,1077.0,382.0,114.0,191.0,1019.0,71.0,61.0,False,True,False,,0.10369688167528385,-0.5121403059218486,-1.6434531426131518,-0.09983954277177666,1
100,30.0,27.0,6.0,1,4,False,35.8389367685516,128.759100710027,636.0,413.0,97.0,113.0,2227.0,55.0,124.0,False,True,False,,0.0026400617250317,0.24310200179966138,-1.017323868057159,-1.2739069275322472,1
300,37.0,29.75,6.0,2,4,False,35.8309008541,128.708990291052,892.0,110.0,69.0,200.0,1075.0,110.0,186.0,False,False,False,,-0.925127424622538,-0.7125614416324533,0.10163328782832365,1.1796836192509084,2
100,30.0,29.75,15.0,2,3,False,35.8398574463648,128.751044708729,430.0,245.0,208.0,387.0,1595.0,108.0,287.0,True,True,False,,0.7085985849280919,-2.3486058377654233,1.2757153330351714,-0.35050604393267887,3
100,26.0,29.75,26.0,2,3,False,35.8408589934826,128.753735669256,516.0,153.0,105.0,317.0,1861.0,133.0,26.0,False,True,False,,0.26452922594622086,0.4373467968271117,-1.0553697943004015,0.9455007165430428,1
200,34.0,26.44,6.0,3,4,False,35.8381181814194,128.752892687269,205.0,138.0,60.0,132.0,1667.0,48.0,149.0,True,True,False,,-1.6148519891145157,-0.14189334357218064,-0.3419737765612719,0.0712886609262571,3
200,36.0,29.8,6.0,2,3,False,35.8373442163176,128.751458465619,173.0,285.0,38.0,177.0,1517.0,105.0,215.0,True,True,False,,-0.9814924494735672,-1.054070312795959,-0.7065821794634012,0.24212571468884664,3
200,25.0,29.75,6.0,3,3,False,35.8321202082554,128.703791313923,976.0,209.0,78.0,374.0,841.0,130.0,180.0,False,False,False,,-0.03241232683490289,-1.4137278607559354,-0.5038944019556544,1.1562127574416543,2
100,32.0,27.0,6.0,1,3,False,35.838989834665,128.752936215772,302.0,68.0,32.0,209.0,1707.0,47.0,235.0,True,True,False,,-1.8371966939394329,-0.45881901745522224,0.4266966680173819,0.17057478593825295,3
200,30.0,29.75,6.0,2,4,False,35.8306797277263,128.705120385185,1131.0,197.0,112.0,379.0,1006.0,63.0,78.0,True,True,False,,-0.0057857961957449265,-0.5576719839406086,-0.8915698727672142,0.3943827752671759,3
200,37.0,27.0,6.0,3,3,False,35.8386598910617,128.753933155839,282.0,66.0,44.0,112.0,1776.0,62.0,185.0,True,True,False,,-1.8263113435815177,0.02621357480604461,0.2153482348540645,0.40025644112156605,3
200,40.0,27.0,6.0,3,4,False,35.8388280970632,128.760121768393,714.0,472.0,117.0,204.0,2312.0,44.0,172.0,True,True,False,,0.4964386508477426,-0.27605533042918873,-0.7330211233191399,-1.8566590811646824,3
200,28.0,33.05,6.0,2,4,False,35.8302819577524,128.705165541968,1187.0,236.0,148.0,403.0,1050.0,107.0,34.0,False,False,False,,0.8365726836158186,-0.5111588932649266,-1.1357798969147386,0.7176852233084483,2
200,28.0,33.05,6.0,2,4,False,35.8302558121753,128.706042493636,1129.0,223.0,84.0,349.0,1064.0,143.0,76.0,True,False,False,,0.409876217819384,-0.4221872634259786,-1.2022573410784758,1.3037348638549928,2
100,26.0,26.44,6.0,3,4,False,35.8410480446987,128.75739895464,670.0,214.0,92.0,124.0,2167.0,33.0,104.0,True,True,False,,-0.7217967368917865,0.7312414269099627,-0.40254694868724344,-0.7288676098410538,3
150,33.0,20.0,7.0,2,3,False,35.8378024582009,128.754433967554,221.0,172.0,14.0,72.0,1788.0,63.0,103.0,True,True,False,,-1.7438083521041494,0.5371170018000747,-1.105125341852366,0.2915954090924527,3
100,27.0,26.44,6.0,3,3,False,35.83897703938851,128.75123075529615,334.0,219.0,110.0,305.0,1566.0,98.0,319.0,True,True,False,,-0.417233285572861,-1.9931500634593613,0.9314164556260114,-0.10158031927638005,3
100,30.0,29.75,6.0,2,3,False,35.84095127120123,128.7530316192216,520.0,202.0,157.0,354.0,1811.0,72.0,76.0,False,True,False,,0.3259782119474854,-0.2820534894276984,-0.4926022938258028,-0.18385602861404218,1
200,32.0,29.75,6.0,1,3,False,35.8417980588533,128.753525483805,617.0,147.0,206.0,402.0,1896.0,42.0,83.0,False,True,False,,0.4941186236889997,-0.35255054619611287,0.19997766647607765,-0.5756330169265526,1
200,35.0,23.14,6.0,4,4,False,35.8395670517361,128.756542236264,494.0,181.0,46.0,68.0,2032.0,46.0,162.0,False,True,False,,-1.4238010680920286,0.45536120157767435,-0.21424988363585395,-0.325355061296709,1
100,32.0,23.14,6.0,2,3,False,35.8393915726948,128.753676025275,354.0,21.0,13.0,180.0,1786.0,42.0,187.0,False,True,False,,-2.080918375880615,0.20353005933248913,0.1646765224281661,0.38690753277894563,1
100,35.0,26.44,6.0,3,3,False,35.8390759800663,128.753461241684,316.0,21.0,2.0,172.0,1754.0,2.0,224.0,True,True,False,,-2.5476518378436825,0.005423735986449213,0.37446918497642534,-0.10263923996356793,3
70,22.0,29.75,6.0,2,3,False,35.8430808054287,128.747248176902,910.0,96.0,140.0,882.0,1542.0,30.0,51.0,False,True,False,,1.1298114167063347,-0.7364398945429996,-0.775556797625233,-0.17053283840264197,1
200,32.0,29.75,24.0,2,3,False,35.8418076399948,128.753523481299,618.0,147.0,207.0,402.0,1897.0,41.0,84.0,True,True,False,,0.4934187172634516,-0.36106687693314043,0.21670551009348962,-0.5931605799030902,3
100,30.0,34.0,6.0,3,4,False,35.823190757478,128.754708653194,1465.0,173.0,118.0,252.0,2045.0,111.0,252.0,True,True,False,,0.4734490369819432,-0.1556798382560104,1.2951452786736695,0.0010504048201317132,3
200,32.0,29.8,6.0,4,4,False,35.8387121922086,128.751521744344,296.0,199.0,74.0,265.0,1577.0,78.0,280.0,True,True,False,,-0.9319266862742585,-1.4613481597961395,0.45519294885776584,-0.07552515413660323,3
200,43.0,29.8,6.0,3,3,False,35.8395600746942,128.753491376098,370.0,42.0,12.0,205.0,1778.0,55.0,171.0,True,True,False,,-1.8414575857614361,0.21966284230217684,-0.08259531284728161,0.49873382600130334,3
100,30.0,29.8,6.0,3,4,False,35.8383520873484,128.759472146022,639.0,457.0,39.0,175.0,2241.0,35.0,194.0,True,True,False,,-0.3136187651082197,-0.09320335075856913,-1.1075906352259155,-1.6618026175642446,3
100,32.0,20.0,6.0,1,3,False,35.8381763534472,128.750849942273,278.0,276.0,82.0,269.0,1498.0,43.0,296.0,False,True,False,,-0.9657720498902037,-1.8197455445328334,0.29409656021825226,-0.7678928694318273,1
150,36.0,36.36,6.0,3,3,False,35.8406623834553,128.755215545202,532.0,107.0,51.0,206.0,1971.0,60.0,125.0,True,False,False,,-1.1031099391411185,0.5213416248341205,-0.3002775775526336,0.1664257503190542,2
100,30.0,29.8,7.0,2,3,False,35.8393289124996,128.752541949718,341.0,100.0,80.0,258.0,1689.0,39.0,227.0,True,True,False,,-1.3295432363239132,-0.7624116405311129,0.5582026806773918,-0.16857590737697228,3
150,28.0,29.8,6.0,3,4,False,35.8386689234406,128.758481141697,573.0,362.0,94.0,87.0,2165.0,104.0,159.0,True,True,False,,0.005025003347690674,0.018890052789060575,-0.5819121273707778,-0.5231089705722136,3
150,35.0,29.8,6.0,3,3,False,35.8417424315828,128.753422440646,610.0,155.0,204.0,406.0,1885.0,37.0,83.0,True,True,False,,0.4689976503842293,-0.3771568104459024,0.1426701705230711,-0.6508886101941993,3
150,30.0,25.0,12.0,3,4,False,35.8401373164019,128.755849512546,507.0,145.0,47.0,131.0,1998.0,47.0,203.0,True,True,False,,-1.4092647266467213,0.11627725026310026,0.21524765958126188,-0.26500046724129284,3
100,27.0,23.0,7.0,2,4,False,35.8396364764127,128.755997171813,469.0,134.0,59.0,113.0,1989.0,31.0,203.0,True,True,False,,-1.5517973565640943,0.09094207671879151,0.3532648680672021,-0.4389878458996045,3
50,22.0,29.8,6.0,3,3,False,35.8448068186837,128.757410621619,1033.0,350.0,189.0,518.0,2371.0,41.0,308.0,True,True,False,,1.4773154612538744,-1.5232156516323547,1.3037404844564107,-2.0787116870324427,3
50,27.0,40.0,6.0,1,3,False,35.8436231184185,128.748863422573,893.0,173.0,20.0,820.0,1687.0,58.0,143.0,True,False,False,,0.5421944001001942,-0.6900790554948376,-1.1558831808672902,-0.02153797144133559,2
100,25.0,29.8,6.0,2,3,False,35.8449313719771,128.757390902865,1046.0,345.0,183.0,532.0,2378.0,54.0,318.0,True,True,False,,1.55208876373695,-1.5699370592205237,1.352975242328259,-1.918218944914381,3
200,35.0,27.0,7.0,2,3,False,35.8393289124996,128.752541949718,341.0,100.0,80.0,258.0,1689.0,39.0,227.0,True,True,False,,-1.3295432363239132,-0.7624116405311129,0.5582026806773918,-0.16857590737697228,3
100,30.0,30.0,6.0,2,3,False,35.8212893435649,128.756228640919,1694.0,69.0,118.0,163.0,2276.0,55.0,136.0,True,True,False,,-0.0650214161558119,1.3963727527578862,1.0511144268585206,-0.19057596644190514,3
300,38.0,30.0,6.0,2,4,False,35.8224885863748,128.757977150293,1601.0,275.0,235.0,360.0,2338.0,166.0,342.0,True,True,False,,2.339165680355909,-1.3094216920542354,2.5427383155025716,-0.478977067224598,3
50,20.0,26.44,6.0,2,3,False,35.8430215111795,128.755500172089,787.0,159.0,90.0,391.0,2119.0,152.0,251.0,False,True,False,,0.5254816012440501,-0.6461568502687258,0.7748872506341583,0.5400581512843672,1
100,32.0,45.0,6.0,2,4,False,35.8428263094505,128.758095704825,868.0,298.0,164.0,292.0,2311.0,94.0,181.0,True,True,False,,0.9754490942743709,-0.31967627533692283,0.38846762211026686,-0.8283103963492437,3
50,22.0,29.8,6.0,2,3,False,35.8436231184185,128.748863422573,893.0,173.0,20.0,820.0,1687.0,58.0,143.0,True,True,False,,0.5421944001001942,-0.6900790554948376,-1.1558831808672902,-0.02153797144133559,3
100,25.0,26.0,6.0,4,4,False,35.8394183312754,128.764158287098,1077.0,125.0,125.0,193.0,2680.0,78.0,116.0,True,True,False,,0.23037072021037533,1.3304428013225384,0.5967202408377166,-0.37705614150304473,3
100,32.0,29.8,6.0,2,4,False,35.8406849670364,128.757098108991,622.0,205.0,52.0,99.0,2126.0,43.0,100.0,True,True,False,,-1.0516231168061947,0.9193810508014879,-0.7146020159852904,-0.41464497161524266,3
100,27.0,29.8,6.0,3,3,False,35.8425321797142,128.753533346217,698.0,176.0,250.0,451.0,1940.0,77.0,159.0,True,True,False,,1.2265870301982928,-1.1195111237435946,1.0262649152160963,-0.5957814352730233,3
100,30.0,29.8,14.0,2,4,False,35.8383520873484,128.759472146022,639.0,457.0,39.0,175.0,2241.0,35.0,194.0,True,True,False,,-0.3136187651082197,-0.09320335075856913,-1.1075906352259155,-1.6618026175642446,3
200,37.0,27.0,6.0,2,4,False,35.8396223612985,128.757048882309,530.0,227.0,70.0,26.0,2077.0,80.0,121.0,True,True,False,,-0.901351615688074,0.6356758506040509,-0.5018456496276242,-0.09698687079632588,3
100,32.0,20.0,6.0,3,4,False,35.8408197089072,128.755382805088,554.0,92.0,45.0,202.0,1992.0,41.0,133.0,False,True,False,,-1.3196218028087392,0.5872069056603872,-0.19257061342658083,-0.016015054118395627,1
200,33.0,20.0,6.0,4,4,False,35.8387364479259,128.751545407325,298.0,196.0,76.0,266.0,1580.0,79.0,280.0,False,True,False,,-0.9148810376140026,-1.4631197654076902,0.48354281300672197,-0.06133047737381444,1
100,32.0,20.0,6.0,2,3,False,35.8389804903939,128.751216554929,335.0,220.0,111.0,306.0,1565.0,98.0,321.0,False,True,False,,-0.4074488066093724,-2.0147841305077026,0.9502234914541312,-0.11179808580993188,1
100,25.0,29.8,6.0,4,4,False,35.8390799865801,128.766296873376,1251.0,175.0,95.0,304.0,2857.0,48.0,36.0,True,True,False,,0.547301652304559,2.036726662675082,-0.4405691709631067,-0.8143213518995447,3
200,38.0,20.0,6.0,2,4,False,35.8404779001754,128.756894002318,592.0,203.0,26.0,81.0,2100.0,69.0,110.0,False,True,False,,-1.1340475710863809,0.9398518653689413,-0.8340678656407404,-0.019037941674214204,1
100,28.0,29.8,6.0,3,3,False,35.8395735526315,128.752289694324,370.0,128.0,115.0,291.0,1680.0,19.0,218.0,True,True,False,,-1.0484026735806955,-0.9498832542777282,0.616951602336044,-0.5956839192129045,3
150,30.0,29.8,6.0,1,3,False,35.8396658918377,128.752760963793,377.0,94.0,77.0,262.0,1723.0,61.0,185.0,True,True,False,,-1.1068456626745031,-0.4311936342062877,0.23567408740924387,0.18158650512032445,3
200,31.0,29.8,6.0,2,4,False,35.8404779001754,128.756894002318,592.0,203.0,26.0,81.0,2100.0,69.0,110.0,True,True,False,,-1.1340475710863809,0.9398518653689413,-0.8340678656407404,-0.019037941674214204,3
200,30.0,29.8,13.0,2,5,True,35.841625403102,128.758512990787,783.0,304.0,107.0,159.0,2285.0,50.0,59.0,True,True,False,,0.037372032275228874,0.9091594407935978,-0.9769256119010434,-0.8966131574020407,0
200,33.0,26.44,6.0,2,3,False,35.8393039567616,128.752924536222,337.0,65.0,55.0,226.0,1720.0,55.0,213.0,True,True,False,,-1.5358476994230457,-0.41744846613328607,0.43481782434173366,0.23694806973059074,3
100,35.0,29.8,6.0,2,3,False,35.8396757827131,128.751891320114,388.0,166.0,146.0,328.0,1653.0,33.0,235.0,True,True,False,,-0.5581254610725698,-1.3698656871238333,0.7917028258469693,-0.6857683578741101,3
200,38.0,45.0,6.0,2,4,True,35.8428592104078,128.758335154264,883.0,319.0,186.0,295.0,2332.0,90.0,160.0,True,False,False,,1.207332342301899,-0.29545326703956426,0.30798431004415394,-0.9899174726050699,0
200,38.0,28.0,6.0,3,4,False,35.8399179068708,128.753084131462,405.0,94.0,66.0,259.0,1762.0,100.0,146.0,True,True,False,,-0.8222246101467447,-0.09650963556410896,-0.14757399634168414,0.7278263562404724,3
100,32.0,23.14,7.0,1,4,False,35.8378024582002,128.754433967554,221.0,172.0,14.0,72.0,1788.0,63.0,103.0,True,True,False,,-1.7438083521041494,0.5371170018000747,-1.105125341852366,0.2915954090924527,3
200,37.0,34.0,6.0,1,3,False,35.8208633302518,128.755942314591,1736.0,20.0,71.0,133.0,2283.0,108.0,84.0,True,True,False,,-0.12259713739319691,2.0855137073731944,0.5068980056330656,0.8600911317611953,3
70,25.0,19.83,7.0,2,3,False,35.8293214585443,128.739881199876,543.0,180.0,143.0,359.0,567.0,214.0,196.0,True,True,False,,0.4562850932081149,-2.4015238974654243,-0.04499542093620587,2.222480670001358,3
200,45.0,20.0,6.0,1,3,False,35.8389684806623,128.75269515277,300.0,89.0,40.0,223.0,1686.0,48.0,240.0,False,True,False,,-1.696953175303987,-0.6170937222438455,0.419151715959999,0.08355698042765976,1
100,33.0,20.0,6.0,2,3,False,35.8412605469108,128.757594883716,700.0,225.0,91.0,133.0,2193.0,41.0,110.0,False,True,False,,-0.5915724259231157,0.7016610111399882,-0.395407322797444,-0.7034750654392932,1
200,45.0,20.0,6.0,2,3,False,35.8393226755748,128.753160894204,340.0,45.0,39.0,210.0,1740.0,39.0,204.0,False,True,False,,-1.8340717812485294,-0.18117394452857666,0.35125016386424285,0.17640724196339333,1
200,33.0,20.0,6.0,2,4,False,35.8407867376246,128.755141590639,542.0,93.0,62.0,218.0,1971.0,63.0,113.0,False,True,False,,-0.9966644649142511,0.5573014795213964,-0.2641379954808397,0.23959262852736218,1
200,35.0,20.0,6.0,2,3,False,35.8406028435541,128.753992208087,492.0,147.0,68.0,282.0,1869.0,154.0,53.0,False,True,False,,0.01610808980748166,0.4809977922785325,-1.0712005393970598,1.2766518276722838,1
100,30.0,26.45,6.0,3,3,False,35.8385750023731,128.754032105073,277.0,78.0,56.0,100.0,1781.0,75.0,176.0,True,True,False,,-1.6393666678799739,0.016570350395372704,0.18900191916757877,0.4930938705254918,3
100,30.0,30.0,6.0,2,4,False,35.8208147397051,128.755184998559,1732.0,49.0,21.0,66.0,2231.0,66.0,46.0,True,True,False,,-0.8276459916122105,2.605812611549248,-0.25298103386091014,0.5410759601167484,3
200,33.0,33.05,14.0,4,4,False,35.8387143682521,128.751533191002,296.0,197.0,73.0,265.0,1578.0,77.0,279.0,True,True,False,,-0.9498120129722369,-1.4444492185331737,0.44851009015691123,-0.07585509583225168,3
100,28.0,30.0,6.0,1,3,False,35.8230278037711,128.755080930718,1487.0,197.0,89.0,239.0,2083.0,77.0,270.0,True,True,False,,0.08235857396713264,-0.07328410926885327,1.1671100406251733,-0.45842969071524237,3
100,29.0,23.14,6.0,2,4,False,35.8307521424169,128.747453059479,686.0,700.0,138.0,857.0,1105.0,164.0,181.0,True,True,False,,3.2547290047262325,-3.403955254952297,-2.5176778263324255,-0.6958048513150371,3
200,35.0,33.05,11.0,4,4,False,35.8405656533684,128.756210997979,565.0,152.0,41.0,126.0,2047.0,47.0,173.0,True,True,False,,-1.3443912626672747,0.42545849842592703,-0.05823455550008961,-0.24448781107751133,3
100,30.0,33.06,24.0,1,3,False,35.8409511039156,128.753030730161,520.0,202.0,157.0,354.0,1810.0,72.0,76.0,True,True,False,,0.3254878201661919,-0.28312198177261977,-0.49298905761502393,-0.1831723233520434,3
100,30.0,33.06,23.0,2,3,False,35.8422054255653,128.751155317314,677.0,365.0,108.0,566.0,1743.0,0.0,117.0,False,True,False,,0.5269460255186947,-0.8927733475580191,-1.3330583955283726,-1.5694239857592276,1
100,28.0,26.45,7.134969325153374,1,3,False,35.8396364764134,128.755997171813,469.0,134.0,59.0,113.0,1989.0,31.0,203.0,False,True,False,,-1.5517973565640943,0.09094207671879151,0.3532648680672021,-0.4389878458996045,1
200,35.0,26.45,6.0,3,4,True,35.8391852508878,128.758433000592,598.0,350.0,143.0,47.0,2178.0,70.0,106.0,True,True,False,,0.033801616010096056,0.2852531884446054,-0.5366565385990307,-0.920209179876833,0
200,35.0,25.5,6.0,4,4,False,35.8379011490158,128.765278386044,1134.0,265.0,70.0,377.0,2738.0,93.0,101.0,True,False,False,,0.946280747985108,1.1909978896146525,-0.6393797044021812,-0.5983578396165942,2
150,30.0,27.0,6.0,3,4,False,35.8390834877691,128.759979448065,714.0,476.0,132.0,185.0,2307.0,62.0,142.0,True,True,False,,0.7220165909122441,-0.1484635381890076,-0.8719779240331119,-1.6340768739361708,3
200,40.0,20.1,6.0,3,3,False,35.8395600746942,128.753491376098,370.0,42.0,12.0,205.0,1778.0,55.0,171.0,True,True,False,,-1.8414575857614361,0.21966284230217684,-0.08259531284728161,0.49873382600130334,3
200,35.0,27.0,6.0,3,3,False,35.8408817488998,128.753960832477,522.0,135.0,97.0,312.0,1880.0,135.0,23.0,False,True,False,,0.17717571081077377,0.5593806432872351,-1.0517671919188434,1.0519695413970742,1
150,33.0,22.5,7.0,3,3,False,35.8402857670629,128.753193823108,447.0,127.0,97.0,284.0,1789.0,115.0,106.0,True,True,False,,-0.25813951893142345,-0.04443205747792977,-0.3764964354078357,0.7483425303125681,3
200,45.0,26.44,6.0,2,3,False,35.83914658974855,128.7539392244491,334.0,28.0,15.0,144.0,1797.0,45.0,214.0,False,True,False,,-2.161035921718112,0.06374226839998111,0.397001428626082,0.339940410099424,1
200,37.0,23.14,7.0,2,3,False,35.8386598910617,128.753933155839,282.0,66.0,44.0,112.0,1776.0,62.0,185.0,False,True,False,,-1.8263113435815177,0.02621357480604461,0.2153482348540645,0.40025644112156605,1
200,37.0,27.0,6.0,4,4,False,35.8409524353182,128.756665752015,623.0,157.0,82.0,138.0,2102.0,75.0,148.0,True,True,False,,-0.7313793273519856,0.437874152850152,0.05134822423312046,-0.04594421778271538,3
200,36.0,27.0,6.0,4,4,False,35.8388317018315,128.75313902133,285.0,61.0,19.0,185.0,1717.0,38.0,212.0,True,True,False,,-2.048174144963077,-0.18719850169161265,0.19085222415000466,0.17475557869981445,3
100,30.0,29.75,6.0,2,4,False,35.8208147397044,128.755184998559,1732.0,49.0,21.0,66.0,2231.0,66.0,46.0,True,True,False,,-0.8276459916122105,2.605812611549248,-0.25298103386091014,0.5410759601167484,3
200,35.0,30.0,6.0,2,4,False,35.8379011490158,128.765278386044,1134.0,265.0,70.0,377.0,2738.0,93.0,101.0,True,True,False,,0.946280747985108,1.1909978896146525,-0.6393797044021812,-0.5983578396165942,3
300,45.0,27.0,6.0,2,4,True,35.8383084411914,128.758945069379,593.0,413.0,36.0,144.0,2194.0,79.0,193.0,True,True,False,,-0.276990388777517,-0.05700095637087712,-0.9767417864698641,-0.93176174633436,0
200,35.0,23.14,6.0,2,4,False,35.8401097306666,128.756300327019,527.0,178.0,57.0,91.0,2034.0,70.0,164.0,True,True,False,,-1.1079767838626358,0.35978753486149034,-0.11554514311819805,-0.07632779040175645,3
200,28.0,25.5,6.0,2,4,False,35.8194666384794,128.736840731336,1672.0,72.0,124.0,140.0,1508.0,228.0,128.0,True,False,False,,0.785628979274196,0.4632059273839518,0.6843049097815345,2.373250150417796,2
200,30.0,25.5,6.0,3,4,False,35.8152282650315,128.761548879793,2468.0,168.0,119.0,478.0,3068.0,176.0,199.0,True,False,False,,2.713235424992142,1.5142870835675695,1.4592013735499019,0.11463744515403049,2
150,32.0,20.1,7.0,1,3,False,35.8397815652299,128.7522565321,393.0,140.0,124.0,306.0,1688.0,38.0,203.0,False,True,False,,-0.7410771765277003,-0.9364270397710823,0.5063087719696859,-0.4209365558864338,1
50,24.0,20.1,6.0,3,3,False,35.8430124816927,128.754958666691,773.0,155.0,132.0,412.0,2077.0,155.0,227.0,True,True,False,,0.8697078832630979,-0.7731790289330952,0.8720204349810978,0.5349999721845543,3
300,45.0,40.0,6.0,4,4,False,35.8386203543511,128.760216336297,713.0,473.0,109.0,219.0,2313.0,41.0,196.0,True,True,False,,0.43397963145641355,-0.41856641149191154,-0.6137878319669475,-1.9249130576947704,3
100,28.0,28.5,6.0,3,3,False,35.8411683218783,128.752002061,549.0,264.0,232.0,428.0,1743.0,31.0,168.0,False,True,False,,0.7725083477218405,-1.489648389733763,0.4969700791825331,-1.2754347472623269,1
100,28.0,20.0,6.0,3,3,False,35.8418565810814,128.750346600252,660.0,380.0,78.0,586.0,1661.0,83.0,90.0,True,True,False,,1.0035718894422496,-0.8138432953204604,-1.9199366106706695,-0.44724889369817833,3
100,29.0,30.0,6.0,3,4,False,35.8234871028861,128.753871606094,1425.0,139.0,173.0,289.0,1964.0,188.0,225.0,True,True,False,,1.3587441098191022,-0.42077087364589,1.5313607992038099,0.9673975885256357,3
300,36.0,40.0,6.0,3,4,True,35.8280677151368,128.737490156119,745.0,118.0,97.0,136.0,576.0,32.0,240.0,True,True,False,,-1.847721335938327,-1.6604555630543216,0.5464584255695745,0.3977260980630777,0
100,28.0,39.67,6.0,4,4,False,35.8325397127697,128.745785119437,459.0,529.0,15.0,829.0,928.0,214.0,161.0,True,True,False,,2.0259160620971195,-2.7144917382810734,-3.0399627117109733,1.0483672027905648,2
200,40.0,33.05,6.0,2,4,True,35.8149696639782,128.755685157312,2383.0,82.0,58.0,250.0,2706.0,148.0,123.0,True,False,False,,1.1242237877780654,2.4279803346731086,0.768061150894532,0.7409266334417772,0
200,35.0,39.67,6.0,2,4,False,35.8203416977442,128.732879090393,1578.0,93.0,86.0,219.0,1426.0,205.0,174.0,True,False,False,,0.48118960810407724,0.03738087415601241,0.5571750639771649,2.0825063301820546,2
100,24.0,39.67,6.0,1,3,False,35.815826834409,128.763923521216,2483.0,367.0,196.0,654.0,3194.0,334.0,107.0,True,False,False,,5.585648549770199,1.073256267554819,0.32111839468419456,1.0872785393655429,2
200,40.0,26.45,6.0,1,4,False,35.8385243350281,128.757628464729,497.0,292.0,109.0,93.0,2087.0,137.0,202.0,False,True,False,,0.014641086519142262,-0.3721712554290021,0.09950718823060421,0.038493812489878425,1
150,36.0,27.0,6.0,2,3,False,35.8388113370622,128.754342753277,312.0,64.0,54.0,92.0,1817.0,85.0,207.0,True,True,False,,-1.642056414623608,-0.08142432773935616,0.5161190904112481,0.5822434835111935,3
200,42.0,26.45,6.0,2,4,False,35.8398192414954,128.755083308001,442.0,70.0,46.0,178.0,1921.0,54.0,177.0,True,True,False,,-1.505678539308194,0.21747071751183647,0.2117394816907425,0.18159649314618442,3
50,20.0,20.1,6.0,2,3,False,35.8415058375031,128.752925627447,581.0,200.0,206.0,413.0,1833.0,50.0,97.0,True,True,False,,0.6639530705977857,-0.6609419860221071,0.04362267984829446,-0.6585773263183817,3
100,35.0,26.44,6.0,3,3,False,35.839138815754886,128.75249593451022,320.0,103.0,66.0,248.0,1677.0,48.0,247.0,False,True,False,,-1.4191056061791527,-0.849802998811735,0.5965749557248002,-0.05986955036641248,1
150,34.0,23.14,7.0,2,3,False,35.8385858757984,128.755058456559,324.0,97.0,22.0,41.0,1869.0,134.0,203.0,False,True,False,,-1.5021621720731058,0.1395686532614232,0.1594150827324706,1.1260975153569897,1
300,33.0,33.05,7.0,2,4,False,35.8243794568835,128.723645511913,1156.0,199.0,89.0,126.0,1200.0,72.0,154.0,True,False,False,,-0.7365965769724304,-0.2938694494988348,-0.15660991303215516,0.34867703660403215,2
100,26.0,33.05,6.0,2,3,False,35.8158268344098,128.763923521215,2483.0,367.0,196.0,654.0,3194.0,334.0,107.0,True,False,False,,5.585648549770199,1.073256267554819,0.32111839468419456,1.0872785393655429,2
100,24.0,33.05,6.0,1,3,False,35.8158268344098,128.763923521215,2483.0,367.0,196.0,654.0,3194.0,334.0,107.0,True,False,False,,5.585648549770199,1.073256267554819,0.32111839468419456,1.0872785393655429,2
100,28.0,33.05,6.0,3,4,False,35.8158268344098,128.763923521215,2483.0,367.0,196.0,654.0,3194.0,334.0,107.0,True,True,False,,5.585648549770199,1.073256267554819,0.32111839468419456,1.0872785393655429,2
200,42.0,30.0,6.0,3,4,True,35.8409388484148,128.755745886485,580.0,94.0,43.0,185.0,2027.0,12.0,162.0,True,True,False,,-1.5831059679369393,0.5153384292105099,0.06637066981517198,-0.43767473093879905,0
100,23.0,25.5,29.0,2,3,False,35.826012000758,128.728327935789,894.0,364.0,24.0,241.0,1011.0,121.0,199.0,True,False,False,,-0.3444231314570887,-1.212867500906894,-1.2512115595538889,0.5414494430376532,2
200,35.0,29.75,6.0,3,4,False,35.84416333999101,128.69625463138928,300.0,34.0,34.0,72.0,118.0,195.0,187.0,False,False,False,,-1.9397362901232262,-1.6894468829635665,-0.34801155963924596,3.2573603748407782,2
70,24.0,20.1,6.0,1,3,False,35.8435975057204,128.752976423364,814.0,293.0,293.0,571.0,1967.0,185.0,287.0,True,True,False,,2.867330087858195,-2.566868615698966,1.828145233440383,-0.17881589546535204,3
70,20.0,20.1,6.0,2,3,False,35.8440733879429,128.752124071925,869.0,385.0,258.0,662.0,1939.0,203.0,245.0,True,True,False,,3.3439710115233914,-2.470396110268503,0.7668247822925396,-0.11327152525932863,3
70,21.0,20.1,6.0,1,3,False,35.8432956103835,128.752718326191,781.0,287.0,259.0,563.0,1929.0,155.0,255.0,True,True,False,,2.389084338466681,-2.211285903610111,1.3242505875296446,-0.3168034146866047,3
70,28.0,20.1,6.0,2,3,False,35.8406769754407,128.752598835704,490.0,189.0,160.0,352.0,1762.0,46.0,122.0,True,True,False,,0.015880449523154247,-0.6151328480662165,-0.06243948015587694,-0.5117171463301836,3
200,37.0,27.0,6.0,3,4,False,35.8392217870554,128.759495008596,682.0,446.0,130.0,140.0,2270.0,39.0,105.0,False,True,False,,0.34656695788563174,0.19406381179426616,-1.045371960529199,-1.6795737524319498,1
200,30.0,28.0,16.0,2,4,False,35.8305119648581,128.730394458983,434.0,201.0,109.0,296.0,537.0,56.0,204.0,True,False,False,,-1.100412648181212,-2.1888894549346376,-0.2786526541775825,0.40572475137001307,2
100,33.0,23.14,6.0,3,3,False,35.8390759800663,128.753461241684,316.0,21.0,2.0,172.0,1754.0,2.0,224.0,False,True,False,,-2.5476518378436825,0.005423735986449213,0.37446918497642534,-0.10263923996356793,1
200,30.0,26.45,7.0,4,4,False,35.8379224373469,128.754239954949,221.0,153.0,1.0,80.0,1775.0,67.0,110.0,True,True,False,,-1.850629148887501,0.557305562801884,-1.0798115623105438,0.4384208474840979,3
150,29.0,23.14,6.0,2,3,False,35.8388113370622,128.754342753277,312.0,64.0,54.0,92.0,1817.0,85.0,207.0,True,True,False,,-1.642056414623608,-0.08142432773935616,0.5161190904112481,0.5822434835111935,3
200,35.0,40.0,6.0,4,4,False,35.8314500261897,128.748694455965,655.0,796.0,13.0,728.0,1201.0,28.0,129.0,True,True,False,,1.4828677516215847,-2.237061925570633,-4.109531914604002,-2.195554869819024,3
200,32.0,27.0,6.0,3,4,False,35.8395157336913,128.760639068462,789.0,406.0,116.0,224.0,2379.0,133.0,164.0,True,True,False,,1.0788852041384438,-0.08718671947243634,-0.5182850452509753,-0.6019060509486927,3
200,43.0,25.5,6.0,2,3,False,35.8393274548845,128.750769223076,388.0,259.0,165.0,361.0,1545.0,124.0,339.0,False,True,False,,0.3954290475191811,-2.561551387723175,1.2995576266894355,-0.1450147357646392,1
150,35.0,29.75,11.0,2,3,False,35.838827603984,128.754715952571,329.0,61.0,63.0,74.0,1849.0,117.0,219.0,True,True,False,,-1.3973557868662647,-0.14767263760485802,0.7193810741995531,0.903043490905064,3
100,27.0,33.06,24.0,3,3,False,35.8164702840775,128.762618412947,2372.0,284.0,82.0,645.0,3057.0,209.0,37.0,True,True,False,,3.6190550441162013,2.123531550500246,-0.8147811683945272,0.4876478356898104,2
200,35.0,20.0,6.0,2,3,False,35.8408817488998,128.753960832477,522.0,135.0,97.0,312.0,1880.0,135.0,23.0,True,True,False,,0.17717571081077377,0.5593806432872351,-1.0517671919188434,1.0519695413970742,3
200,31.0,39.67,6.0,2,4,True,35.8149696639775,128.755685157312,2383.0,82.0,58.0,250.0,2706.0,148.0,123.0,True,False,False,,1.1242237877780654,2.4279803346731086,0.768061150894532,0.7409266334417772,0
200,42.0,29.75,11.0,3,4,True,35.840982468128,128.755831843447,588.0,95.0,49.0,182.0,2036.0,13.0,169.0,False,True,False,,-1.5405354059142895,0.459315428564146,0.1732347656356149,-0.4669262267660624,0
150,38.0,27.0,6.0,2,4,False,35.8410557143652,128.755610898279,587.0,76.0,58.0,202.0,2022.0,29.0,149.0,True,True,False,,-1.3511395879851715,0.5180349492462387,0.12989586087993837,-0.19269049166900318,3
200,42.0,27.0,6.0,3,4,False,35.8409388484141,128.755745886485,580.0,94.0,43.0,185.0,2027.0,12.0,162.0,True,True,False,,-1.5831059679369393,0.5153384292105099,0.06637066981517198,-0.43767473093879905,3
200,30.0,27.5,6.0,4,4,False,35.8388993179307,128.758925912597,620.0,397.0,96.0,100.0,2211.0,62.0,128.0,False,True,False,,-0.05710363428056135,0.24030732843840708,-0.9288118943805018,-1.1241194382166646,1
150,35.0,33.05,26.0,3,3,False,35.8408589934826,128.753735669256,516.0,153.0,105.0,317.0,1861.0,133.0,26.0,True,True,False,,0.26452922594622086,0.4373467968271117,-1.0553697943004015,0.9455007165430428,3
200,36.0,27.0,7.0,1,3,False,35.838657159848,128.75392889032,282.0,66.0,45.0,112.0,1776.0,62.0,185.0,False,True,False,,-1.8196836135355223,0.021529198434547397,0.22287960956100228,0.397255473416735,1
200,32.0,26.45,6.0,3,4,False,35.8395527876078,128.756802879509,509.0,204.0,58.0,48.0,2053.0,58.0,143.0,True,True,False,,-1.2003343718539101,0.5349499499657653,-0.346998940159664,-0.2725024301299599,3
200,47.0,40.0,6.0,3,4,False,35.8386709827854,128.757465920057,493.0,273.0,99.0,84.0,2078.0,116.0,190.0,True,True,False,,-0.2732346203181662,-0.1897456514184848,0.014079591342031775,-0.07876369353071462,3
100,34.0,29.75,7.134969325153374,2,3,False,35.8378143531169,128.751506539883,210.0,247.0,37.0,197.0,1538.0,62.0,226.0,False,True,False,,-1.3356410392544444,-0.9972950508051063,-0.4489504796990515,-0.1696781719573983,1
200,45.0,27.0,6.0,1,3,False,35.8395802688636,128.752860895366,367.0,82.0,66.0,249.0,1727.0,67.0,188.0,True,True,False,,-1.2136516760557208,-0.36190595018536326,0.23436632840004884,0.3235107673381378,3
200,33.0,27.0,6.0,2,4,True,35.8400713261704,128.759110051194,704.0,397.0,78.0,75.0,2268.0,71.0,16.0,False,True,False,,0.042671585685374123,1.2021549791959059,-1.904189524743751,-0.7712854517940015,0
200,42.0,40.0,6.0,2,4,False,35.8399098694701,128.754437223397,428.0,62.0,20.0,196.0,1872.0,114.0,139.0,True,True,False,,-1.2080947669918225,0.45366179953774577,-0.3167998171783595,1.102376889046097,3
200,33.0,30.0,6.0,4,4,False,35.8382044997829,128.754782238973,276.0,130.0,20.0,24.0,1831.0,118.0,154.0,False,True,False,,-1.5659340729002122,0.3744884970953391,-0.4064190383260694,0.95488619202265,1
200,35.0,30.0,6.0,2,4,False,35.8402135342987,128.75631921638,538.0,185.0,53.0,95.0,2040.0,79.0,161.0,False,True,False,,-1.0254849060668028,0.38359293721209803,-0.19868049500511267,0.01764485170592377,1
200,38.0,30.0,6.0,3,4,True,35.8392882215578,128.756432833482,465.0,170.0,14.0,92.0,2012.0,14.0,188.0,False,True,False,,-1.8950089460482369,0.40419251003184137,-0.2278200182894726,-0.6132415903115438,0
200,30.0,30.0,6.0,3,4,False,35.8405656533684,128.756210997979,565.0,152.0,41.0,126.0,2047.0,47.0,173.0,False,True,False,,-1.3443912626672747,0.42545849842592703,-0.05823455550008961,-0.24448781107751133,1
200,28.0,19.83,6.0,3,4,False,35.840091324207,128.759578183537,740.0,435.0,42.0,116.0,2309.0,83.0,58.0,True,True,False,,0.09818532827227648,1.0139074776121566,-2.0000107502242086,-0.7820975556232898,3
200,29.0,19.83,6.0,3,4,False,35.837721345709,128.757911649358,483.0,353.0,124.0,178.0,2087.0,191.0,275.0,True,True,False,,0.8024897923775764,-1.2344313770666469,0.4604851926947609,0.24244079863380763,3
200,36.0,30.0,7.0,1,3,False,35.8386598910617,128.753933155839,282.0,66.0,44.0,112.0,1776.0,62.0,185.0,True,True,False,,-1.8263113435815177,0.02621357480604461,0.2153482348540645,0.40025644112156605,3
100,32.0,29.8,6.0,3,4,False,35.8394972694718,128.756193307234,468.0,149.0,38.0,100.0,2000.0,38.0,194.0,True,True,False,,-1.6151564855340292,0.24644022865499352,0.0722646190533725,-0.33263471263989036,3
200,40.0,40.0,6.0,2,3,False,35.8428497159164,128.748700239429,821.0,195.0,88.0,770.0,1617.0,46.0,117.0,True,True,False,,0.7931521294019298,-0.908325246467768,-0.9558694009393701,-0.33088812904983406,3
100,27.0,27.0,6.0,2,3,False,35.8413709870081,128.751668195445,576.0,299.0,195.0,465.0,1729.0,68.0,200.0,False,True,False,,0.96174520545666,-1.6832176717725738,0.2963254360821576,-0.9180744457495218,1
200,30.0,27.0,6.0,1,3,False,35.8428497159164,128.748700239429,821.0,195.0,88.0,770.0,1617.0,46.0,117.0,False,True,False,,0.7931521294019298,-0.908325246467768,-0.9558694009393701,-0.33088812904983406,1
200,38.0,27.0,6.0,3,4,True,35.8392882215578,128.756432833482,465.0,170.0,14.0,92.0,2012.0,14.0,188.0,True,True,False,,-1.8950089460482369,0.40419251003184137,-0.2278200182894726,-0.6132415903115438,0
100,25.0,27.0,6.0,3,3,False,35.8225547050177,128.75613613992,1554.0,196.0,75.0,234.0,2192.0,61.0,254.0,True,True,False,,-0.026539843661340844,0.2823983882287681,1.0118929978950006,-0.6436705681492132,3
200,42.0,25.0,6.0,2,4,True,35.8398192414954,128.755083308001,442.0,70.0,46.0,178.0,1921.0,54.0,177.0,False,True,False,,-1.505678539308194,0.21747071751183647,0.2117394816907425,0.18159649314618442,0
300,35.0,39.67,6.0,2,4,False,35.814678552992,128.753589965468,2403.0,215.0,86.0,260.0,2608.0,110.0,94.0,True,False,False,,1.450495873682479,2.15917702914659,0.1605459540764088,-0.14601041382516203,2
200,30.0,27.0,6.0,4,4,False,35.8405656533684,128.756210997979,565.0,152.0,41.0,126.0,2047.0,47.0,173.0,True,True,False,,-1.3443912626672747,0.42545849842592703,-0.05823455550008961,-0.24448781107751133,3
100,30.0,34.0,6.0,2,3,False,35.8215002216798,128.75540124409,1659.0,81.0,42.0,105.0,2202.0,65.0,124.0,True,True,False,,-0.6571511849027191,1.7956390762446583,0.3355377174174282,0.20439248212625122,3
100,28.0,20.1,6.0,3,3,False,35.8425321797142,128.753533346217,698.0,176.0,250.0,451.0,1940.0,77.0,159.0,True,True,False,,1.2265870301982928,-1.1195111237435946,1.0262649152160963,-0.5957814352730233,3
200,39.0,25.0,6.0,3,4,False,35.8389685278027,128.758550172723,594.0,363.0,116.0,67.0,2181.0,74.0,125.0,True,False,False,,-0.05088390091321685,0.22667650640743991,-0.6578253376332929,-0.8843616999299054,2
100,30.0,23.14,6.0,2,3,False,35.8387264464304,128.754441812874,308.0,71.0,67.0,79.0,1822.0,96.0,201.0,False,True,False,,-1.4831568653747138,-0.10154068988784133,0.5443664865626912,0.6605763694236798,1
100,28.0,20.1,6.0,3,3,False,35.8404514769857,128.753410400474,467.0,140.0,99.0,289.0,1814.0,120.0,80.0,False,True,False,,-0.10086575960968668,0.11706494445862867,-0.6157980338103598,0.7884511205041399,1
100,22.0,20.1,7.0,3,3,False,35.8399191547025,128.75240564293,407.0,137.0,117.0,304.0,1707.0,57.0,183.0,True,True,False,,-0.6219568509683224,-0.7523835366345984,0.3121805030800214,-0.13699573261714323,3
200,35.0,33.05,6.0,2,4,False,35.8324896973947,128.745983763936,478.0,547.0,10.0,818.0,946.0,232.0,168.0,False,True,False,,2.157343931019246,-2.7355249577032343,-3.0770324760543364,1.1881713186643317,1
100,30.0,39.67,6.0,3,4,False,35.8309654695208,128.748281028699,720.0,767.0,79.0,794.0,1173.0,91.0,118.0,True,False,False,,2.5019783111801175,-2.576592976627715,-3.6411427003778263,-1.52355265929259,2
100,26.0,29.4,6.0,2,3,False,35.8229785279371,128.717669168947,1574.0,109.0,328.0,205.0,1332.0,242.0,184.0,False,False,False,,2.2995756750951,-1.3034200381409735,2.358274879335404,1.7844563945911283,2
200,27.0,35.5,6.0,2,3,False,35.8010841681901,128.73731712558,3687.0,332.0,26.0,358.0,2549.0,27.0,95.0,True,False,False,,1.8168991121294453,2.921873826627345,-0.36396765442860013,-1.3711615039554972,2
100,35.0,23.1,6.0,2,3,False,35.8409622597752,128.752445193237,522.0,223.0,194.0,385.0,1765.0,19.0,128.0,True,True,False,,0.24651475933786943,-0.8852094233541113,0.0937594801515629,-1.0784532550210826,3
70,24.0,33.0,6.0,2,3,False,35.8434670490915,128.752937582653,800.0,285.0,284.0,562.0,1956.0,171.0,275.0,True,True,False,,2.6612017881529875,-2.425059293987011,1.697887491707496,-0.25422897136781136,3
100,27.0,26.44,15.0,2,3,False,35.840096880667,128.751044328208,455.0,254.0,233.0,408.0,1608.0,121.0,276.0,True,True,False,,1.0845737479511919,-2.428582946828092,1.329936687720749,-0.2971435730511491,3
200,37.0,27.0,6.0,2,3,False,35.8396628321723,128.752390043449,379.0,124.0,109.0,289.0,1693.0,32.0,205.0,False,True,False,,-0.98345836585999,-0.8183442902882785,0.4890126500572522,-0.391995180391466,1
200,32.0,25.0,6.0,2,4,True,35.8443373695665,128.759925771967,1100.0,234.0,64.0,341.0,2537.0,128.0,129.0,True,True,False,,0.8186344023839617,0.8892376070566577,-0.3971800853103636,0.035998867563245183,0
200,38.0,25.0,6.0,3,5,True,35.8415726717686,128.757627336635,729.0,224.0,117.0,164.0,2210.0,31.0,122.0,True,True,False,,-0.40138380197301193,0.49739834184776927,-0.10358230789184622,-0.941047096216183,0
200,35.0,33.06,6.0,2,4,False,35.8382637992626,128.764932287759,1111.0,224.0,89.0,330.0,2716.0,85.0,56.0,True,True,False,,0.8034529243026932,1.5197744818120085,-0.6672549860070374,-0.48392680728102155,3
100,27.0,25.0,6.0,1,4,False,35.8430837825354,128.763952609876,1254.0,327.0,76.0,140.0,2799.0,116.0,143.0,True,True,False,,0.7607649830366228,1.3076400293031292,-0.24571404064418853,-0.6267897418086243,3
100,30.0,25.0,6.0,2,4,False,35.839260004356,128.764219632285,1077.0,136.0,135.0,211.0,2680.0,75.0,98.0,False,False,False,,0.3768865527859621,1.3510455055660162,0.4650775206591101,-0.45079537851088874,2
100,20.0,20.0,6.0,2,5,True,35.8427170069011,128.76340760983,1191.0,309.0,49.0,96.0,2737.0,54.0,81.0,True,True,False,,-0.023106907726619948,1.8921254828039182,-0.8724958422654303,-1.0336361214255763,0
200,38.0,27.0,6.0,4,4,False,35.8372434676934,128.752385623606,116.0,246.0,32.0,96.0,1593.0,105.0,130.0,False,True,False,,-1.2388496629706036,-0.21989145334908303,-1.205387864354698,0.5425399161402026,1
200,35.0,33.0,6.0,2,4,False,35.8373442163176,128.751458465619,173.0,285.0,38.0,177.0,1517.0,105.0,215.0,True,True,False,,-0.9814924494735672,-1.054070312795959,-0.7065821794634012,0.24212571468884664,3
300,37.0,24.24,6.0,2,4,True,35.8272652799756,128.734638519651,943.0,95.0,29.0,247.0,641.0,75.0,233.0,True,False,False,,-1.6020685420523169,-1.2799408461734176,0.06724173261046777,1.1279342187337802,0
100,25.0,27.0,6.0,3,4,False,35.8381154476728,128.754728152999,265.0,139.0,21.0,31.0,1824.0,107.0,143.0,True,True,False,,-1.5902229349890284,0.40694181417333625,-0.5357787460572331,0.8147332301489447,3
200,37.0,27.0,6.0,2,4,False,35.8409524353182,128.756665752015,623.0,157.0,82.0,138.0,2102.0,75.0,148.0,True,True,False,,-0.7313793273519856,0.437874152850152,0.05134822423312046,-0.04594421778271538,3
200,40.0,27.0,6.0,4,4,False,35.8369375397417,128.752292685289,89.0,280.0,51.0,93.0,1575.0,108.0,136.0,True,True,False,,-1.0333787051954695,-0.4468840827935312,-1.170554973831458,0.400695350972297,3
150,32.0,27.0,6.0,4,4,False,35.8408197089072,128.755382805088,554.0,92.0,45.0,202.0,1992.0,41.0,133.0,True,True,False,,-1.3196218028087392,0.5872069056603872,-0.19257061342658083,-0.016015054118395627,3
200,48.0,27.0,6.0,1,3,False,35.8390467236721,128.753224541774,310.0,41.0,21.0,188.0,1733.0,21.0,232.0,True,True,False,,-2.2090850988121313,-0.24421717472573995,0.4701119096632566,-0.012913178837512092,3
200,48.0,27.0,6.0,2,3,False,35.8390467236721,128.753224541774,310.0,41.0,21.0,188.0,1733.0,21.0,232.0,True,True,False,,-2.2090850988121313,-0.24421717472573995,0.4701119096632566,-0.012913178837512092,3
200,32.0,27.0,6.0,1,3,False,35.840129470245,128.752455534077,430.0,148.0,125.0,316.0,1721.0,80.0,164.0,True,True,False,,-0.2953593787503898,-0.698477527355265,0.16932954770041828,0.09640476843187884,3
150,40.0,27.0,6.0,2,4,False,35.8410454705292,128.755633581429,586.0,78.0,56.0,200.0,2023.0,27.0,151.0,True,True,False,,-1.3808276514612454,0.5163167504081343,0.12506675609217455,-0.22161115149451582,3
200,36.0,26.45,6.0,2,3,False,35.8392551954616,128.753653877076,339.0,6.0,11.0,171.0,1778.0,28.0,202.0,True,True,False,,-2.293964276320987,0.15351979917385372,0.33707977477975604,0.2591783631311551,3
100,30.0,40.0,6.0,3,4,False,35.8165066034343,128.762304785647,2358.0,260.0,56.0,636.0,3032.0,181.0,42.0,True,True,False,,3.125002470324919,2.262746436593986,-0.8694021127248995,0.33043234971705787,2
300,33.0,26.2,7.0,2,3,False,35.824379456883,128.723645511913,1156.0,199.0,89.0,126.0,1200.0,72.0,154.0,True,False,False,,-0.7365965769724304,-0.2938694494988348,-0.15660991303215516,0.34867703660403215,2
150,35.0,27.0,6.0,2,4,False,35.8382278221322,128.757877784884,502.0,325.0,122.0,122.0,2099.0,174.0,224.0,False,True,False,,0.520129447954671,-0.7047373419017973,0.21075128119646527,0.25785747083567767,1
200,36.0,27.0,6.0,3,3,False,35.8394776528494,128.753581859678,362.0,31.0,0.0,193.0,1782.0,48.0,179.0,True,True,False,,-2.047767736723096,0.270682801404055,-0.05130429285862283,0.4760711902248978,3
200,35.0,27.0,6.0,2,3,False,35.8408817488998,128.753960832477,522.0,135.0,97.0,312.0,1880.0,135.0,23.0,True,True,False,,0.17717571081077377,0.5593806432872351,-1.0517671919188434,1.0519695413970742,3
100,35.0,26.45,6.0,2,3,False,35.8384558973505,128.75450568527,284.0,100.0,58.0,56.0,1817.0,116.0,174.0,True,True,False,,-1.3586483137300323,0.06077047793030819,0.13866950441580134,0.8847296441050586,3
100,35.0,29.75,7.134969325153374,2,3,False,35.8378143531169,128.751506539883,210.0,247.0,37.0,197.0,1538.0,62.0,226.0,True,True,False,,-1.3356410392544444,-0.9972950508051063,-0.4489504796990515,-0.1696781719573983,3
200,35.0,29.75,11.0,2,4,False,35.8405656533677,128.75621099798,565.0,152.0,41.0,126.0,2047.0,47.0,173.0,True,True,False,,-1.3443912626672747,0.42545849842592703,-0.05823455550008961,-0.24448781107751133,3
200,37.0,26.45,6.0,2,4,False,35.8399077379254,128.76191036205,910.0,286.0,86.0,179.0,2501.0,216.0,87.0,True,True,False,,1.2400924546161227,0.9932271732029126,-0.7635135338841171,0.9814015748793572,3
150,35.0,26.45,6.0,1,3,False,35.8388113370615,128.754342753278,312.0,64.0,54.0,92.0,1817.0,85.0,207.0,True,True,False,,-1.642056414623608,-0.08142432773935616,0.5161190904112481,0.5822434835111935,3
300,45.0,30.0,6.0,1,3,False,35.8233251312041,128.754417512895,1447.0,159.0,137.0,266.0,2015.0,139.0,242.0,True,True,False,,0.7832466983144829,-0.24697936664996714,1.3768526736034767,0.3619343134364422,3
300,45.0,30.0,6.0,3,3,False,35.8233251312041,128.754417512895,1447.0,159.0,137.0,266.0,2015.0,139.0,242.0,True,True,False,,0.7832466983144829,-0.24697936664996714,1.3768526736034767,0.3619343134364422,3
200,49.0,40.0,6.0,1,4,False,35.8373416662741,128.751157397615,194.0,305.0,12.0,203.0,1491.0,113.0,241.0,True,True,False,,-1.0022531026324102,-1.2039008892939156,-0.8002459770381097,0.3009152088511725,3
200,40.0,30.0,6.0,2,4,False,35.8385715940321,128.758235413381,548.0,343.0,105.0,88.0,2140.0,126.0,176.0,True,True,False,,0.13434911661374524,-0.17187282845603405,-0.30762019795592077,-0.245192362461236,3
200,35.0,30.0,6.0,3,4,False,35.8225734928294,128.757372021792,1577.0,245.0,183.0,319.0,2286.0,128.0,311.0,True,True,False,,1.5251516224921997,-0.7755633895390414,2.039713376222334,-0.5547546631776105,3
200,38.0,23.14,6.0,2,4,False,35.8380704794718,128.756572093403,390.0,232.0,36.0,138.0,1981.0,125.0,250.0,False,True,False,,-0.7898945483887893,-0.4798366800589797,0.07404356143933356,0.2949398593047581,1
200,37.0,30.0,6.0,2,4,False,35.8382375042062,128.75924175123,615.0,441.0,18.0,168.0,2217.0,59.0,203.0,True,True,False,,-0.38316940436150815,-0.07421951851755904,-1.1449728375945976,-1.2572813865783288,3
200,35.0,27.0,6.0,3,3,False,35.8388317018315,128.75313902133,285.0,61.0,19.0,185.0,1717.0,38.0,212.0,True,True,False,,-2.048174144963077,-0.18719850169161265,0.19085222415000466,0.17475557869981445,3
300,35.0,35.5,6.0,2,4,False,35.8228932408803,128.73926641188,1257.0,234.0,136.0,158.0,1173.0,201.0,120.0,True,False,False,,0.7790799159213727,-0.4916744241425794,-0.26075004560588794,1.6834352933694314,2
100,27.0,27.0,6.0,2,3,False,35.8218739108939,128.756259003056,1631.0,127.0,90.0,192.0,2242.0,14.0,190.0,True,True,False,,-0.4234875413193227,0.9765561010878957,0.9883309219301487,-0.891584974012841,3
100,25.0,29.75,28.0,1,3,False,35.8378143531176,128.751506539883,210.0,247.0,37.0,197.0,1538.0,62.0,226.0,False,True,False,,-1.3356410392544444,-0.9972950508051063,-0.4489504796990515,-0.1696781719573983,1
200,30.0,39.66,24.0,2,3,False,35.8161177582731,128.762913651929,2418.0,297.0,108.0,625.0,3102.0,238.0,81.0,True,False,False,,3.9803747485740173,1.7799039058252089,-0.27075319184188623,0.5916366583609526,2
100,25.0,39.67,6.0,1,3,False,35.8162160278664,128.762670875616,2400.0,279.0,85.0,623.0,3078.0,215.0,65.0,False,False,False,,3.6022657861411127,2.011499323607527,-0.5073792281713029,0.5026630894984627,2
200,27.0,39.67,6.0,2,3,False,35.8161177582731,128.762913651929,2418.0,297.0,108.0,625.0,3102.0,238.0,81.0,True,False,False,,3.9803747485740173,1.7799039058252089,-0.27075319184188623,0.5916366583609526,2
300,35.0,42.0,6.0,2,4,False,35.8022915884211,128.736575515635,3561.0,326.0,54.0,278.0,2617.0,14.0,168.0,True,False,False,,1.5457341227285173,2.4666066696324087,0.5166902782743211,-1.7564154958758371,2
200,35.0,40.0,6.0,2,4,True,35.8254861053787,128.735411411036,1086.0,25.0,126.0,105.0,834.0,163.0,129.0,False,True,False,,-0.5902699597274428,-0.46077770804697654,0.46718945199477935,2.2433262201486133,0
200,35.0,31.8,6.0,3,4,False,35.8103468012132,128.759781607781,2950.0,190.0,100.0,56.0,3336.0,75.0,68.0,True,True,False,,1.410898039759743,3.8387300757003997,0.8316475869726417,-0.9063894494100231,3
300,35.0,39.67,6.0,2,4,False,35.817441218768,128.75808667108,2147.0,263.0,94.0,443.0,2671.0,69.0,104.0,True,True,False,,1.6893518445371212,1.5826321549283084,-0.11502839427463124,-0.9384358735362129,3
200,38.0,42.98,6.0,2,4,False,35.8095330132332,128.759306314942,3030.0,92.0,0.0,133.0,3377.0,92.0,161.0,True,False,False,,0.7404531309523021,3.8400549904163364,1.2205834204648685,-0.2926343292474646,2
200,35.0,39.67,6.0,2,4,False,35.8097374808418,128.759238475581,3007.0,114.0,24.0,124.0,3356.0,72.0,148.0,True,True,False,,0.7879796412305135,3.765758406671635,1.2001439205583035,-0.636413960714714,3
100,27.0,39.67,6.0,4,4,False,35.8270826116024,128.735519097105,927.0,149.0,55.0,165.0,657.0,131.0,161.0,False,False,False,,-0.9975989134681588,-0.940365075673724,-0.4943903837925705,1.6758903131181955,2
200,35.0,42.98,6.0,2,4,False,35.8095663702785,128.759440688794,3029.0,98.0,13.0,121.0,3382.0,97.0,150.0,True,True,False,,0.8640823560797622,3.859880953062074,1.2142274281279606,-0.27189303450772495,3
200,32.0,40.0,6.0,4,4,False,35.8102683552967,128.759452527175,2953.0,175.0,83.0,86.0,3323.0,46.0,98.0,True,True,False,,1.082961297966139,3.7149942933957454,0.9892637715888093,-1.2044551605836817,3
200,38.0,40.0,6.0,3,4,False,35.8095330132339,128.759306314942,3030.0,92.0,0.0,133.0,3377.0,92.0,161.0,True,False,False,,0.7404531309523021,3.8400549904163364,1.2205834204648685,-0.2926343292474646,2
200,33.0,39.67,6.0,2,4,False,35.8188561082925,128.754736816928,1944.0,112.0,13.0,199.0,2340.0,251.0,138.0,True,True,False,,1.0498602926853995,1.7931635896119438,0.13205245901576157,2.225881826444657,2
100,26.0,39.67,6.0,2,4,False,35.8162839168605,128.762502660006,2387.0,267.0,69.0,622.0,3062.0,199.0,58.0,True,True,False,,3.3366522605410123,2.144634598895809,-0.6407513147138193,0.43000898933814413,2
300,30.0,40.0,6.0,3,4,False,35.820336121121,128.724371412286,1567.0,158.0,66.0,328.0,1652.0,61.0,91.0,True,True,False,,-0.002597273261486534,0.7212887956477986,-0.5096584046717483,0.1896472842291055,3
100,22.0,33.05,6.0,2,3,False,35.8157972111757,128.763707014991,2478.0,357.0,186.0,639.0,3181.0,315.0,116.0,True,False,False,,5.293688167445439,1.1063486952672181,0.3719370245662201,0.9236408356793119,2
300,37.0,39.67,6.0,3,4,True,35.817238223191,128.75804778584,2168.0,246.0,79.0,441.0,2683.0,47.0,104.0,True,False,False,,1.396060299704988,1.7351747416260905,-0.13668390359130322,-1.100469942766225,0
200,25.0,38.5,6.0,3,4,False,35.8215227344658,128.739271248138,1408.0,203.0,200.0,269.0,1319.0,167.0,176.0,True,False,False,,1.2550163667804097,-0.9982158508977824,0.8358241989284574,0.9545786242614234,2
100,22.0,40.0,6.0,3,3,False,35.8157972111757,128.763707014991,2478.0,357.0,186.0,639.0,3181.0,315.0,116.0,True,False,False,,5.293688167445439,1.1063486952672181,0.3719370245662201,0.9236408356793119,2
200,33.0,39.67,6.0,2,4,False,35.8098391417157,128.759102101806,2993.0,126.0,39.0,129.0,3339.0,57.0,150.0,True,False,False,,0.8081852403208097,3.6371456400238995,1.2674679872392933,-0.8953070056244723,2
100,25.0,39.67,6.0,1,3,False,35.8163770562549,128.762560480111,2379.0,275.0,75.0,634.0,3059.0,204.0,47.0,True,False,False,,3.474470475214252,2.138872886009548,-0.7343328771752219,0.46333060852663094,2
100,22.0,39.67,6.0,3,4,False,35.8248582227229,128.738308694449,1058.0,290.0,80.0,89.0,939.0,62.0,138.0,False,False,False,,-0.8690423958092643,-0.5921955037476517,-0.8378154313445542,0.15414463986748028,2
200,30.0,39.67,6.0,2,4,False,35.8157737533948,128.762898300399,2453.0,289.0,119.0,592.0,3124.0,246.0,117.0,True,True,False,,3.9881647753687064,1.607214044489575,0.18643319018392523,0.6032794950827778,2
200,28.0,39.67,6.0,2,4,False,35.8195556661654,128.740689792531,1618.0,143.0,33.0,267.0,1565.0,182.0,124.0,False,False,False,,0.3916129244254563,0.6284228004140231,-0.4230363517434281,1.7821860254013222,2
200,37.0,21.75,6.0,2,4,False,35.8152501073161,128.763402060158,2524.0,291.0,190.0,575.0,3196.0,291.0,107.0,True,False,False,,4.834845115852077,1.449278190096291,0.6881134655994151,0.8897240361020536,2
200,35.0,39.67,6.0,2,4,False,35.8175707158298,128.75907155466322,2154.0,239.0,68.0,532.0,2730.0,138.0,43.0,True,True,False,,2.2861935138244984,1.9971102456485699,-0.7774756087055283,0.09797210365285665,2
200,28.0,39.66,6.0,2,3,False,35.8161177582731,128.762913651929,2418.0,297.0,108.0,625.0,3102.0,238.0,81.0,True,False,False,,3.9803747485740173,1.7799039058252089,-0.27075319184188623,0.5916366583609526,2
200,32.0,39.67,6.0,1,3,False,35.8159363427314,128.762497188537,2423.0,256.0,79.0,588.0,3085.0,206.0,96.0,True,False,False,,3.317884306914769,1.9737088801431517,-0.1604057779331031,0.43913695567244415,2
200,38.0,39.67,6.0,4,4,True,35.8116039123255,128.75964971275,2811.0,174.0,59.0,49.0,3224.0,59.0,126.0,True,True,False,,0.7459316656060351,3.4985301417529766,0.9762413231151166,-0.9515827066317355,0
300,35.0,42.98,6.0,4,4,False,35.828833901731,128.739822198253,597.0,175.0,191.0,315.0,604.0,195.0,244.0,False,False,False,,0.4992561063584889,-2.7588399813479807,0.8061006688046902,1.7617443436902052,2
100,20.0,26.45,7.0,2,3,False,35.8220901890673,128.7395193049,1343.0,225.0,181.0,232.0,1265.0,188.0,206.0,True,False,False,,1.1425974030793276,-1.2016156640355817,0.8254753290080565,1.1689170743956023,2
300,40.0,39.67,7.0,2,3,False,35.8170973997743,128.739655859676,1895.0,187.0,17.0,227.0,1806.0,243.0,198.0,False,False,False,,0.9432879827598217,0.5998085611084095,0.09191996372063618,2.0878861415898897,2
200,37.0,22.75,6.0,3,4,False,35.8152501073161,128.763402060158,2524.0,291.0,190.0,575.0,3196.0,291.0,107.0,True,True,False,,4.834845115852077,1.449278190096291,0.6881134655994151,0.8897240361020536,3
200,45.0,33.06,6.0,2,3,False,35.8393226755741,128.753160894204,340.0,45.0,39.0,210.0,1740.0,39.0,204.0,True,True,False,,-1.8340717812485294,-0.18117394452857666,0.35125016386424285,0.17640724196339333,3
200,36.0,27.0,6.0,3,3,False,35.8391617112148,128.752736367882,321.0,81.0,55.0,233.0,1698.0,63.0,235.0,True,True,False,,-1.4616838321168502,-0.6435962325031465,0.5246397047383607,0.24320590310162313,3
200,30.0,39.67,6.0,2,4,True,35.8195193217997,128.735096396282,1709.0,147.0,112.0,278.0,1498.0,134.0,226.0,True,False,False,,0.5065354429421369,-0.3954832423456427,0.9992841632629416,0.799824973059962,0
200,45.0,20.0,6.0,2,4,False,35.8369375397417,128.752292685289,89.0,280.0,51.0,93.0,1575.0,108.0,136.0,False,True,False,,-1.0333787051954695,-0.4468840827935312,-1.170554973831458,0.400695350972297,1
100,27.0,27.0,6.0,1,3,True,35.8419969790893,128.751947577142,641.0,291.0,183.0,505.0,1788.0,75.0,192.0,False,True,False,,1.093339517855378,-1.528402044513566,0.18569560388708045,-0.8071203765763891,0
70,23.0,26.44,18.0,2,4,False,35.8365245478869,128.751798777478,99.0,341.0,37.0,141.0,1520.0,159.0,188.0,True,True,False,,-0.5422849422906417,-1.013523546675656,-1.1789157891135018,0.7462959245317069,3
100,30.0,23.14,6.0,3,4,False,35.8390834877691,128.759979448065,714.0,476.0,132.0,185.0,2307.0,62.0,142.0,True,True,False,,0.7220165909122441,-0.1484635381890076,-0.8719779240331119,-1.6340768739361708,3
200,35.0,26.45,6.0,3,4,False,35.8402527935126,128.755895883513,520.0,157.0,35.0,131.0,2007.0,61.0,199.0,True,True,False,,-1.3358795352744741,0.18154680459386124,0.04681216144343147,-0.10475239366577152,3
200,33.0,26.0,6.0,2,4,True,35.8443375,128.75991800000048,1099.0,234.0,65.0,341.0,2536.0,128.0,129.0,False,True,False,,0.8241542147743274,0.8828101021219176,-0.39041666952384396,0.03369402298949772,0
200,35.0,23.14,6.0,2,4,False,35.8401097306666,128.756300327019,527.0,178.0,57.0,91.0,2034.0,70.0,164.0,True,True,False,,-1.1079767838626358,0.35978753486149034,-0.11554514311819805,-0.07632779040175645,3
200,32.0,39.67,26.0,2,3,False,35.8210666237514,128.725786862302,1462.0,152.0,159.0,312.0,1589.0,126.0,227.0,True,False,False,,0.7552248857261861,-0.7523330791632308,1.2549441440499516,0.4755056959341568,2
200,28.0,25.5,6.0,3,4,False,35.824534521868,128.739611160064,1072.0,381.0,109.0,183.0,1010.0,61.0,66.0,True,False,False,,-0.038950315572261224,-0.5094284488685035,-1.6319843135507108,-0.2010092148203987,2
100,25.0,25.5,6.0,2,3,False,35.8163770562557,128.76256048011,2379.0,275.0,75.0,634.0,3059.0,204.0,47.0,True,True,False,,3.474470475214252,2.138872886009548,-0.7343328771752219,0.46333060852663094,3
200,32.0,35.5,6.0,3,4,True,35.8187300557067,128.738878281432,1721.0,42.0,156.0,83.0,1614.0,280.0,114.0,True,False,False,,1.2341211508363286,0.6583427932849004,1.0297742391242986,2.970454372312177,0
300,38.0,29.75,6.0,4,4,True,35.8449468121047,128.708126553574,540.0,139.0,95.0,499.0,694.0,230.0,433.0,False,False,False,,0.2650954713536253,-3.755200451156375,1.6198535213382423,2.0989086536132855,0
200,35.0,36.5,6.0,3,4,True,35.8235359248145,128.741263787209,1175.0,426.0,245.0,318.0,1172.0,176.0,42.0,True,False,False,,2.3469348394169174,-1.1692696799281532,-1.035823705744485,0.48675822810117814,0
150,35.0,27.0,6.0,1,3,False,35.8409198102764,128.753495524023,519.0,168.0,124.0,332.0,1845.0,114.0,37.0,True,True,False,,0.3172113921665016,0.2249836308135454,-0.8975977391920136,0.5947446342772611,3
200,35.0,34.0,6.0,2,3,False,35.8220465284207,128.755762138859,1604.0,136.0,42.0,170.0,2194.0,48.0,190.0,True,True,False,,-0.5691798505703839,1.122273093468642,0.5696716084276935,-0.33852170573338564,3
200,35.0,34.0,6.0,3,3,False,35.8220465284207,128.755762138859,1604.0,136.0,42.0,170.0,2194.0,48.0,190.0,True,True,False,,-0.5691798505703839,1.122273093468642,0.5696716084276935,-0.33852170573338564,3
100,32.0,27.0,6.0,3,4,False,35.8407967273689,128.760924804424,884.0,376.0,91.0,112.0,2450.0,181.0,82.0,True,True,False,,1.0728460727450515,0.9070763426765295,-1.1042965534774323,0.2949008058326812,3
100,30.0,33.05,6.0,4,4,False,35.8177414331703,128.757676736951,2106.0,311.0,100.0,406.0,2621.0,99.0,150.0,True,False,False,,1.879642066173634,1.1218619501919807,0.09316569330428849,-0.821050581282196,2
200,35.0,33.05,6.0,3,4,False,35.8304801615736,128.747355360295,696.0,699.0,153.0,887.0,1104.0,189.0,187.0,True,False,False,,3.6077601626373386,-3.579609191886422,-2.3807458008238256,-0.46182420823438797,2
300,35.0,33.5,6.0,2,4,False,35.8103764792829,128.759219384801,2937.0,185.0,94.0,107.0,3300.0,25.0,113.0,True,False,False,,1.0492919687912377,3.4948167318571377,1.1257104155479396,-1.5416752318723717,2
200,38.0,33.5,6.0,3,4,False,35.8171348542924,128.75561987948,2143.0,211.0,115.0,226.0,2529.0,122.0,163.0,False,False,False,,1.3423071854594886,1.372202427208971,0.8537489262118335,-0.1488277480717525,2
300,40.0,42.5,6.0,2,4,False,35.8188071758631,128.754860320794,1951.0,118.0,25.0,204.0,2352.0,259.0,138.0,True,False,False,,1.2276454988896124,1.7273755094317185,0.19825470588796534,2.2532268960015003,2
200,30.0,28.5,6.0,3,4,False,35.801381283877,128.737603013946,3652.0,291.0,17.0,318.0,2591.0,57.0,131.0,False,False,False,,1.7023978002906621,2.871605150639386,0.06088056725861872,-0.932186096218986,2
300,35.0,32.99,7.0,4,4,False,35.8174634874388,128.756736488464,2121.0,284.0,42.0,322.0,2577.0,119.0,174.0,True,False,False,,1.2974696802995378,1.378977136681272,0.018908867042537063,-0.3084906519188067,2
300,38.0,29.75,6.0,4,4,True,35.8453066580607,128.7080867909,572.0,100.0,103.0,538.0,727.0,219.0,468.0,False,False,False,,0.22018930239002987,-3.946058545251266,2.1226058172595237,1.9800272965976538,0
200,28.0,29.75,6.0,3,4,False,35.8307304951512,128.705733851898,1116.0,174.0,85.0,332.0,1007.0,85.0,92.0,False,False,False,,-0.2432914712337118,-0.4262664025587914,-0.8565606593589713,0.8024380322148815,2
300,37.0,36.36,6.0,3,4,False,35.8412166665084,128.699829349609,461.0,369.0,14.0,59.0,413.0,68.0,114.0,False,False,False,,-1.7089374851157506,-1.1952942877097419,-2.266660507725299,0.5642002578126244,2
200,45.0,25.0,6.0,2,4,False,35.8373416662741,128.751157397615,194.0,305.0,12.0,203.0,1491.0,113.0,241.0,False,True,False,,-1.0022531026324102,-1.2039008892939156,-0.8002459770381097,0.3009152088511725,1
150,35.0,23.14,7.0,2,3,False,35.8393256084919,128.75253988499364,340.0,100.0,80.0,257.0,1689.0,39.0,227.0,False,True,False,,-1.3327862728242164,-0.7613640738265611,0.5586720442743393,-0.1682791566962091,1
200,45.0,23.14,6.0,1,3,False,35.8395787535851,128.752859755329,367.0,82.0,66.0,249.0,1727.0,67.0,188.0,False,True,False,,-1.2136516760557208,-0.36190595018536326,0.23436632840004884,0.3235107673381378,1
100,20.0,23.14,6.0,1,4,False,35.8394827569568,128.766053811731,1242.0,127.0,46.0,256.0,2846.0,93.0,84.0,True,True,False,,0.20911991332332977,2.0705875681705734,-0.19802425009723298,-0.038932598971887375,3
100,28.0,26.45,6.0,4,4,False,35.840786196475506,128.75717593033517,635.0,206.0,65.0,110.0,2137.0,35.0,99.0,False,True,False,,-0.9764669496806739,0.8718329101819959,-0.6269129898181877,-0.5605816199237995,1
100,32.0,26.45,6.0,3,3,False,35.839391954056,128.75367459498466,354.0,21.0,13.0,180.0,1785.0,42.0,187.0,False,True,False,,-2.081408767661909,0.2024615669875678,0.16428975863894502,0.3875912380409444,1
100,30.0,23.14,7.0,3,3,False,35.839244850212005,128.75263992343514,331.0,90.0,68.0,245.0,1694.0,51.0,231.0,False,True,False,,-1.3948213936735305,-0.7030070151450063,0.5478880566871063,0.037404585080842476,1
100,22.0,23.14,6.0,3,4,False,35.8400627106993,128.76445985752,1127.0,58.0,116.0,125.0,2726.0,46.0,74.0,True,False,False,,-0.3265187477550653,1.9996618781343305,0.5694138197876446,-0.4166349310375878,2
100,30.0,23.14,6.0,3,4,False,35.840786196475506,128.75717593033517,635.0,206.0,65.0,110.0,2137.0,35.0,99.0,True,True,False,,-0.9764669496806739,0.8718329101819959,-0.6269129898181877,-0.5605816199237995,3
100,28.0,28.5,6.0,1,3,False,35.8413136850578,128.751401765899,575.0,309.0,182.0,476.0,1705.0,85.0,194.0,False,True,False,,1.0507928818568704,-1.6628858850683186,0.08409542146564461,-0.6885786153871304,1
200,35.0,25.0,6.0,2,4,False,35.8405597781913,128.755774494495,544.0,132.0,2.0,157.0,2011.0,34.0,176.0,True,True,False,,-1.7074117288037063,0.5321327390853722,-0.2888669354639145,-0.1994748749639245,3
200,36.0,20.1,6.0,1,3,False,35.8391617112148,128.752736367882,321.0,81.0,55.0,233.0,1698.0,63.0,235.0,True,True,False,,-1.4616838321168502,-0.6435962325031465,0.5246397047383607,0.24320590310162313,3
100,29.0,20.1,7.0,3,3,False,35.8396372080349,128.75314579383,375.0,65.0,43.0,233.0,1753.0,70.0,172.0,True,True,False,,-1.3982647248593982,-0.06046930139272674,0.027449736800814903,0.5077073865759972,3
200,32.0,25.0,6.0,1,3,False,35.840091324207,128.759578183537,740.0,435.0,42.0,116.0,2309.0,83.0,58.0,True,True,False,,0.09818532827227648,1.0139074776121566,-2.0000107502242086,-0.7820975556232898,3
200,35.0,26.45,6.0,2,4,True,35.8408042922797,128.756110901091,583.0,127.0,42.0,151.0,2050.0,26.0,188.0,True,True,False,,-1.5018813375238977,0.3620176559799099,0.16828867515301604,-0.44575107019894994,0
300,46.0,40.0,6.0,2,4,False,35.8473054221807,128.761338119339,1445.0,120.0,263.0,583.0,2820.0,459.0,145.0,True,False,False,,5.150889142363577,-0.11021310091253798,1.6491695771586616,3.459970507067991,2
200,34.0,25.0,6.0,1,3,False,35.8399592628338,128.753424133811,413.0,86.0,56.0,243.0,1791.0,100.0,129.0,False,True,False,,-0.9133292326032714,0.13941484957480818,-0.3002158105033206,0.8053007094135315,1
70,26.0,26.45,6.0,2,3,False,35.8413709870074,128.751668195445,576.0,299.0,195.0,465.0,1729.0,68.0,200.0,False,True,False,,0.96174520545666,-1.6832176717725738,0.2963254360821576,-0.9180744457495218,1
100,24.0,23.14,6.0,4,4,False,35.8393569350488,128.766441682465,1272.0,162.0,82.0,290.0,2877.0,78.0,56.0,True,True,False,,0.5998125766177427,2.025409207308937,-0.3021182655396753,-0.4244211093911574,3
200,32.0,25.0,6.0,2,4,True,35.8415050540336,128.758356278472,764.0,290.0,92.0,145.0,2267.0,36.0,60.0,False,True,False,,-0.2618980217316237,1.0040088503642988,-1.0218126209406293,-0.9524312016001003,0
200,44.0,25.0,6.0,3,4,False,35.8384686912828,128.757748528632,504.0,305.0,119.0,97.0,2095.0,149.0,206.0,False,True,False,,0.21866737850571036,-0.4738391156612854,0.15226821112690117,0.08902830246216625,1
100,30.0,26.45,6.0,1,3,False,35.8395490262588,128.752624371781,364.0,99.0,86.0,264.0,1706.0,45.0,202.0,False,True,False,,-1.1799888961082086,-0.6088440680871806,0.41240423698394163,-0.07540369471421317,1
200,36.0,29.75,6.0,3,4,True,35.8400713261697,128.759110051194,704.0,397.0,78.0,75.0,2268.0,71.0,16.0,False,True,False,,0.042671585685374123,1.2021549791959059,-1.904189524743751,-0.7712854517940015,0
200,35.0,26.45,7.0,1,3,False,35.8398712495728,128.75211906128,405.0,156.0,139.0,322.0,1681.0,46.0,206.0,False,False,False,,-0.4954310155602667,-1.090435054827929,0.5631013821345915,-0.434625243888507,1
200,36.0,27.0,6.0,2,4,False,35.8388317018315,128.75313902133,285.0,61.0,19.0,185.0,1717.0,38.0,212.0,True,True,False,,-2.048174144963077,-0.18719850169161265,0.19085222415000466,0.17475557869981445,3
200,35.0,25.6,6.0,2,4,True,35.8400713261704,128.759110051194,704.0,397.0,78.0,75.0,2268.0,71.0,16.0,True,False,False,,0.042671585685374123,1.2021549791959059,-1.904189524743751,-0.7712854517940015,0
300,35.0,35.0,9.0,2,4,False,35.8027599962458,128.737741454492,3498.0,212.0,89.0,175.0,2721.0,107.0,62.0,True,False,False,,1.9886080650029314,3.366471651411896,0.46913683237846937,-0.18202998253495498,2
70,23.0,39.67,6.0,2,3,False,35.8164023949149,128.762786628838,2384.0,295.0,95.0,646.0,3074.0,224.0,47.0,True,False,False,,3.850810135341343,1.988209593592809,-0.67510727734908,0.5543583552055006,2
150,34.0,33.06,6.0,2,4,False,35.8383699588863,128.757900399051,511.0,321.0,123.0,106.0,2105.0,163.0,209.0,True,False,False,,0.42137961253136597,-0.5548602071651217,0.13515801715746253,0.1696898051768541,2
200,35.0,25.2,6.0,3,4,False,35.8295790798413,128.739278219337,529.0,136.0,164.0,301.0,509.0,164.0,213.0,True,False,False,,-0.10232478128097866,-2.453517813570579,0.47051615685111353,1.7481553821586109,2
200,35.0,39.67,6.0,2,4,True,35.8422696486298,128.758855470916,858.0,343.0,151.0,235.0,2344.0,104.0,119.0,True,True,False,,1.0299824377877997,0.17531112769049337,-0.3474359310601629,-0.7136721668559797,0
100,28.0,33.06,19.0,2,4,False,35.8367321360268,128.73201126381,444.0,303.0,42.0,292.0,522.0,52.0,63.0,True,False,False,,-1.1116893888619133,-1.1536633995412608,-2.3544805200892247,0.489383256402465,2
100,30.0,33.06,6.0,3,4,False,35.821274811659,128.728455905188,1421.0,54.0,15.0,119.0,1450.0,200.0,44.0,True,False,False,,-0.3236798432443605,1.381518109358427,-0.8385185222769426,2.651633826142879,2
100,30.0,36.36,24.0,2,3,False,35.8161177582731,128.762913651929,2418.0,297.0,108.0,625.0,3102.0,238.0,81.0,True,False,False,,3.9803747485740173,1.7799039058252089,-0.27075319184188623,0.5916366583609526,2
200,25.0,33.06,16.0,2,4,False,35.839354409991,128.765724604125,1209.0,120.0,47.0,248.0,2814.0,64.0,96.0,True,True,False,,-0.08503079270659536,1.9848032430662799,-0.07358524485180615,-0.3591916061012496,3
100,26.0,33.06,6.0,2,4,False,35.8139623647189,128.731025600123,2247.0,152.0,136.0,159.0,2154.0,118.0,147.0,True,False,False,,1.0056146436645885,1.2772203097081236,1.0799857633901855,0.2584121039281624,2
200,35.0,33.06,26.0,3,3,False,35.8306894187141,128.747812757588,717.0,733.0,129.0,843.0,1138.0,143.0,148.0,True,False,False,,3.180090872863334,-3.1113311749803962,-2.949433546346132,-0.9876721586110548,2
200,31.0,39.67,6.0,3,4,False,35.8438538796352,128.750893736092,861.0,353.0,170.0,728.0,1839.0,89.0,151.0,True,False,False,,2.0857548442741694,-1.5128461884109647,-0.5945370867045734,-0.843090983685347,2
200,40.0,29.75,6.0,3,4,True,35.8409824681273,128.755831843447,588.0,95.0,49.0,182.0,2036.0,13.0,169.0,True,True,False,,-1.5405354059142895,0.459315428564146,0.1732347656356149,-0.4669262267660624,0
100,27.0,39.67,6.0,1,4,False,35.8021268184917,128.737139727969,3573.0,284.0,0.0,263.0,2632.0,56.0,125.0,True,False,False,,1.3966157498425067,3.089421595842094,-0.054084314933995625,-0.8672712788119271,2
100,25.0,33.06,6.0,1,3,False,35.8295139834887,128.730393147347,537.0,280.0,109.0,370.0,602.0,56.0,142.0,True,False,False,,-0.5032551493337778,-1.925177981146175,-1.1114300797327228,0.18093399132837015,2
200,36.0,33.06,6.0,3,4,False,35.8381181814187,128.752892687269,205.0,138.0,60.0,132.0,1667.0,48.0,149.0,True,True,False,,-1.6148519891145157,-0.14189334357218064,-0.3419737765612719,0.0712886609262571,3
200,33.0,36.36,11.0,2,4,False,35.8171348542917,128.75561987948,2143.0,211.0,115.0,226.0,2529.0,122.0,163.0,True,False,False,,1.3423071854594886,1.372202427208971,0.8537489262118335,-0.1488277480717525,2
150,35.0,33.06,6.0,2,4,False,35.8407644449349,128.756654522964,605.0,167.0,62.0,119.0,2093.0,75.0,140.0,True,True,False,,-0.8902474172222132,0.575432845418805,-0.20029862484302147,0.00615613808653433,3
100,33.0,42.98,6.0,2,4,True,35.8186467597205,128.756637652176,1990.0,255.0,63.0,321.0,2484.0,226.0,178.0,True,False,False,,1.9868023559706478,1.0273433863362478,0.21542149029021446,1.054305877141187,0
200,30.0,33.06,24.0,1,3,False,35.84213558141,128.75142160989,664.0,340.0,133.0,545.0,1758.0,25.0,143.0,True,True,False,,0.7111544336821674,-1.1100199600866687,-0.8170844651701831,-1.3159397574995677,3
100,20.0,33.06,6.0,3,4,False,35.8254652250023,128.726890572927,964.0,431.0,167.0,235.0,1142.0,43.0,170.0,True,False,False,,0.36591831734722147,-1.5539068720843963,-0.5852850179059381,-1.079725109935208,2
100,25.0,35.0,6.0,3,3,False,35.8188768562211,128.755451014989,1949.0,169.0,53.0,245.0,2386.0,276.0,119.0,True,False,False,,1.8305396262171252,1.5720409198058243,0.014649811884969452,2.1909080328245105,2
300,32.0,36.36,7.0,2,3,False,35.8242781967042,128.723323215821,1178.0,191.0,106.0,119.0,1204.0,97.0,134.0,True,True,False,,-0.4453949566661822,-0.2202204666170454,-0.14933973964836103,0.6609802243444285,3
100,30.0,33.06,6.0,3,4,False,35.8431061792383,128.751539240503,769.0,364.0,152.0,629.0,1831.0,106.0,147.0,True,True,False,,1.8049132197226323,-1.3387798483090485,-0.7672312625639164,-0.5847267170294013,3
200,38.0,33.06,6.0,3,5,True,35.8415726717679,128.757627336635,729.0,224.0,117.0,164.0,2210.0,31.0,122.0,True,True,False,,-0.40138380197301193,0.49739834184776927,-0.10358230789184622,-0.941047096216183,0
100,23.0,22.08,6.0,3,4,False,35.8397949978155,128.764305740899,1104.0,86.0,125.0,152.0,2704.0,76.0,99.0,True,False,False,,0.04466154958912045,1.6303634034501224,0.6756411839931714,-0.23197231139466684,2
200,30.0,33.06,6.0,4,4,False,35.8431883045487,128.763603313413,1237.0,349.0,58.0,146.0,2775.0,98.0,124.0,True,True,False,,0.5934230307472892,1.4421389310097665,-0.6435534382079162,-0.8111076913598702,3
200,20.0,41.32,26.0,2,3,False,35.8206759276083,128.725451894456,1510.0,157.0,170.0,334.0,1641.0,73.0,194.0,True,False,False,,0.616171760489578,-0.502039923087152,1.0826087055614098,-0.17777932926572665,2
300,38.0,27.63,10.0,3,4,False,35.827326840798,128.73528662374,916.0,115.0,30.0,191.0,630.0,97.0,195.0,True,False,False,,-1.5007543150384817,-1.0296802428434242,-0.29124466252667713,1.413585934622369,2
100,28.0,33.06,14.0,6,6,True,35.8247807421868,128.736612415802,1112.0,148.0,43.0,12.0,918.0,179.0,87.0,True,False,False,,-0.8020470533078166,0.2208195959593485,-0.8954270455396877,2.2944177485737134,0
100,25.0,33.06,26.0,2,4,False,35.8247945367934,128.727258886386,1034.0,405.0,186.0,315.0,1176.0,107.0,158.0,True,False,False,,1.1609351777694212,-1.6278508567396808,-0.47781650870469494,-0.31001796387049463,2
100,20.0,23.14,6.0,2,3,False,35.8162108958394,128.762971582977,2410.0,305.0,112.0,637.0,3100.0,242.0,74.0,True,False,False,,4.093236001945682,1.7595851934289577,-0.3461370010756265,0.6104096773298242,2
100,25.0,26.45,6.0,2,4,False,35.8206234682492,128.756779575632,1776.0,97.0,141.0,211.0,2360.0,133.0,139.0,False,True,False,,0.943256231885554,1.2087283184264233,1.1332319247201688,0.48387304038125134,1
100,30.0,29.75,6.0,2,4,False,35.8207556914602,128.755871344685,1747.0,15.0,61.0,128.0,2285.0,118.0,72.0,True,True,False,,-0.12191030615993312,2.228661025100813,0.3610469607547358,1.050244998968898,3
200,35.0,42.98,6.0,2,4,False,35.8205788336725,128.756251379156,1772.0,54.0,94.0,165.0,2324.0,133.0,97.0,True,True,False,,0.4183857727695872,1.8199828618781952,0.6397978555490783,0.9010890353909865,3
200,48.0,20.0,6.0,3,3,False,35.8389684806623,128.75269515277,300.0,89.0,40.0,223.0,1686.0,48.0,240.0,False,True,False,,-1.696953175303987,-0.6170937222438455,0.419151715959999,0.08355698042765976,1
70,20.0,26.45,6.0,3,4,False,35.8252842932071,128.720752553716,1192.0,328.0,47.0,177.0,1059.0,89.0,74.0,True,False,False,,-0.33051238648351716,-0.05224027928134392,-1.7510402560606433,0.45629627222451125,2
100,23.0,26.45,6.0,3,4,False,35.8224341978303,128.719235140234,1531.0,45.0,201.0,52.0,1376.0,100.0,38.0,True,False,False,,0.027801177230554447,0.7663763846472341,0.6492204078416007,1.0241854298245603,2
70,20.0,26.45,6.0,3,4,False,35.8255407739022,128.722147638039,1099.0,356.0,49.0,62.0,1045.0,146.0,73.0,False,False,False,,-0.19134453682268135,-0.038817715653032006,-1.819764084387938,1.0691511621874614,2
100,22.0,23.14,6.0,3,4,False,35.8274879182728,128.72967107118,739.0,381.0,185.0,291.0,807.0,290.0,192.0,True,False,False,,1.9303684640223142,-2.514236915651038,-0.3943545787188056,2.1360123445905255,2
300,30.0,40.0,7.0,2,3,False,35.8220075082946,128.718718848552,1596.0,63.0,263.0,105.0,1427.0,157.0,65.0,True,False,False,,1.0710207049386364,0.22308052942526677,1.244659449353459,1.3422672822634332,2
200,36.0,27.0,6.0,2,4,False,35.8394956093357,128.759238550287,678.0,423.0,114.0,116.0,2258.0,11.0,67.0,True,True,False,,-0.051291435780979486,0.609358534092951,-1.3576275407227456,-1.7886046503847868,3
100,28.0,30.0,6.0,2,4,False,35.8172003935159,128.755291068147,2133.0,183.0,104.0,196.0,2503.0,109.0,180.0,False,False,False,,0.9756074926326609,1.395351865940155,1.0413378853582662,-0.17700481034787943,2
100,25.0,26.45,6.0,3,4,False,35.8229492876268,128.723261177278,1317.0,56.0,68.0,82.0,1347.0,161.0,29.0,True,True,False,,-0.43984293956940523,1.1450924197093963,-0.6069982451789807,2.136922957600759,3
200,38.0,38.0,6.0,4,4,False,35.8386866609946,128.757749354472,516.0,298.0,124.0,73.0,2102.0,138.0,182.0,True,True,False,,0.1303113739312053,-0.26190940547647934,0.05429467053930499,0.019258088064717665,3
150,34.0,29.75,27.0,1,3,False,35.8400571031729,128.752937790713,420.0,114.0,87.0,279.0,1757.0,98.0,140.0,True,True,False,,-0.5724087399183351,-0.22166472797164513,-0.13427306570608308,0.5791973556252948,3
300,35.0,30.5,6.0,2,4,False,35.8103764792821,128.759219384801,2937.0,185.0,94.0,107.0,3300.0,25.0,113.0,True,False,False,,1.0492919687912377,3.4948167318571377,1.1257104155479396,-1.5416752318723717,2
70,27.0,20.1,6.0,1,3,False,35.8403923468347,128.753078083755,458.0,141.0,112.0,300.0,1785.0,99.0,103.0,False,True,False,,-0.1823462791247984,-0.13174455762166226,-0.3527627163994162,0.46820642446956184,1
100,28.0,22.5,6.0,1,3,False,35.8419433633431,128.751638506761,640.0,318.0,159.0,516.0,1762.0,52.0,169.0,True,True,False,,0.8918912653400431,-1.3448062532652232,-0.3082775313455732,-1.0426263183224749,3
200,38.0,30.0,6.0,2,3,False,35.8386281989666,128.754313930231,293.0,84.0,65.0,80.0,1807.0,91.0,187.0,True,True,False,,-1.4909849127751962,-0.049466269279060275,0.3501111622263227,0.5992800373552065,3
200,35.0,30.0,6.0,3,4,False,35.8392217870554,128.759495008596,682.0,358.0,130.0,140.0,2270.0,39.0,105.0,True,True,False,,0.09063390841508791,0.3601659104138074,-0.6788492559234092,-1.364576468319598,3
200,35.0,29.75,6.0,4,4,False,35.822573341308896,128.75737622299005,1577.0,245.0,183.0,319.0,2286.0,128.0,311.0,False,True,False,,1.5251516224921997,-0.7755633895390414,2.039713376222334,-0.5547546631776105,1
150,33.0,30.0,6.0,1,3,False,35.8406172765717,128.753626980724,488.0,157.0,92.0,296.0,1840.0,131.0,54.0,True,True,False,,0.057851335671765196,0.3060821352987343,-0.9421558882636358,0.9108956893064338,3
150,34.0,30.0,7.0,1,3,False,35.8400571031729,128.752937790713,420.0,114.0,87.0,279.0,1757.0,98.0,140.0,False,True,False,,-0.5724087399183351,-0.22166472797164513,-0.13427306570608308,0.5791973556252948,1
200,30.0,28.0,6.0,3,4,False,35.840076312331,128.756958850487,561.0,231.0,19.0,40.0,2088.0,96.0,106.0,True,True,False,,-1.0327210140609704,0.9583135207711471,-1.0251500042837047,0.2491334874352866,3
200,40.0,30.0,6.0,2,3,False,35.8391053565248,128.751156772356,350.0,224.0,126.0,319.0,1566.0,97.0,327.0,False,True,False,,-0.26721073635507114,-2.1417408262268953,1.0907519745066927,-0.19958802878627968,1
200,35.0,25.0,6.0,3,4,False,35.8392217870554,128.759495008596,682.0,358.0,130.0,140.0,2270.0,39.0,105.0,False,True,False,,0.09063390841508791,0.3601659104138074,-0.6788492559234092,-1.364576468319598,1
200,38.0,26.44,6.0,2,2,False,35.8391053565248,128.751156772356,350.0,224.0,126.0,319.0,1566.0,97.0,327.0,False,True,False,,-0.26721073635507114,-2.1417408262268953,1.0907519745066927,-0.19958802878627968,1
100,27.0,20.0,6.0,2,3,False,35.8398574463648,128.751044708729,430.0,245.0,208.0,387.0,1595.0,108.0,287.0,True,True,False,,0.7085985849280919,-2.3486058377654233,1.2757153330351714,-0.35050604393267887,3
200,30.0,22.5,6.0,3,3,False,35.8411130244437,128.753241470739,539.0,180.0,155.0,361.0,1836.0,92.0,56.0,True,True,False,,0.4598219325578128,-0.09218257714332564,-0.5736466757630927,0.15818576989183897,3
200,44.0,26.45,6.0,4,4,False,35.8373416662734,128.751157397616,194.0,305.0,12.0,203.0,1491.0,113.0,241.0,False,True,False,,-1.0022531026324102,-1.2039008892939156,-0.8002459770381097,0.3009152088511725,1
200,34.0,26.45,6.0,2,4,False,35.8407867376239,128.755141590639,542.0,93.0,62.0,218.0,1971.0,63.0,113.0,True,True,False,,-0.9966644649142511,0.5573014795213964,-0.2641379954808397,0.23959262852736218,3
200,45.0,27.0,6.0,2,3,False,35.8391006216776,128.753933785512,329.0,29.0,12.0,141.0,1794.0,43.0,219.0,False,True,False,,-2.2110735654599907,0.043926496782092275,0.4110299317742703,0.3146326996802849,1
100,28.0,23.14,6.0,1,3,False,35.8387264464297,128.754441812874,308.0,71.0,67.0,79.0,1822.0,96.0,201.0,False,True,False,,-1.4831568653747138,-0.10154068988784133,0.5443664865626912,0.6605763694236798,1
200,35.0,23.14,6.0,3,4,False,35.8381484256469,128.752919691609,208.0,134.0,61.0,134.0,1671.0,45.0,150.0,False,True,False,,-1.6335948499712667,-0.13995329336987497,-0.3078040450948603,0.04179783370746471,1
200,34.0,23.14,6.0,3,4,False,35.8399884143587,128.759418316543,721.0,273.0,60.0,104.0,2291.0,67.0,44.0,True,True,False,,-0.40313665691921863,1.328973340841745,-1.3033049063086448,-0.40120295439082687,3
300,38.0,27.0,6.0,3,4,True,35.8400148615836,128.761051278855,848.0,299.0,111.0,180.0,2431.0,184.0,129.0,False,True,False,,1.0911466172764293,0.49010264867098874,-0.3297362719732157,0.44549233338286676,0
200,40.0,23.14,6.0,3,4,False,35.8382540618809,128.759581754762,645.0,466.0,38.0,190.0,2247.0,37.0,208.0,True,True,False,,-0.25120405788109695,-0.2132996578600884,-1.0472403799879766,-1.7039919784116822,3
200,39.0,20.0,6.0,4,4,False,35.8382540618816,128.759581754762,645.0,466.0,38.0,190.0,2247.0,37.0,208.0,True,True,False,,-0.25120405788109695,-0.2132996578600884,-1.0472403799879766,-1.7039919784116822,3
200,40.0,20.0,6.0,2,4,False,35.8382540618816,128.759581754762,645.0,466.0,38.0,190.0,2247.0,37.0,208.0,False,True,False,,-0.25120405788109695,-0.2132996578600884,-1.0472403799879766,-1.7039919784116822,1
200,37.0,27.0,6.0,2,4,False,35.8407644449356,128.756654522964,605.0,167.0,62.0,119.0,2093.0,75.0,140.0,True,True,False,,-0.8902474172222132,0.575432845418805,-0.20029862484302147,0.00615613808653433,3
100,33.0,27.0,6.0,3,4,False,35.8400589135429,128.756077977503,511.0,158.0,62.0,108.0,2014.0,51.0,184.0,True,True,False,,-1.2695869461297211,0.20027502434617206,0.145408548269412,-0.2754942938161191,3
300,45.0,30.0,6.0,1,3,False,35.8233248697366,128.754404561486,1447.0,158.0,138.0,266.0,2014.0,140.0,241.0,True,True,False,,0.794911260598738,-0.24526962858966309,1.379733805265294,0.3770270377264187,3
100,25.0,30.0,6.0,2,3,False,35.8225556862374,128.756136825413,1554.0,197.0,75.0,234.0,2192.0,61.0,254.0,True,True,False,,-0.023631513553721027,0.2805108643808188,1.007727967160844,-0.647250082741399,3
100,25.0,30.0,6.0,3,3,False,35.822554705017,128.75613613992,1554.0,196.0,75.0,234.0,2192.0,61.0,254.0,True,True,False,,-0.026539843661340844,0.2823983882287681,1.0118929978950006,-0.6436705681492132,3
100,30.0,34.0,6.0,2,3,False,35.8222246705001,128.756934253447,1605.0,190.0,140.0,264.0,2272.0,72.0,256.0,True,True,False,,0.6128167365457857,0.03463502586131013,1.564503546414477,-0.7551384568123508,3
100,30.0,26.45,6.0,3,3,False,35.8223008036294,128.756836461685,1595.0,193.0,131.0,262.0,2260.0,73.0,258.0,True,True,False,,0.5492603903473395,0.041163898444053146,1.4934908013954378,-0.722176869873272,3
100,32.0,20.0,6.0,3,4,False,35.8379795561608,128.758420107382,536.0,381.0,73.0,155.0,2138.0,137.0,235.0,True,True,False,,0.20543960569575698,-0.6111067659956759,-0.29155559685223315,-0.29142998891426014,3
300,45.0,30.0,6.0,2,4,True,35.8425554903905,128.759378184807,913.0,26.0,151.0,247.0,2400.0,106.0,67.0,True,True,False,,0.28045054000758973,1.184733176082326,0.5810191103241978,0.5069184023807006,0
200,33.0,20.0,6.0,2,4,False,35.840091324207,128.759578183537,740.0,261.0,42.0,116.0,2309.0,83.0,58.0,False,True,False,,-0.40786411045357196,1.34233662715534,-1.2752954024809422,-0.15926201658295794,1
200,35.0,20.0,6.0,1,3,False,35.8389809379283,128.754144629484,322.0,52.0,30.0,118.0,1807.0,63.0,222.0,True,True,False,,-1.943304679929199,-0.07240529311376893,0.4915646051785798,0.4063555531273622,3
100,30.0,29.75,6.0,3,4,False,35.8217299223371,128.757866701383,1679.0,218.0,232.0,318.0,2373.0,136.0,282.0,False,True,False,,1.9681905004323965,-0.6101059615338346,2.3560427965007147,-0.5127215496425996,1
300,37.0,27.0,6.0,4,4,False,35.8409652299403,128.755439023677,571.0,78.0,55.0,207.0,2003.0,38.0,134.0,True,True,False,,-1.2878437577400703,0.5776205517010417,-0.04347580007929002,-0.04253223019502238,3
200,35.0,26.44,6.0,1,3,False,35.83965570725316,128.75239663753862,378.0,123.0,108.0,288.0,1693.0,32.0,205.0,False,True,False,,-0.9962374625139082,-0.8107248233642801,0.4861156696814186,-0.38511794741368605,1
100,30.0,40.0,6.0,3,4,False,35.8158422896725,128.763238804796,2457.0,320.0,144.0,616.0,3144.0,273.0,121.0,False,True,False,,4.508250913843291,1.364189486034304,0.25947918044410473,0.7077896320290205,2
150,33.0,22.5,6.0,1,3,False,35.8406172765717,128.753626980724,488.0,157.0,92.0,296.0,1840.0,131.0,54.0,True,True,False,,0.057851335671765196,0.3060821352987343,-0.9421558882636358,0.9108956893064338,3
200,35.0,30.0,6.0,2,3,False,35.8405402920606,128.753542504211,478.0,149.0,93.0,292.0,1829.0,127.0,65.0,False,True,False,,-0.023366193175323968,0.2372752744819052,-0.8152154784587685,0.875906381733948,1
200,32.0,30.0,6.0,3,3,False,35.8409805199581,128.753836842393,530.0,138.0,111.0,326.0,1876.0,125.0,10.0,True,True,False,,0.2628677670939542,0.5582784921647083,-1.072356675902291,0.905846293482833,3
70,21.0,20.1,6.0,1,3,False,35.8411134757347,128.752141960586,542.0,252.0,224.0,415.0,1750.0,18.0,155.0,False,True,False,,0.57245770243909,-1.308554138644407,0.39550767414009147,-1.336956548913109,1
200,37.0,27.0,6.0,2,4,False,35.8397517838038,128.762295361595,934.0,255.0,47.0,201.0,2529.0,214.0,79.0,True,True,False,,0.9734155954089821,1.296232054611597,-0.9914824936955188,1.1761674194822114,3
200,40.0,27.0,6.0,3,4,False,35.8382540618816,128.759581754762,645.0,466.0,38.0,190.0,2247.0,37.0,208.0,True,True,False,,-0.25120405788109695,-0.2132996578600884,-1.0472403799879766,-1.7039919784116822,3
200,38.0,27.0,6.0,3,4,False,35.8407644449356,128.756654522964,605.0,167.0,62.0,119.0,2093.0,75.0,140.0,False,True,False,,-0.8902474172222132,0.575432845418805,-0.20029862484302147,0.00615613808653433,1
100,30.0,33.0,20.0,3,3,False,35.8447005467169,128.756365152493,989.0,359.0,240.0,529.0,2287.0,116.0,384.0,True,True,False,,2.2456187367526192,-2.476788061629772,2.1900100313056012,-1.4756713241842907,3
200,30.0,30.0,6.0,1,3,False,35.8385426361364,128.750969103647,304.0,252.0,87.0,285.0,1524.0,70.0,307.0,True,True,False,,-0.7514396240211739,-1.8755495668933369,0.5201419595103872,-0.4226756738793698,3
100,25.0,33.5,6.0,1,3,False,35.8163770562557,128.76256048011,2379.0,275.0,75.0,634.0,3059.0,204.0,47.0,False,True,False,,3.474470475214252,2.138872886009548,-0.7343328771752219,0.46333060852663094,2
200,37.0,33.05,6.0,2,4,False,35.8097727727191,128.759394575471,3005.0,119.0,28.0,110.0,3362.0,75.0,135.0,True,False,False,,0.8318101540553451,3.8482115921824405,1.1161406542045225,-0.6047995304545711,2
200,38.0,33.05,6.0,2,4,False,35.8105790289368,128.759584171563,2921.0,195.0,119.0,79.0,3305.0,64.0,77.0,True,False,False,,1.4883560405033813,3.5996111207151515,0.987728156364894,-1.1144010368350084,2
200,33.0,39.67,6.0,4,4,False,35.8308998462069,128.747458622594,677.0,696.0,129.0,844.0,1102.0,155.0,184.0,True,True,False,,3.07387825811417,-3.352471760240022,-2.5353677276548137,-0.7610204132555306,2
200,34.0,23.14,6.0,3,3,False,35.8379810484763,128.753082894221,191.0,145.0,37.0,110.0,1678.0,68.0,127.0,False,True,False,,-1.6367284473842216,0.11727938543234277,-0.7115876671387119,0.394796411764426,1
100,25.0,29.5,6.0,2,3,False,35.8162160278671,128.762670875616,2400.0,279.0,85.0,623.0,3078.0,215.0,65.0,True,True,False,,3.6022657861411127,2.011499323607527,-0.5073792281713029,0.5026630894984627,3
200,33.0,27.0,6.0,2,2,True,35.8397707966362,128.751369721666,411.0,214.0,188.0,362.0,1616.0,77.0,267.0,False,True,False,,0.22116880355817836,-1.986431569298686,1.1220620109730857,-0.5126618346818643,0
200,35.0,30.0,6.0,2,4,False,35.8381181814194,128.752892687269,205.0,138.0,60.0,132.0,1667.0,48.0,149.0,True,True,False,,-1.6148519891145157,-0.14189334357218064,-0.3419737765612719,0.0712886609262571,3
200,45.0,30.0,6.0,2,4,False,35.8369375397417,128.752292685289,89.0,280.0,51.0,93.0,1575.0,108.0,136.0,False,True,False,,-1.0333787051954695,-0.4468840827935312,-1.170554973831458,0.400695350972297,1
150,33.0,30.0,7.0,2,3,False,35.8378024582009,128.754433967554,221.0,172.0,14.0,72.0,1788.0,63.0,103.0,True,True,False,,-1.7438083521041494,0.5371170018000747,-1.105125341852366,0.2915954090924527,3
100,32.0,30.0,6.0,2,3,False,35.8395320698366,128.751068100556,396.0,235.0,173.0,358.0,1580.0,97.0,304.0,True,True,False,,0.2427493945158731,-2.2549627936717243,1.201275705066231,-0.35496150032436113,3
200,39.0,30.0,6.0,4,4,False,35.8407644449356,128.756654522964,605.0,167.0,62.0,119.0,2093.0,75.0,140.0,True,True,False,,-0.8902474172222132,0.575432845418805,-0.20029862484302147,0.00615613808653433,3
200,44.0,26.45,6.0,1,4,False,35.8393211364746,128.7531585693364,340.0,45.0,42.0,210.0,1740.0,39.0,204.0,False,True,False,,-1.8141885911105433,-0.1952270736430683,0.37384428798505615,0.1674043388489002,1
200,35.0,40.0,6.0,2,4,False,35.8205506016499,128.732771329117,1553.0,90.0,97.0,202.0,1405.0,196.0,151.0,False,True,False,,0.439147220781782,0.13845048871264615,0.46443034052722626,2.0196497160518185,1
200,37.0,39.67,6.0,2,4,False,35.8100857333022,128.759499275934,2973.0,155.0,64.0,86.0,3341.0,57.0,105.0,True,False,False,,0.9902984567065153,3.8192844501899,0.9980116809529951,-0.9724844902589306,2
100,27.0,39.67,6.0,3,4,False,35.826258389293,128.727637283352,869.0,187.0,87.0,179.0,1032.0,137.0,152.0,True,True,False,,-0.4357877782429025,-0.7716764787793186,-0.37565456871665337,1.2732070869248027,3
200,33.0,27.0,6.0,3,4,True,35.8400713261704,128.759110051194,704.0,268.0,78.0,75.0,2268.0,71.0,16.0,False,True,False,,-0.33250299819758244,1.4456455555813696,-1.3669005600375363,-0.30952806940203126,0
100,35.0,23.14,7.0,3,3,False,35.8378143531169,128.751506539883,210.0,247.0,37.0,197.0,1538.0,62.0,226.0,True,True,False,,-1.3356410392544444,-0.9972950508051063,-0.4489504796990515,-0.1696781719573983,3
200,45.0,26.45,6.0,2,4,False,35.8392730233987,128.750868403338,378.0,250.0,155.0,351.0,1551.0,116.0,335.0,False,True,False,,0.2210296842128116,-2.4477573050152666,1.2383905394036738,-0.17042249636937784,1
300,40.0,35.5,6.0,2,4,False,35.8185087606964,128.749765640974,1903.0,173.0,146.0,284.0,2060.0,26.0,63.0,True,False,False,,0.6469308767212851,1.2692998954438577,0.13532992853816112,-0.7320393603963239,2
100,32.0,26.45,6.0,1,3,False,35.83898822610862,128.7529352950363,302.0,68.0,31.0,209.0,1706.0,48.0,234.0,False,True,False,,-1.8358792616395487,-0.4496280504998731,0.410350019531167,0.18808993104570573,1
300,34.9,25.0,6.0,4,4,True,35.8451082000229,128.708088842982,553.0,121.0,39.0,516.0,708.0,233.0,450.0,False,False,False,,-0.09861594792319503,-3.5771840601191123,1.4066604847856519,2.3180761722227152,0
100,33.0,26.45,6.0,3,4,False,35.8381491845981,128.751502171386,241.0,226.0,24.0,220.0,1551.0,49.0,243.0,False,True,False,,-1.5116419779254484,-0.9999349947757451,-0.3199463095385521,-0.25915317783854674,1
200,40.0,28.0,6.0,3,4,False,35.8382540618816,128.759581754762,645.0,466.0,38.0,190.0,2247.0,37.0,208.0,False,True,False,,-0.25120405788109695,-0.2132996578600884,-1.0472403799879766,-1.7039919784116822,1
200,38.0,30.0,6.0,3,4,False,35.8403106927139,128.756558414277,559.0,194.0,32.0,83.0,2065.0,90.0,139.0,True,True,False,,-1.0382062177831826,0.6590527356675864,-0.5487898589537243,0.20877663616168682,3
100,27.0,29.8,6.0,2,4,False,35.838700492565,128.760134442261,709.0,418.0,108.0,209.0,2309.0,37.0,184.0,True,True,False,,0.22299855937353627,-0.21855017798715565,-0.48346927866732836,-1.7425389447989283,3
200,35.0,34.0,6.0,3,4,False,35.8225724727927,128.75737399092,1577.0,245.0,183.0,319.0,2286.0,128.0,311.0,True,True,False,,1.5251516224921997,-0.7755633895390414,2.039713376222334,-0.5547546631776105,3
200,39.0,30.0,6.0,3,4,False,35.8386709827854,128.757465920057,493.0,273.0,99.0,84.0,2078.0,116.0,190.0,True,True,False,,-0.2732346203181662,-0.1897456514184848,0.014079591342031775,-0.07876369353071462,3
150,35.0,26.45,7.0,2,3,False,35.839872435213685,128.75211809134353,405.0,156.0,139.0,322.0,1681.0,46.0,206.0,False,True,False,,-0.4954310155602667,-1.090435054827929,0.5631013821345915,-0.434625243888507,1
150,34.0,23.14,7.0,3,3,False,35.8400571031729,128.752937790713,420.0,114.0,87.0,279.0,1757.0,98.0,140.0,False,True,False,,-0.5724087399183351,-0.22166472797164513,-0.13427306570608308,0.5791973556252948,1
200,30.0,26.45,6.0,4,4,False,35.8379224373462,128.754239954949,221.0,153.0,1.0,80.0,1775.0,67.0,110.0,False,True,False,,-1.850629148887501,0.557305562801884,-1.0798115623105438,0.4384208474840979,1
300,45.0,35.5,6.0,2,4,False,35.839341310672,128.761515804316,852.0,335.0,119.0,243.0,2448.0,180.0,157.0,True,False,False,,1.3612893473156338,0.119387284700608,-0.23563594482060127,0.1594236839837311,2
200,36.0,33.05,6.0,3,4,False,35.8324896973947,128.745983763936,478.0,547.0,10.0,818.0,946.0,232.0,168.0,True,True,False,,2.157343931019246,-2.7355249577032343,-3.0770324760543364,1.1881713186643317,2
200,35.0,39.67,6.0,2,4,False,35.8324376444102,128.745646661195,453.0,516.0,22.0,846.0,916.0,212.0,172.0,True,True,False,,2.041405580194471,-2.838299388860989,-2.864292817287769,1.03156941215391,2
200,42.0,26.44,6.0,1,3,False,35.8405578751805,128.753294767857,478.0,154.0,113.0,305.0,1811.0,106.0,76.0,False,True,False,,-0.015590862767985323,0.040182424999150326,-0.6079175360790153,0.5362811019763266,1
100,26.0,19.83,7.0,1,3,False,35.8396364764127,128.755997171813,469.0,134.0,59.0,113.0,1989.0,31.0,203.0,False,True,False,,-1.5517973565640943,0.09094207671879151,0.3532648680672021,-0.4389878458996045,1
100,28.0,33.06,6.0,2,4,False,35.8119435188157,128.759860878584,2778.0,168.0,25.0,88.0,3209.0,30.0,152.0,True,True,False,,0.33692481641237854,3.421409543835799,0.9135936417680813,-1.223543662011455,3
100,35.0,26.44,6.0,1,3,False,35.8389043000342,128.753036258949,293.0,64.0,22.0,197.0,1711.0,42.0,223.0,False,True,False,,-1.9711014584935285,-0.3033899783779603,0.27998563399594406,0.18074512411715019,1
200,43.0,30.0,6.0,1,3,False,35.8395789669603,128.752004950788,375.0,153.0,132.0,312.0,1658.0,18.0,235.0,True,True,False,,-0.8440576381800112,-1.2421496058330646,0.7551977069242695,-0.7732041803091627,3
100,32.0,26.44,6.0,2,4,False,35.84095602720419,128.75690078594087,635.0,175.0,79.0,132.0,2122.0,63.0,130.0,True,True,False,,-0.7611107540797499,0.5850411733031318,-0.17211365211679855,-0.21909178354740605,3
200,44.0,30.0,6.0,2,4,False,35.8385243350289,128.757628464728,497.0,292.0,109.0,93.0,2087.0,137.0,202.0,False,True,False,,0.014641086519142262,-0.3721712554290021,0.09950718823060421,0.038493812489878425,1
100,35.0,23.14,7.0,3,3,False,35.8393289124989,128.752541949718,341.0,100.0,80.0,258.0,1689.0,39.0,227.0,False,True,False,,-1.3295432363239132,-0.7624116405311129,0.5582026806773918,-0.16857590737697228,1
100,32.0,26.45,6.0,3,3,False,35.8405054370424,128.752954629771,470.0,157.0,128.0,317.0,1781.0,83.0,103.0,False,True,False,,-0.09462195142033958,-0.24798321020647562,-0.30585181888705876,0.17157721282993396,1
300,45.0,26.45,6.0,2,3,False,35.8394648949215,128.753344636342,357.0,39.0,21.0,207.0,1761.0,46.0,184.0,True,True,False,,-1.882574920029592,0.07671901803715818,0.09290074153253877,0.36115668966195746,3
200,35.0,23.14,6.0,3,4,False,35.839893399373,128.756267557576,506.0,166.0,70.0,88.0,2022.0,56.0,171.0,False,True,False,,-1.1927784982690621,0.26697848447738304,0.0832087823560255,-0.24260973273505532,1
100,30.0,23.14,6.0,2,3,False,35.8396437468102,128.755117290019,426.0,60.0,81.0,159.0,1916.0,52.0,195.0,False,True,False,,-1.4019132790912079,-0.02574103078715374,0.6723471524767911,0.061522450212784074,1
