보증금,월세,전용면적,노후도,해당층,전체층,엘리베이터,위도,경도,지하철역_거리(m),세탁소_거리(m),카페_거리(m),약국_거리(m),대형마트_거리(m),편의점_거리(m),버스정류장_거리(m),남향,풀옵션,is_outlier,outlier_reason
100,35.0,38.0,6.0,2,3,False,35.8389804903939,128.751216554929,335.0,220.0,111.0,306.0,1565.0,98.0,321.0,True,True,False,None
200,35.0,27.0,6.0,2,4,False,35.8392217870554,128.759495008596,682.0,446.0,130.0,140.0,2270.0,39.0,105.0,False,True,False,None
300,37.0,27.0,6.0,2,4,False,35.8396556699783,128.759237105316,687.0,424.0,99.0,104.0,2264.0,26.0,51.0,False,True,False,None
300,50.0,30.0,6.0,3,4,True,35.8398019543371,128.755877866084,477.0,129.0,64.0,123.0,1986.0,20.0,208.0,False,True,True,월세_high
100,32.0,29.75,6.0,2,4,False,35.8226851105192,128.757263283958,1563.0,249.0,176.0,318.0,2271.0,130.0,315.0,False,True,False,None
100,30.0,33.06,6.0,4,4,False,35.823190757478,128.754708653194,1465.0,173.0,118.0,252.0,2045.0,111.0,252.0,True,True,False,None
200,35.0,49.59,6.0,3,4,False,35.8160530759713,128.763072091114,2430.0,309.0,123.0,627.0,3118.0,254.0,93.0,True,False,True,전용면적_high
200,37.0,39.67,6.0,3,4,False,35.8324453027471,128.745888619883,472.0,538.0,1.0,828.0,937.0,228.0,172.0,True,True,False,None
200,42.0,40.0,6.0,4,4,False,35.8382278221322,128.757877784884,502.0,325.0,122.0,122.0,2099.0,174.0,224.0,False,True,False,None
500,53.0,16.82,6.0,12,15,True,35.8352108505406,128.732792562365,420.0,389.0,85.0,222.0,348.0,137.0,98.0,False,False,True,월세_high 보증금_high
100,30.0,33.05,6.0,2,3,False,35.8405315896811,128.754089246444,486.0,137.0,57.0,272.0,1873.0,154.0,63.0,True,True,False,None
50,22.0,26.44,6.0,2,3,False,35.8442644772357,128.750853512402,906.0,351.0,210.0,760.0,1867.0,104.0,190.0,False,True,False,None
100,27.0,26.45,6.0,3,4,False,35.84308389377051,128.7639511735884,1254.0,327.0,76.0,140.0,2799.0,116.0,143.0,True,True,False,None
300,39.0,36.36,6.0,2,4,False,35.8430837825354,128.763952609876,1254.0,327.0,76.0,140.0,2799.0,116.0,143.0,False,True,False,None
100,25.0,24.0,6.0,3,4,False,35.8381340814356,128.766174085256,1218.0,259.0,27.0,384.0,2823.0,60.0,76.0,False,False,False,None
300,50.0,30.0,6.0,1,3,False,35.8388823282042,128.754016849471,308.0,49.0,26.0,119.0,1792.0,54.0,210.0,False,True,True,월세_high
300,50.0,36.36,6.0,1,3,False,35.8388823282042,128.754016849471,308.0,49.0,26.0,119.0,1792.0,54.0,210.0,True,True,True,월세_high
200,38.0,33.05,6.0,1,3,False,35.8393039567623,128.752924536221,337.0,65.0,55.0,226.0,1720.0,55.0,213.0,True,True,False,None
100,21.0,26.44,6.0,1,3,False,35.84473063408803,128.75709915740967,1015.0,379.0,217.0,515.0,2343.0,54.0,327.0,False,False,False,None
100,28.0,26.45,6.0,2,3,False,35.8404827915643,128.753184990027,469.0,148.0,118.0,303.0,1798.0,101.0,89.0,False,True,False,None
150,33.0,26.45,6.0,1,3,False,35.8406172765709,128.753626980724,488.0,157.0,92.0,296.0,1840.0,131.0,54.0,True,True,False,None
200,38.0,29.75,8.0,4,4,False,35.8407644449356,128.756654522964,605.0,167.0,62.0,119.0,2093.0,75.0,140.0,True,True,False,None
100,32.0,26.45,6.0,3,3,False,35.838725063147,128.753598381379,280.0,53.0,40.0,142.0,1751.0,40.0,193.0,False,True,False,None
200,25.0,33.05,6.0,2,3,False,35.8323153741313,128.708146527995,836.0,177.0,29.0,52.0,900.0,31.0,103.0,False,False,False,None
500,45.0,49.56,6.0,4,4,False,35.8175755764869,128.759078078945,2154.0,240.0,67.0,532.0,2730.0,139.0,43.0,True,False,True,보증금_high 전용면적_high
100,28.0,33.1,6.0,2,3,False,35.8432223277009,128.754651964021,789.0,183.0,167.0,446.0,2067.0,183.0,240.0,True,False,False,None
200,36.0,40.0,6.0,1,3,False,35.8212772994092,128.752214219578,1669.0,149.0,34.0,152.0,1991.0,105.0,48.0,True,True,False,None
200,37.0,23.14,6.0,2,4,False,35.8380704794718,128.756572093403,390.0,232.0,36.0,138.0,1981.0,125.0,250.0,False,True,False,None
100,30.0,33.1,6.0,2,4,False,35.8445874850553,128.751567502792,931.0,420.0,270.0,738.0,1939.0,177.0,253.0,True,False,False,None
100,30.0,24.0,6.0,2,3,False,35.8398638423636,128.75126740603,424.0,226.0,202.0,375.0,1613.0,90.0,269.0,False,True,False,None
200,40.0,40.0,6.0,3,4,False,35.8414392637129,128.762618341819,1051.0,254.0,115.0,75.0,2618.0,56.0,88.0,True,True,False,None
200,47.0,40.0,6.0,3,4,False,35.8386709827854,128.757465920057,493.0,273.0,99.0,84.0,2078.0,116.0,190.0,True,True,False,None
100,29.0,27.0,6.0,3,4,False,35.8377213457097,128.757911649358,483.0,353.0,124.0,178.0,2087.0,191.0,275.0,False,True,False,None
100,28.0,23.14,6.0,2,3,False,35.840482791565,128.753184990027,469.0,148.0,118.0,303.0,1798.0,101.0,89.0,False,True,False,None
100,32.0,23.14,6.0,2,3,False,35.8389804903939,128.751216554929,335.0,220.0,111.0,306.0,1565.0,98.0,321.0,True,True,False,None
100,28.0,34.0,6.0,3,3,False,35.8215002216791,128.75540124409,1659.0,81.0,42.0,105.0,2202.0,65.0,124.0,True,True,False,None
100,30.0,40.0,6.0,4,4,False,35.8222623889361,128.755895020969,1582.0,161.0,46.0,195.0,2191.0,41.0,216.0,True,True,False,None
200,30.0,30.0,6.0,2,4,False,35.8202504558958,128.756516987891,1812.0,95.0,98.0,199.0,2365.0,170.0,99.0,True,True,False,None
100,28.0,30.0,6.0,1,3,False,35.8215678379678,128.755244844025,1650.0,94.0,27.0,99.0,2186.0,56.0,130.0,True,True,False,None
100,28.0,34.0,6.0,1,3,False,35.8210304603124,128.755864120309,1717.0,26.0,74.0,126.0,2266.0,94.0,92.0,True,True,False,None
200,35.0,28.5,6.0,2,4,False,35.8396585497473,128.756435134109,495.0,173.0,54.0,74.0,2027.0,54.0,166.0,False,True,False,None
100,25.0,30.0,6.0,1,3,False,35.8206883606528,128.756630863438,1766.0,83.0,128.0,197.0,2344.0,123.0,133.0,True,True,False,None
100,25.0,30.0,6.0,3,4,False,35.8215617430773,128.757277242412,1684.0,162.0,188.0,262.0,2338.0,86.0,228.0,True,True,False,None
100,30.0,33.06,6.0,2,3,False,35.8211290753466,128.755639916012,1703.0,35.0,68.0,107.0,2243.0,84.0,90.0,True,True,False,None
100,27.0,30.0,6.0,3,4,False,35.8206483628293,128.755563274142,1755.0,24.0,32.0,103.0,2270.0,103.0,43.0,True,True,False,None
200,37.0,30.0,6.0,3,4,False,35.8200187284765,128.756359970055,1835.0,106.0,71.0,198.0,2369.0,195.0,80.0,True,True,False,None
100,25.0,29.75,6.0,4,4,False,35.8215617430766,128.757277242413,1684.0,162.0,188.0,262.0,2338.0,86.0,228.0,False,True,False,None
100,28.0,29.75,6.0,1,3,False,35.8215678379671,128.755244844025,1650.0,94.0,27.0,99.0,2186.0,56.0,130.0,True,True,False,None
4500,5.0,30.0,6.0,1,3,True,35.8233251312041,128.754417512895,1447.0,159.0,137.0,266.0,2015.0,139.0,242.0,True,True,True,월세_low 보증금_high
4000,3.0,33.06,6.0,1,3,False,35.8216829867977,128.757699478556,1680.0,202.0,219.0,303.0,2363.0,122.0,267.0,True,True,True,월세_low 보증금_high
100,30.0,33.06,6.0,1,3,False,35.8210304603124,128.755864120309,1717.0,26.0,74.0,126.0,2266.0,94.0,92.0,True,True,False,None
100,25.0,29.75,6.0,1,3,False,35.8206883606521,128.756630863439,1766.0,83.0,128.0,197.0,2344.0,123.0,133.0,True,True,False,None
4500,5.0,26.4,6.0,1,3,False,35.8233248697366,128.754404561486,1447.0,158.0,138.0,266.0,2014.0,140.0,241.0,True,True,True,월세_low 보증금_high
100,30.0,33.06,6.0,3,3,False,35.82112807638053,128.7556404472357,1703.0,35.0,68.0,107.0,2243.0,84.0,90.0,True,True,False,None
200,45.0,49.59,6.0,2,4,False,35.8220893156447,128.756651117044,1614.0,164.0,116.0,235.0,2259.0,44.0,229.0,False,True,True,전용면적_high
200,40.0,29.7,6.0,3,4,False,35.8236163187539,128.75383494861,1411.0,149.0,187.0,304.0,1953.0,200.0,235.0,False,True,False,None
200,30.0,29.75,6.0,2,4,False,35.82024300647532,128.7565149428241,1813.0,96.0,98.0,200.0,2365.0,171.0,99.0,True,True,False,None
100,30.0,29.75,6.0,2,3,False,35.8216829867977,128.757699478556,1680.0,202.0,219.0,303.0,2363.0,122.0,267.0,False,True,False,None
200,35.0,26.44,6.0,2,3,False,35.83862215248308,128.75430837434982,292.0,85.0,65.0,80.0,1807.0,91.0,186.0,False,True,False,None
100,30.0,23.14,7.0,1,3,False,35.8397815652299,128.7522565321,393.0,140.0,124.0,306.0,1688.0,38.0,203.0,True,True,False,None
100,30.0,23.14,6.0,4,4,False,35.8394972694711,128.756193307235,468.0,149.0,38.0,100.0,2000.0,38.0,194.0,True,True,False,None
100,30.0,26.45,6.0,2,4,False,35.841308593750014,128.75582885742233,620.0,71.0,85.0,210.0,2052.0,49.0,169.0,False,True,False,None
70,25.0,23.14,6.0,2,3,False,35.84035080031026,128.75515212652513,498.0,123.0,25.0,198.0,1951.0,83.0,139.0,False,False,False,None
200,35.0,23.14,7.0,3,3,False,35.83932495117189,128.75253295898483,340.0,101.0,80.0,258.0,1688.0,39.0,228.0,True,True,False,None
100,32.0,23.14,6.0,4,4,False,35.8394972694718,128.756193307234,468.0,149.0,38.0,100.0,2000.0,38.0,194.0,False,True,False,None
150,33.0,23.14,6.0,4,4,False,35.83908753303081,128.75477457810248,357.0,36.0,83.0,100.0,1864.0,109.0,235.0,True,True,False,None
300,40.0,26.45,6.0,3,5,True,35.841507849885105,128.7583561188615,764.0,290.0,92.0,145.0,2267.0,36.0,60.0,True,True,False,None
200,35.0,23.14,6.0,3,4,False,35.8401738381707,128.756716863726,556.0,215.0,19.0,63.0,2072.0,102.0,125.0,True,True,False,None
200,35.0,23.14,6.0,2,4,False,35.839650927618,128.75642024702,494.0,171.0,53.0,76.0,2025.0,53.0,168.0,False,True,False,None
200,38.0,26.45,6.0,2,4,False,35.838730296104,128.755171531912,343.0,89.0,34.0,58.0,1884.0,117.0,222.0,True,True,False,None
200,42.0,23.14,6.0,2,4,False,35.8391053339625,128.754777404951,359.0,35.0,85.0,102.0,1865.0,107.0,233.0,True,True,False,None
150,32.0,26.45,7.0,2,3,False,35.8397815652292,128.7522565321,393.0,140.0,124.0,306.0,1688.0,38.0,203.0,False,False,False,None
100,32.0,34.0,6.0,3,4,False,35.8226851105199,128.757263283958,1563.0,249.0,176.0,318.0,2271.0,130.0,315.0,True,True,False,None
100,32.0,34.0,6.0,4,4,False,35.8226851105199,128.757263283958,1563.0,249.0,176.0,318.0,2271.0,130.0,315.0,True,True,False,None
100,33.0,30.0,6.0,1,3,False,35.8212893435649,128.756228640919,1694.0,69.0,118.0,163.0,2276.0,55.0,136.0,True,True,False,None
100,30.0,30.0,6.0,1,3,False,35.8212893435649,128.756228640919,1694.0,69.0,118.0,163.0,2276.0,55.0,136.0,True,True,False,None
200,35.0,50.0,6.0,3,3,False,35.8217859014161,128.757655941286,1668.0,204.0,212.0,302.0,2353.0,117.0,270.0,True,True,True,전용면적_high
200,35.0,50.0,6.0,2,3,False,35.8217859014161,128.757655941286,1668.0,204.0,212.0,302.0,2353.0,117.0,270.0,True,True,True,전용면적_high
100,27.0,25.5,6.0,4,4,False,35.8261563251768,128.735757294513,1005.0,101.0,139.0,90.0,760.0,227.0,87.0,True,False,False,None
500,45.0,35.5,6.0,2,4,False,35.8145573028903,128.753895858032,2417.0,241.0,65.0,233.0,2636.0,112.0,97.0,True,False,True,보증금_high
2500,5.0,30.0,6.0,3,3,False,35.82107541791,128.755414459848,1706.0,40.0,53.0,86.0,2230.0,66.0,78.0,True,True,True,월세_low 보증금_high
200,35.0,40.0,6.0,2,4,False,35.8220226163625,128.757742927794,1645.0,226.0,215.0,319.0,2346.0,128.0,292.0,True,True,False,None
200,45.0,50.0,6.0,3,4,False,35.8215617430766,128.757277242413,1684.0,162.0,188.0,262.0,2338.0,86.0,228.0,True,True,True,전용면적_high
150,35.0,29.75,26.0,1,3,False,35.8388113370622,128.754342753277,312.0,64.0,54.0,92.0,1817.0,85.0,207.0,True,True,False,None
150,32.0,29.75,27.0,1,3,False,35.8399191547018,128.75240564293,407.0,137.0,117.0,304.0,1707.0,57.0,183.0,True,True,False,None
150,30.0,29.75,27.0,1,3,False,35.8399191547018,128.75240564293,407.0,137.0,117.0,304.0,1707.0,57.0,183.0,False,True,False,None
100,31.0,33.05,27.0,1,3,False,35.8396372080349,128.75314579383,375.0,65.0,43.0,233.0,1753.0,70.0,172.0,True,True,False,None
200,36.0,29.75,11.0,2,3,False,35.8382692602157,128.75026854551,322.0,321.0,130.0,318.0,1454.0,18.0,348.0,True,True,False,None
100,24.0,30.0,6.0,3,3,False,35.8209350246449,128.756986596002,1746.0,114.0,163.0,227.0,2355.0,109.0,172.0,True,True,False,None
150,32.0,36.36,6.0,3,4,False,35.8412567991202,128.764698356347,1202.0,113.0,53.0,52.0,2787.0,70.0,83.0,True,True,False,None
150,35.0,33.05,19.0,1,3,False,35.83736659372098,128.7514255364471,177.0,286.0,35.0,181.0,1515.0,104.0,218.0,True,True,False,None
150,32.0,20.0,6.0,3,3,False,35.8429280801082,128.755610114606,780.0,151.0,76.0,377.0,2122.0,140.0,248.0,True,True,False,None
100,27.0,27.0,6.0,3,4,False,35.8234871028861,128.753871606094,1425.0,139.0,173.0,289.0,1964.0,188.0,225.0,True,True,False,None
50,15.0,23.14,6.0,2,3,False,35.842727222319,128.754555173491,733.0,133.0,159.0,405.0,2030.0,133.0,184.0,False,True,True,월세_low
100,20.0,26.45,6.0,4,4,False,35.8383906317526,128.764628660042,1087.0,213.0,117.0,311.0,2693.0,105.0,27.0,True,True,False,None
300,42.0,46.28,6.0,4,4,True,35.8295797419104,128.739537499822,522.0,158.0,145.0,323.0,525.0,187.0,195.0,True,True,True,전용면적_high
100,26.0,40.0,6.0,2,4,False,35.826258389293,128.727637283352,869.0,431.0,87.0,179.0,1032.0,137.0,152.0,True,False,False,None
200,40.0,49.59,6.0,3,4,False,35.8152659054432,128.72782200727,2089.0,27.0,248.0,481.0,2089.0,128.0,56.0,False,False,True,전용면적_high
200,37.0,39.67,6.0,2,4,False,35.8097727727184,128.759394575472,3005.0,119.0,28.0,110.0,3362.0,75.0,135.0,True,True,False,None
200,37.0,39.67,6.0,2,4,False,35.8146785529927,128.753589965468,2403.0,215.0,86.0,260.0,2608.0,110.0,94.0,False,False,False,None
200,43.0,23.14,6.0,4,4,False,35.836833084903,128.751867313671,109.0,308.0,26.0,131.0,1535.0,146.0,175.0,True,True,False,None
200,37.0,26.45,6.0,2,4,False,35.837686182582,128.75208339349,172.0,219.0,53.0,147.0,1583.0,52.0,173.0,True,True,False,None
200,37.0,30.0,6.0,2,4,False,35.8372434676927,128.752385623607,116.0,246.0,32.0,96.0,1593.0,105.0,130.0,True,True,False,None
100,35.0,26.45,6.0,1,3,False,35.838167907989295,128.75085440468092,277.0,276.0,81.0,268.0,1498.0,43.0,296.0,True,True,False,None
200,33.0,23.14,6.0,3,4,False,35.8400589135422,128.756077977503,511.0,158.0,62.0,108.0,2014.0,51.0,184.0,True,True,False,None
200,35.0,39.67,6.0,3,3,False,35.8217877144126,128.757655206755,1668.0,204.0,212.0,302.0,2353.0,117.0,270.0,True,True,False,None
300,40.0,36.3,6.0,3,4,False,35.8217132856433,128.758129225336,1688.0,238.0,255.0,341.0,2394.0,160.0,302.0,False,True,False,None
100,28.0,25.5,6.0,2,3,False,35.840482791565,128.753184990027,469.0,148.0,118.0,303.0,1798.0,101.0,89.0,True,False,False,None
150,28.0,33.06,6.0,3,3,False,35.8416575081029,128.751534717912,610.0,325.0,166.0,497.0,1736.0,70.0,177.0,False,True,False,None
100,28.0,29.75,6.0,1,3,False,35.8428437694685,128.754380220341,743.0,152.0,177.0,425.0,2023.0,152.0,193.0,True,True,False,None
200,35.0,26.45,6.0,2,3,False,35.8388276039833,128.754715952571,329.0,61.0,63.0,74.0,1849.0,117.0,219.0,False,True,False,None
200,35.0,20.0,6.0,3,4,False,35.8398100288197,128.762434433632,949.0,241.0,39.0,198.0,2543.0,202.0,68.0,True,True,False,None
100,30.0,23.14,6.0,3,3,False,35.8378354646324,128.758334037256,523.0,381.0,84.0,169.0,2127.0,152.0,252.0,True,True,False,None
100,25.0,26.45,6.0,3,3,False,35.843480016794935,128.74745172266725,938.0,65.0,108.0,901.0,1587.0,39.0,48.0,False,True,False,None
50,16.0,19.83,7.0,2,3,False,35.838226349924,128.75064697051,294.0,291.0,101.0,287.0,1483.0,27.0,315.0,False,False,True,월세_low
200,35.0,20.0,6.0,1,3,False,35.8391617112148,128.752736367882,321.0,81.0,55.0,233.0,1698.0,63.0,235.0,False,True,False,None
200,35.0,20.0,6.0,1,3,False,35.8394751077968,128.752725003588,356.0,88.0,77.0,252.0,1711.0,53.0,204.0,False,True,False,None
200,33.0,26.45,6.0,3,3,False,35.8389809379276,128.754144629484,322.0,52.0,30.0,118.0,1807.0,63.0,222.0,False,True,False,None
150,32.0,26.45,6.0,2,4,False,35.8386689234398,128.758481141697,573.0,362.0,94.0,87.0,2165.0,104.0,159.0,True,True,False,None
200,35.0,26.45,6.0,3,3,False,35.8394776528494,128.753581859678,362.0,31.0,0.0,193.0,1782.0,48.0,179.0,False,True,False,None
200,38.0,26.45,6.0,3,3,False,35.8373442163169,128.75145846562,173.0,285.0,38.0,177.0,1517.0,105.0,215.0,False,True,False,None
200,38.0,26.45,6.0,1,3,False,35.8385084277393,128.754524549135,290.0,94.0,61.0,57.0,1821.0,114.0,180.0,True,True,False,None
150,36.0,29.75,11.0,3,3,False,35.8388276039833,128.754715952571,329.0,61.0,63.0,74.0,1849.0,117.0,219.0,True,True,False,None
200,35.0,29.75,13.0,4,4,False,35.8387171285435,128.75527715104,348.0,97.0,34.0,59.0,1892.0,109.0,224.0,True,True,False,None
100,30.0,29.75,26.0,2,3,False,35.8412074083334,128.752399014115,550.0,249.0,220.0,409.0,1776.0,30.0,132.0,True,True,False,None
100,27.0,29.75,7.134969325153374,2,3,False,35.8411683218776,128.752002061001,549.0,264.0,232.0,428.0,1743.0,31.0,168.0,True,True,False,None
300,45.0,49.59,6.0,3,4,True,35.8242038431006,128.73590121272,1195.0,139.0,73.0,62.0,978.0,99.0,78.0,True,False,True,전용면적_high
200,35.0,20.0,6.0,3,3,False,35.8399592628338,128.753424133811,413.0,86.0,56.0,243.0,1791.0,100.0,129.0,False,True,False,None
100,25.0,26.44,11.0,1,4,False,35.8405656533684,128.756210997979,565.0,152.0,41.0,126.0,2047.0,47.0,173.0,True,True,False,None
200,32.0,33.06,24.0,2,3,False,35.8435981662031,128.74944458189,870.0,225.0,73.0,783.0,1723.0,45.0,110.0,True,True,False,None
100,30.0,29.75,6.0,1,3,False,35.8212824087436,128.756228377476,1695.0,68.0,117.0,163.0,2277.0,56.0,135.0,True,True,False,None
70,25.0,33.0,6.0,3,3,False,35.8432845895802,128.750254028479,814.0,304.0,89.0,710.0,1754.0,58.0,68.0,False,False,False,None
70,22.0,33.0,6.0,3,3,False,35.8434848130169,128.749400699576,860.0,224.0,71.0,776.0,1712.0,54.0,101.0,False,False,False,None
100,35.0,33.05,6.0,3,3,False,35.84066010522546,128.75519878373206,531.0,108.0,52.0,207.0,1969.0,62.0,124.0,True,False,False,None
100,30.0,30.0,6.0,2,3,False,35.8214473669905,128.75585482681,1671.0,71.0,81.0,137.0,2239.0,58.0,131.0,True,True,False,None
60,21.0,20.0,7.0,2,3,False,35.8394036377066,128.759574723052,698.0,453.0,111.0,146.0,2283.0,39.0,92.0,False,True,False,None
100,23.0,33.06,17.0,3,4,False,35.8406102004132,128.765517046792,1239.0,56.0,94.0,141.0,2834.0,65.0,125.0,True,False,False,None
200,45.0,50.0,6.0,4,4,False,35.8220003120346,128.756747850547,1626.0,160.0,127.0,237.0,2271.0,43.0,226.0,True,True,True,전용면적_high
200,45.0,50.0,6.0,4,4,False,35.8220032884988,128.756741498756,1625.0,160.0,126.0,236.0,2271.0,43.0,226.0,True,True,True,전용면적_high
200,40.0,50.0,6.0,2,4,False,35.8224607526897,128.756312540823,1568.0,190.0,87.0,237.0,2211.0,75.0,250.0,True,True,True,전용면적_high
200,40.0,50.0,6.0,3,4,False,35.8224607526897,128.756312540823,1568.0,190.0,87.0,237.0,2211.0,75.0,250.0,True,True,True,전용면적_high
200,30.0,33.06,6.0,2,4,False,35.8192741435723,128.748901406687,1794.0,159.0,73.0,390.0,1945.0,151.0,34.0,True,False,False,None
300,50.0,49.59,6.0,3,4,True,35.8457696130084,128.759199834914,1200.0,158.0,6.0,504.0,2565.0,202.0,245.0,True,False,True,월세_high 전용면적_high
200,33.0,20.0,6.0,3,4,False,35.840091324207,128.759578183537,740.0,435.0,42.0,116.0,2309.0,83.0,58.0,True,True,False,None
500,40.0,49.59,6.0,3,4,False,35.8173771794116,128.755551199092,2116.0,191.0,99.0,216.0,2506.0,138.0,190.0,True,True,True,보증금_high 전용면적_high
300,40.0,49.56,6.0,3,4,False,35.8173771794116,128.755551199092,2116.0,191.0,99.0,216.0,2506.0,138.0,190.0,True,False,True,전용면적_high
70,26.0,29.8,18.0,3,3,False,35.8430521238295,128.751043891861,771.0,379.0,111.0,648.0,1792.0,95.0,103.0,True,True,False,None
200,35.0,29.75,6.0,2,3,False,35.8216829867977,128.757699478556,1680.0,202.0,219.0,303.0,2363.0,122.0,267.0,True,True,False,None
100,35.0,45.0,6.0,2,3,False,35.8410914635926,128.752310471508,538.0,242.0,213.0,404.0,1762.0,15.0,140.0,True,True,False,None
70,24.0,25.0,6.0,1,3,False,35.8414502710287,128.750871773602,602.0,353.0,140.0,521.0,1674.0,88.0,153.0,True,True,False,None
100,33.0,40.0,6.0,2,3,False,35.8441644711397,128.751779439735,882.0,414.0,243.0,691.0,1922.0,175.0,229.0,True,False,False,None
100,28.0,39.67,6.0,3,4,False,35.8209179957395,128.755500503311,1724.0,23.0,42.0,93.0,2247.0,80.0,64.0,True,True,False,None
70,24.0,29.8,6.0,2,4,False,35.8441644711397,128.751779439735,882.0,414.0,243.0,691.0,1922.0,175.0,229.0,True,True,False,None
100,30.0,26.45,6.0,3,4,False,35.831214370779,128.747506021287,663.0,694.0,117.0,814.0,1099.0,138.0,193.0,False,True,False,None
100,30.0,23.14,6.0,4,4,False,35.838713082922176,128.75153482277014,296.0,197.0,73.0,265.0,1578.0,77.0,279.0,True,True,False,None
100,27.0,26.45,6.0,2,4,False,35.8313621998425,128.747577318116,661.0,697.0,112.0,798.0,1103.0,128.0,195.0,False,True,False,None
200,36.0,26.45,6.0,3,3,False,35.8393880693448,128.752823133119,346.0,76.0,68.0,239.0,1715.0,62.0,209.0,False,True,False,None
70,23.0,23.14,7.0,2,3,False,35.8376689792033,128.751372092862,205.0,266.0,52.0,199.0,1522.0,81.0,231.0,False,True,False,None
100,36.0,33.06,6.0,3,3,False,35.8383798984346,128.754983091078,302.0,115.0,20.0,19.0,1855.0,144.0,179.0,True,True,False,None
100,20.0,26.45,6.0,2,4,False,35.8390930943176,128.764834682173,1124.0,133.0,109.0,238.0,2729.0,41.0,91.0,False,False,False,None
100,35.0,39.67,6.0,3,3,False,35.8216305867655,128.755797898009,1650.0,90.0,70.0,142.0,2223.0,53.0,147.0,True,True,False,None
150,33.0,26.45,7.0,3,3,False,35.839797029903,128.752944572847,391.0,91.0,67.0,259.0,1744.0,82.0,164.0,True,True,False,None
100,26.0,25.5,7.0,3,3,False,35.8399842780487,128.752821423436,412.0,114.0,89.0,281.0,1744.0,85.0,152.0,True,True,False,None
200,32.0,25.5,6.0,2,4,False,35.8391162251672,128.751771111457,331.0,169.0,116.0,282.0,1616.0,50.0,287.0,True,False,False,None
100,33.0,29.75,14.0,2,3,False,35.8396355519947,128.750626812708,424.0,276.0,201.0,394.0,1550.0,138.0,332.0,True,True,False,None
200,45.0,33.05,26.0,3,3,False,35.8393226755748,128.753160894204,340.0,45.0,39.0,210.0,1740.0,39.0,204.0,False,True,False,None
200,45.0,33.05,26.0,2,3,False,35.8393226755748,128.753160894204,340.0,45.0,39.0,210.0,1740.0,39.0,204.0,True,True,False,None
100,27.0,25.5,7.0,1,3,False,35.8392456786841,128.752638724298,331.0,90.0,68.0,245.0,1693.0,51.0,230.0,True,True,False,None
100,20.0,26.45,7.0,2,3,False,35.831872838068,128.748223587929,644.0,750.0,65.0,717.0,1153.0,77.0,191.0,True,True,False,None
500,55.0,50.5,6.0,4,4,False,35.8400068316197,128.756577056597,533.0,196.0,40.0,64.0,2053.0,87.0,141.0,True,True,True,월세_high 보증금_high 전용면적_high
100,30.0,30.0,6.0,3,4,False,35.8224607526897,128.756312540823,1568.0,190.0,87.0,237.0,2211.0,75.0,250.0,True,True,False,None
100,23.0,30.0,6.0,1,3,False,35.8217859014161,128.757655941286,1668.0,204.0,212.0,302.0,2353.0,117.0,270.0,True,True,False,None
200,30.0,21.0,6.0,2,4,False,35.8406539372605,128.756508656574,588.0,164.0,58.0,115.0,2076.0,65.0,149.0,False,True,False,None
200,35.0,25.0,6.0,1,3,False,35.840366392,128.754282048211,473.0,115.0,33.0,249.0,1880.0,144.0,87.0,False,True,False,None
200,35.0,20.0,6.0,2,4,False,35.8396585497473,128.756435134109,495.0,173.0,54.0,74.0,2027.0,54.0,166.0,False,True,False,None
200,38.0,27.0,6.0,4,4,False,35.8407644449356,128.756654522964,605.0,167.0,62.0,119.0,2093.0,75.0,140.0,True,True,False,None
400,50.0,27.0,6.0,2,3,False,35.8402548986317,128.754444159126,465.0,100.0,18.0,233.0,1888.0,125.0,105.0,True,True,True,월세_high 보증금_high
200,35.0,23.14,6.0,2,4,False,35.8396585497466,128.756435134109,495.0,173.0,54.0,74.0,2027.0,54.0,166.0,True,True,False,None
200,35.0,29.75,6.0,3,4,False,35.8396585497466,128.756435134109,495.0,173.0,54.0,74.0,2027.0,54.0,166.0,True,True,False,None
150,30.0,29.75,16.0,2,3,False,35.838846448385,128.751281447661,319.0,216.0,95.0,290.0,1564.0,103.0,306.0,True,True,False,None
200,35.0,29.75,23.0,3,3,False,35.842205425566,128.751155317314,677.0,365.0,108.0,566.0,1743.0,0.0,117.0,True,True,False,None
200,30.0,26.44,11.0,2,4,False,35.8405656533684,128.756210997979,565.0,152.0,41.0,126.0,2047.0,47.0,173.0,True,True,False,None
70,22.0,26.44,6.0,4,4,False,35.82959027129198,128.76286012124353,1169.0,1168.0,220.0,1169.0,2494.0,870.0,95.0,True,True,False,None
100,27.0,30.0,6.0,3,3,False,35.8210894960107,128.755425391668,1705.0,41.0,55.0,88.0,2230.0,66.0,79.0,True,True,False,None
200,35.0,40.0,6.0,2,4,False,35.8226990668376,128.757023711806,1556.0,239.0,156.0,302.0,2252.0,119.0,304.0,True,True,False,None
100,23.0,29.75,6.0,1,3,False,35.8217877144119,128.757655206755,1668.0,204.0,212.0,302.0,2353.0,117.0,270.0,False,True,False,None
150,30.0,24.0,6.0,3,4,False,35.8408836406352,128.756742368458,621.0,166.0,73.0,128.0,2106.0,75.0,139.0,True,True,False,None
200,35.0,36.0,6.0,3,4,False,35.8388555696721,128.765496304927,1175.0,164.0,76.0,285.0,2781.0,32.0,99.0,False,False,False,None
100,21.0,24.0,6.0,3,4,False,35.8407451933486,128.765130367788,1213.0,52.0,106.0,103.0,2806.0,59.0,90.0,True,False,False,None
200,36.0,27.0,6.0,2,3,False,35.8388113370622,128.754342753277,312.0,64.0,54.0,92.0,1817.0,85.0,207.0,False,True,False,None
200,32.0,27.0,6.0,2,3,False,35.8429280801075,128.755610114606,780.0,151.0,76.0,377.0,2122.0,140.0,248.0,True,True,False,None
200,36.0,30.0,6.0,3,4,True,35.8201267977376,128.756235002186,1821.0,90.0,71.0,183.0,2353.0,183.0,71.0,True,True,False,None
100,37.0,27.0,6.0,4,4,True,35.8376934184071,128.75887161836,565.0,431.0,53.0,200.0,2170.0,125.0,262.0,False,True,False,None
200,39.0,27.0,6.0,4,4,False,35.8407644449349,128.756654522964,605.0,167.0,62.0,119.0,2093.0,75.0,140.0,False,True,False,None
100,20.0,23.14,6.0,4,4,False,35.8389574108093,128.765679283227,1194.0,158.0,81.0,282.0,2799.0,35.0,84.0,False,True,False,None
100,25.0,29.0,6.0,1,4,False,35.84308389377051,128.7639511735884,1254.0,327.0,76.0,140.0,2799.0,116.0,143.0,False,True,False,None
150,32.0,36.36,6.0,3,4,False,35.84125625378107,128.76469867628782,1202.0,113.0,53.0,52.0,2787.0,70.0,83.0,False,False,False,None
3000,0.0,39.67,6.0,3,4,False,35.8383906317526,128.764628660042,1087.0,213.0,117.0,311.0,2693.0,105.0,27.0,False,False,True,월세_low 보증금_high
150,28.0,23.14,6.0,3,4,False,35.8386476187496,128.765745788908,1191.0,192.0,46.0,315.0,2797.0,0.0,81.0,True,False,False,None
300,38.0,39.67,6.0,3,4,False,35.8425863621595,128.758937612332,890.0,359.0,174.0,271.0,2366.0,97.0,106.0,False,True,False,None
1500,20.0,30.0,6.0,3,4,False,35.8391236696599,128.76589987863,1218.0,150.0,75.0,278.0,2823.0,55.0,69.0,True,True,True,보증금_high
100,20.0,16.52,6.0,2,5,False,35.84115378863239,128.76308503311344,1070.0,202.0,89.0,92.0,2646.0,43.0,92.0,True,False,False,None
200,35.0,36.36,6.0,3,5,False,35.8427665794487,128.764014533974,1238.0,292.0,44.0,105.0,2790.0,108.0,135.0,False,False,False,None
200,50.0,38.5,6.0,2,4,False,35.8392882215571,128.756432833482,465.0,170.0,14.0,92.0,2012.0,14.0,188.0,True,True,True,월세_high
200,38.0,30.0,6.0,1,3,False,35.8233721263762,128.754297057324,1441.0,154.0,146.0,271.0,2003.0,151.0,238.0,True,True,False,None
200,37.0,26.45,7.0,2,3,False,35.8398698692771,128.752121022971,405.0,156.0,139.0,322.0,1681.0,46.0,206.0,False,True,False,None
200,38.0,26.45,6.0,3,4,False,35.8404779001747,128.756894002318,592.0,203.0,26.0,81.0,2100.0,69.0,110.0,True,True,False,None
200,40.0,40.0,6.0,2,3,False,35.8435113091969,128.752584508444,805.0,311.0,257.0,588.0,1933.0,181.0,251.0,False,True,False,None
200,35.0,27.0,6.0,3,4,False,35.8398100288197,128.762434433632,949.0,241.0,39.0,198.0,2543.0,202.0,68.0,True,True,False,None
100,30.0,33.05,6.0,2,3,False,35.8385750023738,128.754032105073,277.0,78.0,56.0,100.0,1781.0,75.0,176.0,True,True,False,None
200,38.0,36.36,6.0,2,2,False,35.8390630602211,128.75159796334,330.0,185.0,110.0,288.0,1600.0,65.0,302.0,True,True,False,None
100,25.0,30.0,6.0,2,3,False,35.8219436219796,128.755694149075,1614.0,125.0,42.0,157.0,2195.0,56.0,177.0,True,True,False,None
50,20.0,29.75,6.0,2,4,False,35.8250387132259,128.728771113711,1003.0,283.0,117.0,349.0,1073.0,33.0,248.0,True,True,False,None
200,34.0,24.0,6.0,2,4,False,35.8407973513946,128.755593140382,560.0,101.0,31.0,185.0,2008.0,23.0,152.0,True,True,False,None
80,25.0,26.45,6.0,3,3,False,35.8384899302111,128.754131271393,272.0,91.0,63.0,88.0,1786.0,88.0,168.0,False,True,False,None
150,35.0,29.75,21.0,2,3,False,35.8417424315828,128.753422440646,610.0,155.0,204.0,406.0,1885.0,37.0,83.0,False,True,False,None
200,38.0,27.0,6.0,2,4,False,35.8408652469186,128.756533569361,608.0,151.0,77.0,134.0,2088.0,63.0,155.0,False,True,False,None
100,23.0,30.0,6.0,1,3,False,35.8217877144126,128.757655206755,1668.0,204.0,212.0,302.0,2353.0,117.0,270.0,True,True,False,None
200,33.0,20.0,6.0,3,3,False,35.8389809379283,128.754144629484,322.0,52.0,30.0,118.0,1807.0,63.0,222.0,False,True,False,None
500,55.0,50.0,6.0,4,4,False,35.8395670517369,128.756542236264,494.0,181.0,46.0,68.0,2032.0,46.0,162.0,True,True,True,월세_high 보증금_high 전용면적_high
100,28.0,30.0,6.0,2,4,False,35.8220032884981,128.756741498756,1625.0,160.0,126.0,236.0,2271.0,43.0,226.0,True,True,False,None
200,38.0,26.45,6.0,2,4,False,35.8400172864544,128.755979006324,502.0,148.0,61.0,116.0,2004.0,42.0,194.0,False,True,False,None
100,35.0,35.05,6.0,3,3,False,35.8381763534472,128.750849942273,278.0,276.0,82.0,269.0,1498.0,43.0,296.0,True,True,False,None
200,30.0,29.75,6.0,3,4,False,35.8306016266432,128.704572286439,1140.0,230.0,104.0,425.0,1011.0,82.0,60.0,False,True,False,None
200,35.0,36.36,6.0,2,3,False,35.8394776528494,128.753581859678,362.0,31.0,0.0,193.0,1782.0,48.0,179.0,True,True,False,None
100,30.0,33.05,6.0,3,3,False,35.8409511039164,128.753030730161,520.0,202.0,157.0,354.0,1810.0,72.0,76.0,True,True,False,None
100,35.0,33.05,7.0,3,3,False,35.8378143531176,128.751506539883,210.0,247.0,37.0,197.0,1538.0,62.0,226.0,True,True,False,None
200,33.0,20.0,7.0,1,3,False,35.8388961375337,128.754243691486,317.0,58.0,42.0,105.0,1812.0,73.0,215.0,False,True,False,None
100,38.0,20.0,6.0,2,3,False,35.83850842774,128.754524549134,290.0,94.0,61.0,57.0,1821.0,114.0,180.0,False,True,False,None
100,35.0,20.0,6.0,2,3,False,35.83850842774,128.754524549134,290.0,94.0,61.0,57.0,1821.0,114.0,180.0,False,True,False,None
200,33.0,37.5,6.0,3,4,False,35.8395343623326,128.765908651596,1231.0,114.0,33.0,243.0,2835.0,81.0,97.0,True,True,False,None
150,32.0,25.5,6.0,2,4,False,35.8395372918298,128.756383544499,482.0,166.0,40.0,82.0,2017.0,40.0,176.0,True,False,False,None
100,25.0,25.5,6.0,1,4,False,35.8378043541194,128.756604515646,378.0,253.0,65.0,148.0,1975.0,155.0,239.0,True,False,False,None
100,22.0,26.45,6.0,2,4,False,35.8220226163625,128.757742927794,1645.0,226.0,215.0,319.0,2346.0,128.0,292.0,True,True,False,None
50,20.0,26.45,6.0,2,3,False,35.8160246206736,128.762855721019,2426.0,290.0,105.0,613.0,3104.0,235.0,89.0,True,True,False,None
100,23.0,25.5,6.0,3,4,True,35.8420078283411,128.763173994054,1127.0,256.0,65.0,55.0,2688.0,57.0,75.0,True,False,False,None
100,23.0,28.5,6.0,2,4,False,35.8396388223515,128.765619133128,1210.0,88.0,17.0,217.0,2813.0,59.0,123.0,True,False,False,None
100,20.0,26.45,6.0,4,4,False,35.839021962087,128.765082331021,1144.0,140.0,101.0,253.0,2749.0,46.0,98.0,True,False,False,None
50,20.0,26.45,6.0,3,3,False,35.8162108958394,128.762971582977,2410.0,305.0,112.0,637.0,3100.0,242.0,74.0,True,True,False,None
50,20.0,25.5,6.0,3,3,False,35.8438786543174,128.751839890041,850.0,389.0,224.0,665.0,1906.0,174.0,212.0,True,True,False,None
100,25.0,26.45,6.0,2,3,False,35.842516156933,128.754451803174,709.0,117.0,167.0,393.0,2009.0,117.0,159.0,True,True,False,None
100,30.0,37.5,6.0,2,4,False,35.8401811289406,128.764078677689,1101.0,88.0,109.0,108.0,2697.0,52.0,55.0,True,False,False,None
200,37.0,25.5,6.0,2,4,False,35.8397517838038,128.762295361595,934.0,255.0,47.0,201.0,2529.0,214.0,79.0,True,True,False,None
200,35.0,25.5,6.0,2,4,False,35.8401738381707,128.756716863726,556.0,215.0,19.0,63.0,2072.0,102.0,125.0,True,False,False,None
100,27.0,26.45,6.0,1,3,False,35.8398574463641,128.75104470873,430.0,245.0,208.0,387.0,1595.0,108.0,287.0,True,True,False,None
200,32.0,25.5,6.0,2,3,False,35.8429280801082,128.755610114606,780.0,151.0,76.0,377.0,2122.0,140.0,248.0,True,True,False,None
70,25.0,25.5,6.0,2,4,False,35.8403675197964,128.755161127221,500.0,125.0,26.0,197.0,1952.0,82.0,138.0,True,False,False,None
100,20.0,25.5,6.0,2,4,False,35.8399846055701,128.76423745217,1106.0,80.0,132.0,130.0,2704.0,60.0,77.0,True,True,False,None
150,35.0,25.5,6.0,3,3,False,35.8393894880839,128.752824713704,346.0,76.0,67.0,239.0,1715.0,63.0,209.0,True,True,False,None
100,34.0,27.5,6.0,2,3,False,35.8396288417772,128.752137965634,378.0,143.0,128.0,306.0,1671.0,19.0,223.0,True,True,False,None
200,35.0,26.45,6.0,3,3,False,35.8394776528487,128.753581859678,362.0,31.0,0.0,193.0,1782.0,48.0,179.0,True,True,False,None
200,35.0,25.5,6.0,2,4,False,35.838730296104,128.755171531912,343.0,89.0,34.0,58.0,1884.0,117.0,222.0,True,True,False,None
100,32.0,25.5,6.0,1,3,False,35.8387293223314,128.751811628699,289.0,173.0,73.0,248.0,1602.0,67.0,263.0,True,True,False,None
100,35.0,26.45,6.0,2,3,False,35.8385084277393,128.754524549135,290.0,94.0,61.0,57.0,1821.0,114.0,180.0,True,True,False,None
100,37.0,29.75,6.0,2,4,False,35.8398171458534,128.756219505729,497.0,159.0,71.0,92.0,2015.0,50.0,178.0,True,True,False,None
100,35.0,29.75,6.0,2,3,False,35.8381763534465,128.750849942273,278.0,276.0,82.0,269.0,1498.0,43.0,296.0,True,True,False,None
100,33.0,26.45,6.0,2,3,False,35.8379810484756,128.753082894221,191.0,145.0,37.0,110.0,1678.0,68.0,127.0,True,False,False,None
200,32.0,25.5,6.0,3,3,False,35.8401294702457,128.752455534076,430.0,148.0,125.0,316.0,1721.0,80.0,164.0,False,True,False,None
100,25.0,26.45,6.0,1,3,False,35.8379810484756,128.753082894221,191.0,145.0,37.0,110.0,1678.0,68.0,127.0,True,True,False,None
200,35.0,29.75,6.0,2,3,False,35.840881748899,128.753960832477,522.0,135.0,97.0,312.0,1880.0,135.0,23.0,True,True,False,None
150,32.0,25.5,6.0,2,4,False,35.838369958887,128.757900399051,511.0,321.0,123.0,106.0,2105.0,163.0,209.0,True,False,False,None
100,35.0,25.5,7.0,2,3,False,35.8378143531176,128.751506539883,210.0,247.0,37.0,197.0,1538.0,62.0,226.0,True,True,False,None
150,35.0,26.45,6.0,2,4,False,35.8387027855734,128.759251916516,636.0,430.0,70.0,137.0,2232.0,49.0,152.0,True,True,False,None
150,35.0,25.5,6.0,3,3,False,35.8402099732176,128.754071096743,451.0,104.0,33.0,239.0,1856.0,139.0,97.0,True,True,False,None
200,37.0,25.5,6.0,3,4,False,35.8395527876085,128.756802879509,509.0,204.0,58.0,48.0,2053.0,58.0,143.0,True,False,False,None
100,35.0,26.45,7.0,2,3,False,35.8393289124989,128.752541949718,341.0,100.0,80.0,258.0,1689.0,39.0,227.0,True,True,False,None
200,45.0,29.75,6.0,1,3,False,35.8395802688629,128.752860895366,367.0,82.0,66.0,249.0,1727.0,67.0,188.0,True,True,False,None
100,25.0,25.5,6.0,2,4,False,35.8178090422731,128.750668475567,2008.0,226.0,193.0,187.0,2172.0,78.0,112.0,True,False,False,None
200,38.0,25.5,6.0,2,4,False,35.8392954893512,128.758806395796,633.0,383.0,141.0,78.0,2214.0,34.0,84.0,True,False,False,None
200,30.0,26.45,6.0,3,4,False,35.840345544790175,128.755758483703,523.0,153.0,23.0,146.0,2000.0,58.0,184.0,True,True,False,None
200,33.0,29.75,6.0,2,4,False,35.8402433794735,128.756656975568,558.0,206.0,23.0,72.0,2070.0,101.0,130.0,True,True,False,None
200,38.0,25.5,6.0,3,4,False,35.8382375042062,128.75924175123,615.0,441.0,18.0,168.0,2217.0,59.0,203.0,True,False,False,None
200,33.0,25.5,6.0,2,4,False,35.8417682362312,128.76264476839,1073.0,272.0,107.0,44.0,2634.0,28.0,77.0,True,True,False,None
200,37.0,25.5,6.0,2,3,False,35.8396628321723,128.752390043449,379.0,124.0,109.0,289.0,1693.0,32.0,205.0,False,True,False,None
100,32.0,33.06,6.0,2,2,False,35.8389804903932,128.751216554929,335.0,220.0,111.0,306.0,1565.0,98.0,321.0,True,True,False,None
100,30.0,33.05,24.0,2,3,False,35.8420465808883,128.751240252321,658.0,355.0,121.0,547.0,1739.0,19.0,132.0,True,True,False,None
100,34.0,29.75,7.134969325153374,3,3,False,35.8378143531176,128.751506539883,210.0,247.0,37.0,197.0,1538.0,62.0,226.0,False,True,False,None
100,28.0,29.75,24.0,3,3,False,35.8411683218776,128.752002061001,549.0,264.0,232.0,428.0,1743.0,31.0,168.0,False,True,False,None
200,37.0,29.75,26.0,1,3,False,35.8396628321716,128.752390043449,379.0,124.0,109.0,289.0,1693.0,32.0,205.0,True,True,False,None
50,20.0,25.5,6.0,3,3,False,35.8432557357854,128.756503506343,843.0,219.0,81.0,376.0,2210.0,93.0,315.0,True,True,False,None
200,30.0,20.0,6.0,2,4,False,35.8413554331719,128.757742842764,716.0,237.0,91.0,137.0,2209.0,24.0,106.0,True,True,False,None
500,50.0,40.0,6.0,2,4,False,35.8471093907278,128.761107111628,1416.0,92.0,233.0,566.0,2791.0,429.0,143.0,True,False,True,월세_high 보증금_high
70,20.0,26.45,7.0,3,3,False,35.8380630256867,128.752602853676,200.0,158.0,72.0,145.0,1641.0,51.0,160.0,True,True,False,None
200,35.0,34.0,6.0,1,3,False,35.8210255430579,128.755571581503,1713.0,27.0,55.0,100.0,2245.0,81.0,77.0,True,True,False,None
200,35.0,34.0,6.0,2,3,False,35.8210255430579,128.755571581503,1713.0,27.0,55.0,100.0,2245.0,81.0,77.0,True,True,False,None
70,22.0,25.5,7.0,2,3,False,35.8389671284182,128.753917787236,314.0,36.0,13.0,132.0,1787.0,43.0,219.0,True,False,False,None
100,31.0,25.5,6.0,4,4,False,35.8383520873484,128.759472146022,639.0,457.0,39.0,175.0,2241.0,35.0,194.0,True,True,False,None
100,23.0,27.0,6.0,3,4,False,35.8222485444037,128.757630958432,1618.0,234.0,203.0,320.0,2325.0,127.0,300.0,True,True,False,None
100,28.0,27.0,6.0,4,4,False,35.8376934184071,128.75887161836,565.0,431.0,53.0,200.0,2170.0,125.0,262.0,True,True,False,None
150,35.0,27.0,6.0,2,3,False,35.838827603984,128.754715952571,329.0,61.0,63.0,74.0,1849.0,117.0,219.0,False,True,False,None
100,28.0,27.0,6.0,1,3,False,35.8398574463648,128.751044708729,430.0,245.0,208.0,387.0,1595.0,108.0,287.0,True,True,False,None
200,36.0,27.0,6.0,3,3,False,35.8388317018315,128.75313902133,285.0,61.0,19.0,185.0,1717.0,38.0,212.0,True,True,False,None
200,30.0,20.0,6.0,2,4,False,35.8382044997829,128.754782238973,276.0,130.0,20.0,24.0,1831.0,118.0,154.0,False,True,False,None
200,35.0,33.06,6.0,3,3,False,35.8214000029158,128.75563039337,1673.0,65.0,66.0,116.0,2225.0,77.0,118.0,True,True,False,None
200,33.0,27.0,6.0,3,3,False,35.8381491845988,128.751502171386,241.0,226.0,24.0,220.0,1551.0,49.0,243.0,False,True,False,None
100,20.0,22.0,6.0,3,5,True,35.8427170069011,128.76340760983,1191.0,309.0,49.0,96.0,2737.0,54.0,81.0,True,False,False,None
300,45.0,30.0,6.0,4,4,False,35.8386203543511,128.760216336297,713.0,473.0,109.0,219.0,2313.0,41.0,196.0,True,True,False,None
200,38.0,20.0,6.0,3,3,False,35.8373442163176,128.751458465619,173.0,285.0,38.0,177.0,1517.0,105.0,215.0,False,True,False,None
200,45.0,20.0,6.0,3,3,False,35.8395600746942,128.753491376098,370.0,42.0,12.0,205.0,1778.0,55.0,171.0,False,True,False,None
200,37.0,25.0,6.0,3,4,False,35.8404779001747,128.756894002318,592.0,203.0,26.0,81.0,2100.0,69.0,110.0,True,True,False,None
200,30.0,33.05,7.0,3,3,False,35.83224825806092,128.70379139630006,961.0,208.0,91.0,360.0,826.0,116.0,193.0,False,True,False,None
200,50.0,40.0,6.0,4,4,False,35.8386841149951,128.758797655206,599.0,390.0,78.0,105.0,2193.0,89.0,152.0,False,True,True,월세_high
500,43.0,33.06,6.0,2,4,False,35.8417629562215,128.706863553986,202.0,106.0,113.0,152.0,347.0,142.0,137.0,True,False,True,보증금_high
100,30.0,25.5,6.0,2,3,False,35.8405315896811,128.754089246444,486.0,137.0,57.0,272.0,1873.0,154.0,63.0,True,True,False,None
100,20.0,23.14,6.0,2,4,False,35.8415911031144,128.762464769387,1048.0,274.0,125.0,61.0,2611.0,36.0,73.0,True,True,False,None
300,35.0,33.06,6.0,2,4,False,35.8308775408184,128.704420722583,1109.0,216.0,73.0,421.0,979.0,68.0,84.0,False,False,False,None
300,45.0,29.75,6.0,1,3,False,35.8233248697358,128.754404561486,1447.0,158.0,138.0,266.0,2014.0,140.0,241.0,True,True,False,None
200,32.0,27.0,6.0,3,4,False,35.8380116282748,128.759503912719,629.0,471.0,27.0,203.0,2234.0,65.0,232.0,False,True,False,None
200,35.0,27.0,6.0,3,5,False,35.8399533021898,128.75974224565,743.0,455.0,48.0,133.0,2317.0,79.0,73.0,True,True,False,None
100,30.0,23.14,6.0,2,3,False,35.84053039550781,128.7540893554692,486.0,137.0,57.0,271.0,1873.0,154.0,63.0,False,True,False,None
200,40.0,40.0,6.0,2,3,False,35.8428497159164,128.748700239429,821.0,195.0,88.0,770.0,1617.0,46.0,117.0,True,True,False,None
200,35.0,26.45,6.0,4,4,False,35.8387302961033,128.755171531912,343.0,89.0,34.0,58.0,1884.0,117.0,222.0,True,True,False,None
70,23.0,23.14,6.0,3,3,False,35.8434848130162,128.749400699576,860.0,224.0,71.0,776.0,1712.0,54.0,101.0,False,True,False,None
100,27.0,33.05,6.0,3,4,False,35.8262583892936,128.727637283352,869.0,431.0,87.0,179.0,1032.0,137.0,152.0,False,False,False,None
200,25.0,26.0,6.0,3,3,False,35.8391162251665,128.751771111458,331.0,169.0,116.0,282.0,1616.0,50.0,287.0,False,True,False,None
200,35.0,20.0,6.0,1,3,False,35.8405402920606,128.753542504211,478.0,149.0,93.0,292.0,1829.0,127.0,65.0,False,True,False,None
300,30.0,49.56,6.0,3,4,False,35.8240574871313,128.722620917128,1226.0,190.0,72.0,99.0,1214.0,80.0,95.0,True,False,True,전용면적_high
200,35.0,20.0,6.0,2,3,False,35.8405402920606,128.753542504211,478.0,149.0,93.0,292.0,1829.0,127.0,65.0,False,True,False,None
200,38.0,26.45,6.0,2,3,False,35.8390630602204,128.751597963341,330.0,185.0,110.0,288.0,1600.0,65.0,302.0,True,False,False,None
200,35.0,26.45,6.0,2,4,False,35.8405526099436,128.756382028358,572.0,164.0,56.0,114.0,2061.0,60.0,157.0,True,True,False,None
200,44.0,20.0,6.0,3,4,False,35.8388964447691,128.755135795031,356.0,73.0,53.0,76.0,1887.0,105.0,237.0,False,True,False,None
100,27.0,33.05,6.0,2,4,False,35.8262583892936,128.727637283352,869.0,431.0,87.0,179.0,1032.0,137.0,152.0,False,False,False,None
300,21.0,49.56,6.0,2,4,False,35.8240574871307,128.722620917129,1226.0,190.0,72.0,99.0,1214.0,80.0,95.0,True,False,True,전용면적_high
200,35.0,23.14,6.0,2,3,False,35.8385106210099,128.750408088883,332.0,301.0,130.0,322.0,1477.0,42.0,349.0,False,True,False,None
100,31.0,26.45,7.0,2,3,False,35.839773079662,128.75225756280307,392.0,140.0,124.0,305.0,1688.0,37.0,204.0,False,True,False,None
50,20.0,23.14,6.0,3,5,True,35.8427539635379,128.763762915154,1219.0,298.0,38.0,116.0,2768.0,85.0,113.0,True,False,False,None
100,32.0,20.0,6.0,2,4,False,35.8408197089065,128.755382805088,554.0,92.0,45.0,202.0,1992.0,41.0,133.0,True,True,False,None
200,33.0,29.75,6.0,3,4,False,35.8298722695955,128.734312179181,710.0,197.0,20.0,167.0,363.0,217.0,134.0,True,False,False,None
200,35.0,33.06,6.0,3,4,False,35.8399538443085,128.759742146958,743.0,455.0,48.0,133.0,2318.0,79.0,73.0,True,False,False,None
100,30.0,33.06,6.0,1,3,False,35.8221927940477,128.71778523219,1627.0,98.0,333.0,183.0,1417.0,233.0,122.0,True,False,False,None
100,30.0,36.36,16.0,3,4,False,35.8380296664486,128.764792639946,1093.0,251.0,104.0,353.0,2698.0,110.0,57.0,True,True,False,None
100,35.0,42.98,19.0,2,4,False,35.8156833377454,128.762839102333,2460.0,283.0,120.0,581.0,3126.0,244.0,126.0,True,False,False,None
100,25.0,33.06,6.0,2,4,False,35.8382614751282,128.765280616524,1141.0,225.0,57.0,339.0,2747.0,60.0,87.0,True,False,False,None
300,35.0,26.45,11.0,2,4,False,35.8022923027089,128.736575973657,3561.0,326.0,54.0,278.0,2618.0,14.0,168.0,True,False,False,None
200,36.0,26.45,6.0,3,4,True,35.8180857155684,128.729119522823,1776.0,328.0,160.0,191.0,1755.0,160.0,70.0,True,False,False,None
300,40.0,49.59,11.0,2,4,False,35.8144905027918,128.728547452002,2175.0,96.0,258.0,384.0,2151.0,30.0,56.0,True,False,True,전용면적_high
200,40.0,49.59,11.0,3,4,True,35.8270661649276,128.735010624171,954.0,126.0,24.0,208.0,660.0,106.0,193.0,True,False,True,전용면적_high
100,28.0,33.06,6.0,3,4,False,35.8211244472645,128.733539391379,1511.0,33.0,82.0,117.0,1331.0,102.0,99.0,True,False,False,None
100,20.0,26.45,25.0,3,3,False,35.8309418375778,128.730773722973,409.0,210.0,120.0,303.0,484.0,107.0,260.0,True,False,False,None
200,35.0,36.36,14.0,3,4,False,35.832671116626,128.728068245832,156.0,132.0,66.0,66.0,672.0,75.0,101.0,True,False,False,None
200,35.0,20.0,6.0,2,4,False,35.8396585497466,128.756435134109,495.0,173.0,54.0,74.0,2027.0,54.0,166.0,False,True,False,None
200,37.0,25.0,6.0,2,3,False,35.8382692602157,128.75026854551,322.0,321.0,130.0,318.0,1454.0,18.0,348.0,True,False,False,None
100,30.0,27.0,6.0,2,4,False,35.8435669086161,128.756940008501,890.0,270.0,128.0,393.0,2262.0,111.0,297.0,True,True,False,None
300,58.0,50.0,6.0,3,6,True,35.8389536453154,128.757300952725,499.0,252.0,90.0,71.0,2073.0,90.0,166.0,True,True,True,월세_high 전용면적_high
300,48.0,52.89,24.0,1,3,False,35.8212772994092,128.752214219578,1669.0,149.0,34.0,152.0,1991.0,105.0,48.0,True,False,True,전용면적_high
100,34.0,26.45,6.0,3,3,False,35.8387129077117,128.754214977277,297.0,75.0,52.0,93.0,1802.0,79.0,194.0,False,True,False,None
100,30.0,23.14,6.0,1,3,False,35.8396757827124,128.751891320114,388.0,166.0,146.0,328.0,1653.0,33.0,235.0,True,True,False,None
100,35.0,26.45,6.0,2,3,False,35.8391409857947,128.752495428901,320.0,103.0,66.0,248.0,1677.0,48.0,247.0,True,True,False,None
100,26.0,25.3,7.0,2,3,False,35.8399842780487,128.752821423436,412.0,114.0,89.0,281.0,1744.0,85.0,152.0,True,True,False,None
100,23.0,30.0,6.0,3,3,False,35.821190875764,128.755196932426,1691.0,63.0,43.0,71.0,2207.0,43.0,88.0,True,True,False,None
200,25.0,27.0,6.0,2,4,False,35.8217132856426,128.758129225337,1688.0,238.0,255.0,341.0,2394.0,160.0,302.0,True,True,False,None
100,30.0,30.0,6.0,2,4,False,35.8217299223371,128.757866701383,1679.0,218.0,232.0,318.0,2373.0,136.0,282.0,True,True,False,None
200,25.0,27.0,6.0,2,4,False,35.8217132856433,128.758129225336,1688.0,238.0,255.0,341.0,2394.0,160.0,302.0,True,True,False,None
200,32.0,29.75,25.0,3,3,False,35.84105300903321,128.75256347656295,532.0,227.0,198.0,387.0,1780.0,31.0,117.0,False,True,False,None
300,45.0,34.0,6.0,2,3,False,35.8233248697358,128.754404561486,1447.0,158.0,138.0,266.0,2014.0,140.0,241.0,True,True,False,None
300,45.0,34.0,6.0,3,3,False,35.8233248697358,128.754404561486,1447.0,158.0,138.0,266.0,2014.0,140.0,241.0,True,True,False,None
100,30.0,30.0,6.0,2,3,False,35.8212824087443,128.756228377476,1695.0,68.0,117.0,163.0,2277.0,56.0,135.0,True,True,False,None
100,35.0,34.0,6.0,2,3,False,35.8208633302511,128.755942314591,1736.0,20.0,71.0,133.0,2283.0,108.0,84.0,True,True,False,None
300,38.0,30.0,6.0,4,4,False,35.8224885863748,128.757977150293,1601.0,275.0,235.0,360.0,2338.0,166.0,342.0,True,True,False,None
200,35.0,49.59,6.0,3,4,False,35.8138412585897,128.731081496076,2260.0,141.0,123.0,148.0,2166.0,133.0,139.0,True,False,True,전용면적_high
200,47.0,20.0,6.0,3,4,False,35.8387776461771,128.757172236405,478.0,245.0,81.0,92.0,2056.0,87.0,189.0,False,True,False,None
500,45.0,49.59,6.0,4,4,False,35.8288403300369,128.73959605005,600.0,155.0,201.0,301.0,590.0,177.0,254.0,True,True,True,보증금_high 전용면적_high
200,34.0,39.67,6.0,3,4,False,35.8295790798413,128.739278219337,529.0,136.0,164.0,301.0,509.0,164.0,213.0,False,False,False,None
200,35.0,26.45,6.0,2,4,False,35.8387027855734,128.759251916516,636.0,430.0,70.0,137.0,2232.0,49.0,152.0,False,True,False,None
200,35.0,29.75,6.0,2,3,False,35.8208633302518,128.755942314591,1736.0,20.0,71.0,133.0,2283.0,108.0,84.0,True,True,False,None
200,30.0,29.75,25.0,1,3,False,35.841051866606925,128.75256016017178,532.0,227.0,198.0,387.0,1779.0,31.0,117.0,True,True,False,None
100,25.0,29.75,6.0,1,3,False,35.8217379875126,128.755558284622,1635.0,103.0,48.0,132.0,2198.0,72.0,152.0,True,True,False,None
200,30.0,26.45,6.0,3,4,False,35.8308130252135,128.731108098218,437.0,243.0,95.0,336.0,465.0,106.0,275.0,True,False,False,None
70,20.0,29.75,21.0,3,3,False,35.843329693224355,128.7525748674593,785.0,299.0,248.0,575.0,1920.0,162.0,243.0,True,True,False,None
100,28.0,29.75,25.0,1,3,False,35.8414280219728,128.751446114039,587.0,317.0,176.0,483.0,1716.0,88.0,188.0,False,True,False,None
200,36.0,26.44,7.0,1,3,False,35.8398698692778,128.752121022971,405.0,156.0,139.0,322.0,1681.0,46.0,206.0,True,False,False,None
100,22.0,26.45,7.0,2,3,False,35.8379467530967,128.759386611555,617.0,463.0,21.0,201.0,2222.0,76.0,237.0,False,False,False,None
3500,2.0,26.44,6.0,3,3,False,35.8430564188446,128.75104597843594,771.0,379.0,111.0,648.0,1793.0,95.0,103.0,True,True,True,월세_low 보증금_high
100,30.0,33.06,24.0,1,3,False,35.84095127120123,128.7530316192216,520.0,202.0,157.0,354.0,1811.0,72.0,76.0,True,True,False,None
150,29.0,29.75,15.0,1,3,False,35.8397707966362,128.751369721666,411.0,214.0,188.0,362.0,1616.0,77.0,267.0,True,True,False,None
100,28.0,26.45,31.0,1,3,False,35.8396364764127,128.755997171813,469.0,134.0,59.0,113.0,1989.0,31.0,203.0,False,True,False,None
150,35.0,23.14,6.0,2,3,False,35.83881818767316,128.75470667036274,328.0,62.0,63.0,74.0,1848.0,116.0,218.0,True,True,False,None
300,45.0,33.06,6.0,2,4,True,35.8425554903905,128.759378184807,913.0,396.0,151.0,247.0,2400.0,106.0,67.0,False,True,False,None
200,34.0,23.14,6.0,3,4,False,35.8405656533677,128.75621099798,565.0,152.0,41.0,126.0,2047.0,47.0,173.0,True,True,False,None
200,32.0,26.44,6.0,1,3,False,35.8436385818848,128.749286761807,880.0,210.0,58.0,796.0,1716.0,58.0,121.0,False,True,False,None
150,35.0,26.45,6.0,2,4,False,35.8399392915937,128.754434108685,431.0,66.0,17.0,199.0,1873.0,114.0,136.0,True,True,False,None
100,24.0,23.14,6.0,2,4,False,35.8434321101939,128.75864529571,951.0,374.0,176.0,355.0,2387.0,33.0,142.0,True,True,False,None
100,35.0,23.14,6.0,1,3,False,35.8388113370615,128.754342753278,312.0,64.0,54.0,92.0,1817.0,85.0,207.0,True,True,False,None
100,32.0,26.44,6.0,2,2,False,35.839548947749726,128.75106625821826,398.0,235.0,175.0,360.0,1581.0,97.0,303.0,True,True,False,None
100,30.0,26.45,6.0,4,4,False,35.831214370779,128.747506021287,663.0,694.0,117.0,814.0,1099.0,138.0,193.0,False,True,False,None
100,31.0,26.45,6.0,4,4,False,35.8392444310931,128.751710960439,346.0,174.0,130.0,296.0,1617.0,45.0,280.0,True,True,False,None
50,20.0,26.44,6.0,2,3,False,35.84160064025439,128.75175768894664,600.0,305.0,186.0,479.0,1750.0,83.0,198.0,False,True,False,None
100,33.0,26.45,6.0,2,3,False,35.8379810484756,128.753082894221,191.0,145.0,37.0,110.0,1678.0,68.0,127.0,False,True,False,None
200,35.0,23.14,6.0,2,4,False,35.837971403456,128.758915493752,578.0,422.0,30.0,174.0,2181.0,101.0,231.0,False,True,False,None
200,45.0,33.06,6.0,3,4,True,35.8401419079707,128.759453026634,734.0,422.0,47.0,104.0,2300.0,84.0,47.0,False,True,False,None
200,35.0,26.44,6.0,1,2,False,35.8398932242561,128.75094556051,437.0,255.0,215.0,396.0,1589.0,118.0,293.0,False,True,False,None
100,23.0,23.14,7.0,2,3,False,35.83841908447624,128.75833662789205,548.0,357.0,88.0,107.0,2144.0,130.0,189.0,False,True,False,None
100,25.0,23.14,7.0,2,3,False,35.8394924999828,128.75295967281986,358.0,69.0,56.0,236.0,1731.0,65.0,193.0,True,True,False,None
100,33.0,26.45,6.0,1,3,False,35.8394592642334,128.752137002163,360.0,138.0,114.0,295.0,1662.0,0.0,237.0,False,True,False,None
150,30.0,23.14,6.0,3,4,False,35.84012811592762,128.75583780006556,506.0,144.0,46.0,131.0,1997.0,46.0,203.0,False,True,False,None
200,33.0,23.14,6.0,3,4,True,35.8400713261697,128.759110051194,704.0,397.0,78.0,75.0,2268.0,71.0,16.0,True,True,False,None
200,40.0,26.44,6.0,2,3,False,35.8388891117902,128.75218101222,297.0,136.0,76.0,239.0,1640.0,63.0,256.0,False,True,False,None
200,35.0,23.14,6.0,3,3,False,35.8394776528487,128.753581859678,362.0,31.0,0.0,193.0,1782.0,48.0,179.0,True,True,False,None
200,25.0,26.44,6.0,0,3,False,35.8399179068708,128.753084131462,405.0,94.0,66.0,259.0,1762.0,100.0,146.0,True,True,False,None
70,22.0,19.85,7.0,3,3,False,35.8384280556348,128.757236901207,462.0,263.0,73.0,118.0,2050.0,116.0,222.0,False,True,False,None
200,33.0,26.45,6.0,1,3,False,35.8429280801075,128.755610114606,780.0,151.0,76.0,377.0,2122.0,140.0,248.0,True,True,False,None
200,44.0,36.36,6.0,2,4,False,35.84126662566593,128.75759822733897,700.0,225.0,92.0,134.0,2193.0,41.0,110.0,False,True,False,None
70,22.0,26.45,6.0,3,3,False,35.8435549918902,128.753203588282,810.0,276.0,301.0,554.0,1981.0,180.0,277.0,False,True,False,None
200,30.0,23.14,6.0,2,3,False,35.838725063147,128.753598381379,280.0,53.0,40.0,142.0,1751.0,40.0,193.0,False,True,False,None
200,52.0,29.76,6.0,3,3,False,35.8388823282042,128.754016849471,308.0,49.0,26.0,119.0,1792.0,54.0,210.0,False,True,True,월세_high
100,28.0,26.44,6.0,3,3,False,35.8411681643322,128.7520005081445,549.0,264.0,232.0,428.0,1743.0,31.0,168.0,False,True,False,None
100,25.0,26.45,6.0,2,4,False,35.8380471062342,128.765120600279,1123.0,248.0,76.0,357.0,2728.0,87.0,80.0,True,True,False,None
200,28.0,26.45,6.0,2,4,False,35.8410516495897,128.758224198577,718.0,285.0,42.0,94.0,2235.0,49.0,52.0,True,True,False,None
150,33.0,26.45,7.0,2,3,False,35.8397815652292,128.7522565321,393.0,140.0,124.0,306.0,1688.0,38.0,203.0,False,True,False,None
100,33.0,23.14,6.0,3,4,False,35.8401817579736,128.757037981394,575.0,235.0,14.0,46.0,2099.0,82.0,97.0,False,True,False,None
100,28.0,26.44,6.0,3,3,False,35.839574379552445,128.75228860583343,370.0,128.0,115.0,291.0,1680.0,19.0,218.0,False,True,False,None
100,30.0,23.14,7.0,2,3,False,35.8392456786841,128.752638724298,331.0,90.0,68.0,245.0,1693.0,51.0,230.0,False,True,False,None
70,27.0,26.44,6.0,3,3,False,35.8394085706487,128.75306085859,349.0,57.0,47.0,223.0,1736.0,52.0,198.0,False,True,False,None
100,28.0,26.44,6.0,2,3,False,35.83857217303779,128.7540283907432,276.0,79.0,56.0,100.0,1781.0,75.0,176.0,False,True,False,None
100,28.0,26.44,6.0,2,4,False,35.84033082941843,128.75454521351983,476.0,108.0,29.0,239.0,1900.0,122.0,103.0,False,True,False,None
200,30.0,26.44,6.0,1,3,False,35.8411130244437,128.753241470739,539.0,180.0,155.0,361.0,1836.0,92.0,56.0,True,True,False,None
150,33.0,26.44,6.0,4,4,False,35.83908753303081,128.75477457810248,357.0,36.0,83.0,100.0,1864.0,109.0,235.0,True,True,False,None
100,35.0,23.14,7.0,1,3,False,35.839797029903,128.752944572847,391.0,91.0,67.0,259.0,1744.0,82.0,164.0,False,True,False,None
200,40.0,23.14,6.0,2,3,False,35.8387121160599,128.752515652388,273.0,115.0,43.0,206.0,1660.0,29.0,223.0,False,True,False,None
50,20.0,26.44,6.0,3,3,False,35.8431742483161,128.755358555563,799.0,173.0,111.0,411.0,2117.0,170.0,259.0,False,True,False,None
150,33.0,26.44,6.0,3,3,False,35.8425632535581,128.753392368451,701.0,189.0,263.0,463.0,1932.0,75.0,166.0,False,True,False,None
100,25.0,23.14,6.0,2,4,False,35.8381154476721,128.754728152999,265.0,139.0,21.0,31.0,1824.0,107.0,143.0,True,True,False,None
200,35.0,26.44,6.0,2,3,False,35.8394776528494,128.753581859678,362.0,31.0,0.0,193.0,1782.0,48.0,179.0,False,True,False,None
200,33.0,26.44,6.0,1,3,False,35.8406028435541,128.753992208087,492.0,147.0,68.0,282.0,1869.0,154.0,53.0,False,True,False,None
70,20.0,23.14,6.0,3,3,False,35.843278166185975,128.75067013383864,803.0,340.0,104.0,687.0,1782.0,84.0,88.0,True,False,False,None
100,25.0,23.14,6.0,4,4,False,35.8384055518426,128.765281485417,1145.0,210.0,60.0,323.0,2750.0,50.0,86.0,False,True,False,None
80,22.0,26.44,6.0,3,4,False,35.8425937033111,128.763342128028,1178.0,300.0,46.0,83.0,2727.0,45.0,72.0,True,True,False,None
100,22.0,23.14,6.0,2,4,False,35.8399846055701,128.76423745217,1106.0,80.0,132.0,130.0,2704.0,60.0,77.0,True,False,False,None
200,40.0,35.0,6.0,3,3,False,35.8251902087206,128.729352433852,989.0,239.0,121.0,371.0,1030.0,88.0,294.0,True,False,False,None
100,27.0,23.14,6.0,3,3,False,35.8404342764239,128.752847705422,462.0,154.0,125.0,316.0,1768.0,81.0,115.0,False,True,False,None
100,30.0,26.45,6.0,3,3,False,35.8401962786308,128.752786690187,436.0,134.0,107.0,300.0,1751.0,99.0,137.0,False,True,False,None
200,35.0,49.59,14.0,3,4,False,35.8393569350488,128.766441682465,1272.0,162.0,82.0,290.0,2877.0,78.0,56.0,True,False,True,전용면적_high
100,28.0,36.36,6.0,2,4,False,35.83116801224,128.74772565588,683.0,714.0,105.0,806.0,1120.0,121.0,173.0,True,True,False,None
500,45.0,49.59,6.0,3,4,False,35.8173600907947,128.758193196757,2158.0,250.0,81.0,453.0,2684.0,65.0,93.0,True,True,True,보증금_high 전용면적_high
8000,10.0,34.0,6.0,1,3,False,35.8212326976741,128.755708252686,1692.0,46.0,80.0,116.0,2242.0,84.0,103.0,True,True,True,월세_low 보증금_high
200,40.0,37.5,6.0,3,4,False,35.8407397198678,128.755689039062,558.0,110.0,22.0,174.0,2013.0,19.0,162.0,True,True,False,None
150,32.0,28.5,6.0,3,3,False,35.8409805199581,128.753836842393,530.0,138.0,111.0,326.0,1876.0,125.0,10.0,True,True,False,None
150,33.0,25.5,7.0,1,3,False,35.8397970299037,128.752944572847,391.0,91.0,67.0,259.0,1744.0,82.0,164.0,False,True,False,None
100,32.0,29.75,24.0,1,3,False,35.8396757827131,128.751891320114,388.0,166.0,146.0,328.0,1653.0,33.0,235.0,False,True,False,None
300,45.0,25.5,6.0,3,4,False,35.816529233864,128.761105316659,2318.0,171.0,41.0,598.0,2945.0,73.0,131.0,True,False,False,None
200,36.0,26.45,6.0,2,4,False,35.8382375042062,128.75924175123,615.0,441.0,18.0,168.0,2217.0,59.0,203.0,True,True,False,None
200,40.0,49.56,6.0,4,4,False,35.8308998462076,128.747458622594,677.0,696.0,129.0,844.0,1102.0,155.0,184.0,True,False,True,전용면적_high
100,28.0,33.05,6.0,4,4,False,35.8325397127704,128.745785119436,459.0,529.0,15.0,829.0,928.0,214.0,161.0,False,False,False,None
150,33.0,23.14,7.0,2,4,False,35.8378024582002,128.754433967554,221.0,172.0,14.0,72.0,1788.0,63.0,103.0,True,True,False,None
300,50.0,30.0,6.0,2,4,True,35.8392882215578,128.756432833482,465.0,170.0,14.0,92.0,2012.0,14.0,188.0,True,True,True,월세_high
100,30.0,20.0,6.0,2,3,False,35.8398574463648,128.751044708729,430.0,245.0,208.0,387.0,1595.0,108.0,287.0,True,True,False,None
200,32.0,26.45,6.0,3,3,False,35.8388317018308,128.75313902133,285.0,61.0,19.0,185.0,1717.0,38.0,212.0,True,True,False,None
300,45.0,49.56,6.0,2,4,False,35.8173600907954,128.758193196756,2158.0,250.0,81.0,453.0,2684.0,65.0,93.0,False,False,True,전용면적_high
200,37.0,27.0,6.0,4,4,False,35.8396223612985,128.757048882309,530.0,227.0,70.0,26.0,2077.0,80.0,121.0,False,True,False,None
1000,92.0,39.54,6.0,7,15,True,35.8336796787994,128.743877290366,258.0,389.0,2.0,749.0,758.0,2.0,148.0,True,False,True,월세_high 보증금_high
300,45.0,49.59,6.0,2,4,False,35.8173600907947,128.758193196757,2158.0,250.0,81.0,453.0,2684.0,65.0,93.0,False,True,True,전용면적_high
100,25.0,39.67,6.0,2,4,False,35.8244812532493,128.739711572658,1077.0,382.0,114.0,191.0,1019.0,71.0,61.0,False,True,False,None
100,30.0,27.0,6.0,1,4,False,35.8389367685516,128.759100710027,636.0,413.0,97.0,113.0,2227.0,55.0,124.0,False,True,False,None
300,37.0,29.75,6.0,2,4,False,35.8309008541,128.708990291052,892.0,110.0,69.0,200.0,1075.0,110.0,186.0,False,False,False,None
100,30.0,29.75,15.0,2,3,False,35.8398574463648,128.751044708729,430.0,245.0,208.0,387.0,1595.0,108.0,287.0,True,True,False,None
100,26.0,29.75,26.0,2,3,False,35.8408589934826,128.753735669256,516.0,153.0,105.0,317.0,1861.0,133.0,26.0,False,True,False,None
200,34.0,26.44,6.0,3,4,False,35.8381181814194,128.752892687269,205.0,138.0,60.0,132.0,1667.0,48.0,149.0,True,True,False,None
200,36.0,29.8,6.0,2,3,False,35.8373442163176,128.751458465619,173.0,285.0,38.0,177.0,1517.0,105.0,215.0,True,True,False,None
200,25.0,29.75,6.0,3,3,False,35.8321202082554,128.703791313923,976.0,209.0,78.0,374.0,841.0,130.0,180.0,False,False,False,None
100,32.0,27.0,6.0,1,3,False,35.838989834665,128.752936215772,302.0,68.0,32.0,209.0,1707.0,47.0,235.0,True,True,False,None
200,30.0,29.75,6.0,2,4,False,35.8306797277263,128.705120385185,1131.0,197.0,112.0,379.0,1006.0,63.0,78.0,True,True,False,None
200,37.0,27.0,6.0,3,3,False,35.8386598910617,128.753933155839,282.0,66.0,44.0,112.0,1776.0,62.0,185.0,True,True,False,None
200,40.0,27.0,6.0,3,4,False,35.8388280970632,128.760121768393,714.0,472.0,117.0,204.0,2312.0,44.0,172.0,True,True,False,None
200,28.0,33.05,6.0,2,4,False,35.8302819577524,128.705165541968,1187.0,236.0,148.0,403.0,1050.0,107.0,34.0,False,False,False,None
200,28.0,33.05,6.0,2,4,False,35.8302558121753,128.706042493636,1129.0,223.0,84.0,349.0,1064.0,143.0,76.0,True,False,False,None
100,26.0,26.44,6.0,3,4,False,35.8410480446987,128.75739895464,670.0,214.0,92.0,124.0,2167.0,33.0,104.0,True,True,False,None
150,33.0,20.0,7.0,2,3,False,35.8378024582009,128.754433967554,221.0,172.0,14.0,72.0,1788.0,63.0,103.0,True,True,False,None
100,27.0,26.44,6.0,3,3,False,35.83897703938851,128.75123075529615,334.0,219.0,110.0,305.0,1566.0,98.0,319.0,True,True,False,None
100,30.0,29.75,6.0,2,3,False,35.84095127120123,128.7530316192216,520.0,202.0,157.0,354.0,1811.0,72.0,76.0,False,True,False,None
200,32.0,29.75,6.0,1,3,False,35.8417980588533,128.753525483805,617.0,147.0,206.0,402.0,1896.0,42.0,83.0,False,True,False,None
200,35.0,23.14,6.0,4,4,False,35.8395670517361,128.756542236264,494.0,181.0,46.0,68.0,2032.0,46.0,162.0,False,True,False,None
100,32.0,23.14,6.0,2,3,False,35.8393915726948,128.753676025275,354.0,21.0,13.0,180.0,1786.0,42.0,187.0,False,True,False,None
100,35.0,26.44,6.0,3,3,False,35.8390759800663,128.753461241684,316.0,21.0,2.0,172.0,1754.0,2.0,224.0,True,True,False,None
70,22.0,29.75,6.0,2,3,False,35.8430808054287,128.747248176902,910.0,96.0,140.0,882.0,1542.0,30.0,51.0,False,True,False,None
200,32.0,29.75,24.0,2,3,False,35.8418076399948,128.753523481299,618.0,147.0,207.0,402.0,1897.0,41.0,84.0,True,True,False,None
100,30.0,34.0,6.0,3,4,False,35.823190757478,128.754708653194,1465.0,173.0,118.0,252.0,2045.0,111.0,252.0,True,True,False,None
500,40.0,36.36,6.0,2,3,False,35.8071214688538,128.753216246926,3194.0,499.0,212.0,500.0,3290.0,290.0,131.0,True,True,True,보증금_high
200,32.0,29.8,6.0,4,4,False,35.8387121922086,128.751521744344,296.0,199.0,74.0,265.0,1577.0,78.0,280.0,True,True,False,None
200,43.0,29.8,6.0,3,3,False,35.8395600746942,128.753491376098,370.0,42.0,12.0,205.0,1778.0,55.0,171.0,True,True,False,None
100,30.0,29.8,6.0,3,4,False,35.8383520873484,128.759472146022,639.0,457.0,39.0,175.0,2241.0,35.0,194.0,True,True,False,None
500,50.0,52.89,11.0,3,4,False,35.8153801847056,128.75458297417,2329.0,191.0,121.0,252.0,2606.0,38.0,191.0,True,True,True,월세_high 보증금_high 전용면적_high
100,32.0,20.0,6.0,1,3,False,35.8381763534472,128.750849942273,278.0,276.0,82.0,269.0,1498.0,43.0,296.0,False,True,False,None
150,36.0,36.36,6.0,3,3,False,35.8406623834553,128.755215545202,532.0,107.0,51.0,206.0,1971.0,60.0,125.0,True,False,False,None
100,30.0,29.8,7.0,2,3,False,35.8393289124996,128.752541949718,341.0,100.0,80.0,258.0,1689.0,39.0,227.0,True,True,False,None
150,28.0,29.8,6.0,3,4,False,35.8386689234406,128.758481141697,573.0,362.0,94.0,87.0,2165.0,104.0,159.0,True,True,False,None
150,35.0,29.8,6.0,3,3,False,35.8417424315828,128.753422440646,610.0,155.0,204.0,406.0,1885.0,37.0,83.0,True,True,False,None
150,30.0,25.0,12.0,3,4,False,35.8401373164019,128.755849512546,507.0,145.0,47.0,131.0,1998.0,47.0,203.0,True,True,False,None
100,27.0,23.0,7.0,2,4,False,35.8396364764127,128.755997171813,469.0,134.0,59.0,113.0,1989.0,31.0,203.0,True,True,False,None
50,22.0,29.8,6.0,3,3,False,35.8448068186837,128.757410621619,1033.0,350.0,189.0,518.0,2371.0,41.0,308.0,True,True,False,None
50,27.0,40.0,6.0,1,3,False,35.8436231184185,128.748863422573,893.0,173.0,20.0,820.0,1687.0,58.0,143.0,True,False,False,None
100,25.0,29.8,6.0,2,3,False,35.8449313719771,128.757390902865,1046.0,345.0,183.0,532.0,2378.0,54.0,318.0,True,True,False,None
200,35.0,27.0,7.0,2,3,False,35.8393289124996,128.752541949718,341.0,100.0,80.0,258.0,1689.0,39.0,227.0,True,True,False,None
100,30.0,30.0,6.0,2,3,False,35.8212893435649,128.756228640919,1694.0,69.0,118.0,163.0,2276.0,55.0,136.0,True,True,False,None
300,38.0,30.0,6.0,2,4,False,35.8224885863748,128.757977150293,1601.0,275.0,235.0,360.0,2338.0,166.0,342.0,True,True,False,None
30,16.0,49.58,6.0,1,3,False,35.842186310850295,128.7499068387001,709.0,327.0,37.0,640.0,1652.0,71.0,47.0,True,False,True,월세_low 전용면적_high
50,20.0,26.44,6.0,2,3,False,35.8430215111795,128.755500172089,787.0,159.0,90.0,391.0,2119.0,152.0,251.0,False,True,False,None
100,32.0,45.0,6.0,2,4,False,35.8428263094505,128.758095704825,868.0,298.0,164.0,292.0,2311.0,94.0,181.0,True,True,False,None
50,22.0,29.8,6.0,2,3,False,35.8436231184185,128.748863422573,893.0,173.0,20.0,820.0,1687.0,58.0,143.0,True,True,False,None
100,25.0,26.0,6.0,4,4,False,35.8394183312754,128.764158287098,1077.0,125.0,125.0,193.0,2680.0,78.0,116.0,True,True,False,None
100,32.0,29.8,6.0,2,4,False,35.8406849670364,128.757098108991,622.0,205.0,52.0,99.0,2126.0,43.0,100.0,True,True,False,None
100,27.0,29.8,6.0,3,3,False,35.8425321797142,128.753533346217,698.0,176.0,250.0,451.0,1940.0,77.0,159.0,True,True,False,None
100,30.0,29.8,14.0,2,4,False,35.8383520873484,128.759472146022,639.0,457.0,39.0,175.0,2241.0,35.0,194.0,True,True,False,None
200,37.0,27.0,6.0,2,4,False,35.8396223612985,128.757048882309,530.0,227.0,70.0,26.0,2077.0,80.0,121.0,True,True,False,None
100,32.0,20.0,6.0,3,4,False,35.8408197089072,128.755382805088,554.0,92.0,45.0,202.0,1992.0,41.0,133.0,False,True,False,None
200,33.0,20.0,6.0,4,4,False,35.8387364479259,128.751545407325,298.0,196.0,76.0,266.0,1580.0,79.0,280.0,False,True,False,None
100,32.0,20.0,6.0,2,3,False,35.8389804903939,128.751216554929,335.0,220.0,111.0,306.0,1565.0,98.0,321.0,False,True,False,None
100,25.0,29.8,6.0,4,4,False,35.8390799865801,128.766296873376,1251.0,175.0,95.0,304.0,2857.0,48.0,36.0,True,True,False,None
200,38.0,20.0,6.0,2,4,False,35.8404779001754,128.756894002318,592.0,203.0,26.0,81.0,2100.0,69.0,110.0,False,True,False,None
100,28.0,29.8,6.0,3,3,False,35.8395735526315,128.752289694324,370.0,128.0,115.0,291.0,1680.0,19.0,218.0,True,True,False,None
150,30.0,29.8,6.0,1,3,False,35.8396658918377,128.752760963793,377.0,94.0,77.0,262.0,1723.0,61.0,185.0,True,True,False,None
200,31.0,29.8,6.0,2,4,False,35.8404779001754,128.756894002318,592.0,203.0,26.0,81.0,2100.0,69.0,110.0,True,True,False,None
200,30.0,29.8,13.0,2,5,True,35.841625403102,128.758512990787,783.0,304.0,107.0,159.0,2285.0,50.0,59.0,True,True,False,None
200,33.0,26.44,6.0,2,3,False,35.8393039567616,128.752924536222,337.0,65.0,55.0,226.0,1720.0,55.0,213.0,True,True,False,None
100,35.0,29.8,6.0,2,3,False,35.8396757827131,128.751891320114,388.0,166.0,146.0,328.0,1653.0,33.0,235.0,True,True,False,None
200,38.0,45.0,6.0,2,4,True,35.8428592104078,128.758335154264,883.0,319.0,186.0,295.0,2332.0,90.0,160.0,True,False,False,None
200,38.0,28.0,6.0,3,4,False,35.8399179068708,128.753084131462,405.0,94.0,66.0,259.0,1762.0,100.0,146.0,True,True,False,None
100,32.0,23.14,7.0,1,4,False,35.8378024582002,128.754433967554,221.0,172.0,14.0,72.0,1788.0,63.0,103.0,True,True,False,None
200,37.0,34.0,6.0,1,3,False,35.8208633302518,128.755942314591,1736.0,20.0,71.0,133.0,2283.0,108.0,84.0,True,True,False,None
70,25.0,19.83,7.0,2,3,False,35.8293214585443,128.739881199876,543.0,180.0,143.0,359.0,567.0,214.0,196.0,True,True,False,None
200,45.0,20.0,6.0,1,3,False,35.8389684806623,128.75269515277,300.0,89.0,40.0,223.0,1686.0,48.0,240.0,False,True,False,None
100,33.0,20.0,6.0,2,3,False,35.8412605469108,128.757594883716,700.0,225.0,91.0,133.0,2193.0,41.0,110.0,False,True,False,None
200,45.0,20.0,6.0,2,3,False,35.8393226755748,128.753160894204,340.0,45.0,39.0,210.0,1740.0,39.0,204.0,False,True,False,None
200,33.0,20.0,6.0,2,4,False,35.8407867376246,128.755141590639,542.0,93.0,62.0,218.0,1971.0,63.0,113.0,False,True,False,None
4500,5.0,26.45,6.0,3,3,False,35.83902076655612,128.75193999493786,316.0,154.0,101.0,264.0,1626.0,52.0,280.0,False,True,True,월세_low 보증금_high
200,35.0,20.0,6.0,2,3,False,35.8406028435541,128.753992208087,492.0,147.0,68.0,282.0,1869.0,154.0,53.0,False,True,False,None
100,30.0,26.45,6.0,3,3,False,35.8385750023731,128.754032105073,277.0,78.0,56.0,100.0,1781.0,75.0,176.0,True,True,False,None
100,30.0,30.0,6.0,2,4,False,35.8208147397051,128.755184998559,1732.0,49.0,21.0,66.0,2231.0,66.0,46.0,True,True,False,None
200,33.0,33.05,14.0,4,4,False,35.8387143682521,128.751533191002,296.0,197.0,73.0,265.0,1578.0,77.0,279.0,True,True,False,None
100,28.0,30.0,6.0,1,3,False,35.8230278037711,128.755080930718,1487.0,197.0,89.0,239.0,2083.0,77.0,270.0,True,True,False,None
100,29.0,23.14,6.0,2,4,False,35.8307521424169,128.747453059479,686.0,700.0,138.0,857.0,1105.0,164.0,181.0,True,True,False,None
200,35.0,33.05,11.0,4,4,False,35.8405656533684,128.756210997979,565.0,152.0,41.0,126.0,2047.0,47.0,173.0,True,True,False,None
100,30.0,33.06,24.0,1,3,False,35.8409511039156,128.753030730161,520.0,202.0,157.0,354.0,1810.0,72.0,76.0,True,True,False,None
100,30.0,33.06,23.0,2,3,False,35.8422054255653,128.751155317314,677.0,365.0,108.0,566.0,1743.0,0.0,117.0,False,True,False,None
100,28.0,26.45,7.134969325153374,1,3,False,35.8396364764134,128.755997171813,469.0,134.0,59.0,113.0,1989.0,31.0,203.0,False,True,False,None
200,35.0,26.45,6.0,3,4,True,35.8391852508878,128.758433000592,598.0,350.0,143.0,47.0,2178.0,70.0,106.0,True,True,False,None
200,35.0,25.5,6.0,4,4,False,35.8379011490158,128.765278386044,1134.0,265.0,70.0,377.0,2738.0,93.0,101.0,True,False,False,None
150,30.0,27.0,6.0,3,4,False,35.8390834877691,128.759979448065,714.0,476.0,132.0,185.0,2307.0,62.0,142.0,True,True,False,None
200,40.0,20.1,6.0,3,3,False,35.8395600746942,128.753491376098,370.0,42.0,12.0,205.0,1778.0,55.0,171.0,True,True,False,None
200,35.0,27.0,6.0,3,3,False,35.8408817488998,128.753960832477,522.0,135.0,97.0,312.0,1880.0,135.0,23.0,False,True,False,None
150,33.0,22.5,7.0,3,3,False,35.8402857670629,128.753193823108,447.0,127.0,97.0,284.0,1789.0,115.0,106.0,True,True,False,None
200,45.0,26.44,6.0,2,3,False,35.83914658974855,128.7539392244491,334.0,28.0,15.0,144.0,1797.0,45.0,214.0,False,True,False,None
200,37.0,23.14,7.0,2,3,False,35.8386598910617,128.753933155839,282.0,66.0,44.0,112.0,1776.0,62.0,185.0,False,True,False,None
200,37.0,27.0,6.0,4,4,False,35.8409524353182,128.756665752015,623.0,157.0,82.0,138.0,2102.0,75.0,148.0,True,True,False,None
200,36.0,27.0,6.0,4,4,False,35.8388317018315,128.75313902133,285.0,61.0,19.0,185.0,1717.0,38.0,212.0,True,True,False,None
100,30.0,29.75,6.0,2,4,False,35.8208147397044,128.755184998559,1732.0,49.0,21.0,66.0,2231.0,66.0,46.0,True,True,False,None
6000,10.0,33.1,6.0,2,4,False,35.8398100288197,128.762434433632,949.0,241.0,39.0,198.0,2543.0,202.0,68.0,True,True,True,월세_low 보증금_high
200,35.0,30.0,6.0,2,4,False,35.8379011490158,128.765278386044,1134.0,265.0,70.0,377.0,2738.0,93.0,101.0,True,True,False,None
300,45.0,27.0,6.0,2,4,True,35.8383084411914,128.758945069379,593.0,413.0,36.0,144.0,2194.0,79.0,193.0,True,True,False,None
300,50.0,27.0,6.0,2,4,False,35.8378716545081,128.752563893814,179.0,177.0,51.0,134.0,1630.0,56.0,148.0,True,True,True,월세_high
200,35.0,23.14,6.0,2,4,False,35.8401097306666,128.756300327019,527.0,178.0,57.0,91.0,2034.0,70.0,164.0,True,True,False,None
200,28.0,25.5,6.0,2,4,False,35.8194666384794,128.736840731336,1672.0,72.0,124.0,140.0,1508.0,228.0,128.0,True,False,False,None
200,30.0,25.5,6.0,3,4,False,35.8152282650315,128.761548879793,2468.0,168.0,119.0,478.0,3068.0,176.0,199.0,True,False,False,None
200,40.0,49.58,6.0,4,4,False,35.8308998462069,128.747458622594,677.0,696.0,129.0,844.0,1102.0,155.0,184.0,True,True,True,전용면적_high
150,32.0,20.1,7.0,1,3,False,35.8397815652299,128.7522565321,393.0,140.0,124.0,306.0,1688.0,38.0,203.0,False,True,False,None
50,24.0,20.1,6.0,3,3,False,35.8430124816927,128.754958666691,773.0,155.0,132.0,412.0,2077.0,155.0,227.0,True,True,False,None
300,45.0,40.0,6.0,4,4,False,35.8386203543511,128.760216336297,713.0,473.0,109.0,219.0,2313.0,41.0,196.0,True,True,False,None
500,55.0,40.0,6.0,4,4,False,35.8395670517369,128.756542236264,494.0,181.0,46.0,68.0,2032.0,46.0,162.0,True,True,True,월세_high 보증금_high
100,28.0,28.5,6.0,3,3,False,35.8411683218783,128.752002061,549.0,264.0,232.0,428.0,1743.0,31.0,168.0,False,True,False,None
500,50.0,37.5,6.0,2,4,False,35.8153801847063,128.75458297417,2329.0,191.0,121.0,252.0,2606.0,38.0,191.0,True,True,True,월세_high 보증금_high
100,28.0,20.0,6.0,3,3,False,35.8418565810814,128.750346600252,660.0,380.0,78.0,586.0,1661.0,83.0,90.0,True,True,False,None
100,29.0,30.0,6.0,3,4,False,35.8234871028861,128.753871606094,1425.0,139.0,173.0,289.0,1964.0,188.0,225.0,True,True,False,None
300,36.0,40.0,6.0,3,4,True,35.8280677151368,128.737490156119,745.0,118.0,97.0,136.0,576.0,32.0,240.0,True,True,False,None
100,28.0,39.67,6.0,4,4,False,35.8325397127697,128.745785119437,459.0,529.0,15.0,829.0,928.0,214.0,161.0,True,True,False,None
500,35.0,40.0,6.0,2,4,False,35.828833901731,128.739822198253,597.0,175.0,191.0,315.0,604.0,195.0,244.0,True,True,True,보증금_high
200,40.0,33.05,6.0,2,4,True,35.8149696639782,128.755685157312,2383.0,82.0,58.0,250.0,2706.0,148.0,123.0,True,False,False,None
200,35.0,39.67,6.0,2,4,False,35.8203416977442,128.732879090393,1578.0,93.0,86.0,219.0,1426.0,205.0,174.0,True,False,False,None
100,24.0,39.67,6.0,1,3,False,35.815826834409,128.763923521216,2483.0,367.0,196.0,654.0,3194.0,334.0,107.0,True,False,False,None
200,40.0,26.45,6.0,1,4,False,35.8385243350281,128.757628464729,497.0,292.0,109.0,93.0,2087.0,137.0,202.0,False,True,False,None
150,36.0,27.0,6.0,2,3,False,35.8388113370622,128.754342753277,312.0,64.0,54.0,92.0,1817.0,85.0,207.0,True,True,False,None
200,42.0,26.45,6.0,2,4,False,35.8398192414954,128.755083308001,442.0,70.0,46.0,178.0,1921.0,54.0,177.0,True,True,False,None
50,20.0,20.1,6.0,2,3,False,35.8415058375031,128.752925627447,581.0,200.0,206.0,413.0,1833.0,50.0,97.0,True,True,False,None
300,50.0,40.0,6.0,2,4,True,35.8392882215578,128.756432833482,465.0,170.0,14.0,92.0,2012.0,14.0,188.0,True,True,True,월세_high
100,35.0,26.44,6.0,3,3,False,35.839138815754886,128.75249593451022,320.0,103.0,66.0,248.0,1677.0,48.0,247.0,False,True,False,None
150,34.0,23.14,7.0,2,3,False,35.8385858757984,128.755058456559,324.0,97.0,22.0,41.0,1869.0,134.0,203.0,False,True,False,None
300,33.0,33.05,7.0,2,4,False,35.8243794568835,128.723645511913,1156.0,199.0,89.0,126.0,1200.0,72.0,154.0,True,False,False,None
500,50.0,49.58,6.0,4,4,False,35.8158668008986,128.762956229171,2445.0,296.0,120.0,604.0,3122.0,248.0,109.0,True,False,True,월세_high 보증금_high 전용면적_high
100,26.0,33.05,6.0,2,3,False,35.8158268344098,128.763923521215,2483.0,367.0,196.0,654.0,3194.0,334.0,107.0,True,False,False,None
100,24.0,33.05,6.0,1,3,False,35.8158268344098,128.763923521215,2483.0,367.0,196.0,654.0,3194.0,334.0,107.0,True,False,False,None
100,28.0,33.05,6.0,3,4,False,35.8158268344098,128.763923521215,2483.0,367.0,196.0,654.0,3194.0,334.0,107.0,True,True,False,None
500,55.0,45.0,6.0,3,4,False,35.8372289660543,128.751736359274,146.0,279.0,49.0,149.0,1537.0,107.0,188.0,True,True,True,월세_high 보증금_high
200,42.0,30.0,6.0,3,4,True,35.8409388484148,128.755745886485,580.0,94.0,43.0,185.0,2027.0,12.0,162.0,True,True,False,None
100,23.0,25.5,29.0,2,3,False,35.826012000758,128.728327935789,894.0,364.0,24.0,241.0,1011.0,121.0,199.0,True,False,False,None
200,35.0,29.75,6.0,3,4,False,35.84416333999101,128.69625463138928,300.0,34.0,34.0,72.0,118.0,195.0,187.0,False,False,False,None
70,24.0,20.1,6.0,1,3,False,35.8435975057204,128.752976423364,814.0,293.0,293.0,571.0,1967.0,185.0,287.0,True,True,False,None
70,20.0,20.1,6.0,2,3,False,35.8440733879429,128.752124071925,869.0,385.0,258.0,662.0,1939.0,203.0,245.0,True,True,False,None
70,21.0,20.1,6.0,1,3,False,35.8432956103835,128.752718326191,781.0,287.0,259.0,563.0,1929.0,155.0,255.0,True,True,False,None
70,28.0,20.1,6.0,2,3,False,35.8406769754407,128.752598835704,490.0,189.0,160.0,352.0,1762.0,46.0,122.0,True,True,False,None
200,37.0,27.0,6.0,3,4,False,35.8392217870554,128.759495008596,682.0,446.0,130.0,140.0,2270.0,39.0,105.0,False,True,False,None
200,30.0,28.0,16.0,2,4,False,35.8305119648581,128.730394458983,434.0,201.0,109.0,296.0,537.0,56.0,204.0,True,False,False,None
100,33.0,23.14,6.0,3,3,False,35.8390759800663,128.753461241684,316.0,21.0,2.0,172.0,1754.0,2.0,224.0,False,True,False,None
200,30.0,26.45,7.0,4,4,False,35.8379224373469,128.754239954949,221.0,153.0,1.0,80.0,1775.0,67.0,110.0,True,True,False,None
150,29.0,23.14,6.0,2,3,False,35.8388113370622,128.754342753277,312.0,64.0,54.0,92.0,1817.0,85.0,207.0,True,True,False,None
200,35.0,40.0,6.0,4,4,False,35.8314500261897,128.748694455965,655.0,796.0,13.0,728.0,1201.0,28.0,129.0,True,True,False,None
200,32.0,27.0,6.0,3,4,False,35.8395157336913,128.760639068462,789.0,406.0,116.0,224.0,2379.0,133.0,164.0,True,True,False,None
200,43.0,25.5,6.0,2,3,False,35.8393274548845,128.750769223076,388.0,259.0,165.0,361.0,1545.0,124.0,339.0,False,True,False,None
150,35.0,29.75,11.0,2,3,False,35.838827603984,128.754715952571,329.0,61.0,63.0,74.0,1849.0,117.0,219.0,True,True,False,None
100,27.0,33.06,24.0,3,3,False,35.8164702840775,128.762618412947,2372.0,284.0,82.0,645.0,3057.0,209.0,37.0,True,True,False,None
200,35.0,20.0,6.0,2,3,False,35.8408817488998,128.753960832477,522.0,135.0,97.0,312.0,1880.0,135.0,23.0,True,True,False,None
300,50.0,30.0,6.0,2,4,False,35.8378716545081,128.752563893814,179.0,177.0,51.0,134.0,1630.0,56.0,148.0,False,True,True,월세_high
2000,40.0,27.6,6.0,2,4,False,35.8169309303019,128.72776526796,1904.0,211.0,232.0,342.0,1917.0,278.0,187.0,True,False,True,보증금_high
200,31.0,39.67,6.0,2,4,True,35.8149696639775,128.755685157312,2383.0,82.0,58.0,250.0,2706.0,148.0,123.0,True,False,False,None
200,42.0,29.75,11.0,3,4,True,35.840982468128,128.755831843447,588.0,95.0,49.0,182.0,2036.0,13.0,169.0,False,True,False,None
150,38.0,27.0,6.0,2,4,False,35.8410557143652,128.755610898279,587.0,76.0,58.0,202.0,2022.0,29.0,149.0,True,True,False,None
200,42.0,27.0,6.0,3,4,False,35.8409388484141,128.755745886485,580.0,94.0,43.0,185.0,2027.0,12.0,162.0,True,True,False,None
200,30.0,27.5,6.0,4,4,False,35.8388993179307,128.758925912597,620.0,397.0,96.0,100.0,2211.0,62.0,128.0,False,True,False,None
150,35.0,33.05,26.0,3,3,False,35.8408589934826,128.753735669256,516.0,153.0,105.0,317.0,1861.0,133.0,26.0,True,True,False,None
200,36.0,27.0,7.0,1,3,False,35.838657159848,128.75392889032,282.0,66.0,45.0,112.0,1776.0,62.0,185.0,False,True,False,None
200,32.0,26.45,6.0,3,4,False,35.8395527876078,128.756802879509,509.0,204.0,58.0,48.0,2053.0,58.0,143.0,True,True,False,None
200,47.0,40.0,6.0,3,4,False,35.8386709827854,128.757465920057,493.0,273.0,99.0,84.0,2078.0,116.0,190.0,True,True,False,None
100,34.0,29.75,7.134969325153374,2,3,False,35.8378143531169,128.751506539883,210.0,247.0,37.0,197.0,1538.0,62.0,226.0,False,True,False,None
200,45.0,27.0,6.0,1,3,False,35.8395802688636,128.752860895366,367.0,82.0,66.0,249.0,1727.0,67.0,188.0,True,True,False,None
200,33.0,27.0,6.0,2,4,True,35.8400713261704,128.759110051194,704.0,397.0,78.0,75.0,2268.0,71.0,16.0,False,True,False,None
200,42.0,40.0,6.0,2,4,False,35.8399098694701,128.754437223397,428.0,62.0,20.0,196.0,1872.0,114.0,139.0,True,True,False,None
200,33.0,30.0,6.0,4,4,False,35.8382044997829,128.754782238973,276.0,130.0,20.0,24.0,1831.0,118.0,154.0,False,True,False,None
200,35.0,30.0,6.0,2,4,False,35.8402135342987,128.75631921638,538.0,185.0,53.0,95.0,2040.0,79.0,161.0,False,True,False,None
200,38.0,30.0,6.0,3,4,True,35.8392882215578,128.756432833482,465.0,170.0,14.0,92.0,2012.0,14.0,188.0,False,True,False,None
300,50.0,40.0,6.0,2,4,True,35.8392882215578,128.756432833482,465.0,170.0,14.0,92.0,2012.0,14.0,188.0,True,True,True,월세_high
200,30.0,30.0,6.0,3,4,False,35.8405656533684,128.756210997979,565.0,152.0,41.0,126.0,2047.0,47.0,173.0,False,True,False,None
200,28.0,19.83,6.0,3,4,False,35.840091324207,128.759578183537,740.0,435.0,42.0,116.0,2309.0,83.0,58.0,True,True,False,None
200,29.0,19.83,6.0,3,4,False,35.837721345709,128.757911649358,483.0,353.0,124.0,178.0,2087.0,191.0,275.0,True,True,False,None
500,45.0,49.59,6.0,3,4,False,35.8174412187687,128.75808667108,2147.0,263.0,94.0,443.0,2671.0,69.0,104.0,True,False,True,보증금_high 전용면적_high
200,36.0,30.0,7.0,1,3,False,35.8386598910617,128.753933155839,282.0,66.0,44.0,112.0,1776.0,62.0,185.0,True,True,False,None
100,32.0,29.8,6.0,3,4,False,35.8394972694718,128.756193307234,468.0,149.0,38.0,100.0,2000.0,38.0,194.0,True,True,False,None
200,40.0,40.0,6.0,2,3,False,35.8428497159164,128.748700239429,821.0,195.0,88.0,770.0,1617.0,46.0,117.0,True,True,False,None
100,27.0,27.0,6.0,2,3,False,35.8413709870081,128.751668195445,576.0,299.0,195.0,465.0,1729.0,68.0,200.0,False,True,False,None
200,30.0,27.0,6.0,1,3,False,35.8428497159164,128.748700239429,821.0,195.0,88.0,770.0,1617.0,46.0,117.0,False,True,False,None
200,38.0,27.0,6.0,3,4,True,35.8392882215578,128.756432833482,465.0,170.0,14.0,92.0,2012.0,14.0,188.0,True,True,False,None
100,25.0,27.0,6.0,3,3,False,35.8225547050177,128.75613613992,1554.0,196.0,75.0,234.0,2192.0,61.0,254.0,True,True,False,None
200,42.0,25.0,6.0,2,4,True,35.8398192414954,128.755083308001,442.0,70.0,46.0,178.0,1921.0,54.0,177.0,False,True,False,None
300,35.0,39.67,6.0,2,4,False,35.814678552992,128.753589965468,2403.0,215.0,86.0,260.0,2608.0,110.0,94.0,True,False,False,None
200,30.0,27.0,6.0,4,4,False,35.8405656533684,128.756210997979,565.0,152.0,41.0,126.0,2047.0,47.0,173.0,True,True,False,None
100,30.0,34.0,6.0,2,3,False,35.8215002216798,128.75540124409,1659.0,81.0,42.0,105.0,2202.0,65.0,124.0,True,True,False,None
100,28.0,20.1,6.0,3,3,False,35.8425321797142,128.753533346217,698.0,176.0,250.0,451.0,1940.0,77.0,159.0,True,True,False,None
200,39.0,25.0,6.0,3,4,False,35.8389685278027,128.758550172723,594.0,363.0,116.0,67.0,2181.0,74.0,125.0,True,False,False,None
100,30.0,23.14,6.0,2,3,False,35.8387264464304,128.754441812874,308.0,71.0,67.0,79.0,1822.0,96.0,201.0,False,True,False,None
100,28.0,20.1,6.0,3,3,False,35.8404514769857,128.753410400474,467.0,140.0,99.0,289.0,1814.0,120.0,80.0,False,True,False,None
100,22.0,20.1,7.0,3,3,False,35.8399191547025,128.75240564293,407.0,137.0,117.0,304.0,1707.0,57.0,183.0,True,True,False,None
200,35.0,33.05,6.0,2,4,False,35.8324896973947,128.745983763936,478.0,547.0,10.0,818.0,946.0,232.0,168.0,False,True,False,None
100,30.0,39.67,6.0,3,4,False,35.8309654695208,128.748281028699,720.0,767.0,79.0,794.0,1173.0,91.0,118.0,True,False,False,None
100,26.0,29.4,6.0,2,3,False,35.8229785279371,128.717669168947,1574.0,109.0,328.0,205.0,1332.0,242.0,184.0,False,False,False,None
500,45.0,35.5,6.0,3,4,True,35.8157310300643,128.738316109172,2058.0,349.0,176.0,321.0,1936.0,431.0,72.0,True,False,True,보증금_high
200,27.0,35.5,6.0,2,3,False,35.8010841681901,128.73731712558,3687.0,332.0,26.0,358.0,2549.0,27.0,95.0,True,False,False,None
100,35.0,23.1,6.0,2,3,False,35.8409622597752,128.752445193237,522.0,223.0,194.0,385.0,1765.0,19.0,128.0,True,True,False,None
70,24.0,33.0,6.0,2,3,False,35.8434670490915,128.752937582653,800.0,285.0,284.0,562.0,1956.0,171.0,275.0,True,True,False,None
100,27.0,26.44,15.0,2,3,False,35.840096880667,128.751044328208,455.0,254.0,233.0,408.0,1608.0,121.0,276.0,True,True,False,None
200,37.0,27.0,6.0,2,3,False,35.8396628321723,128.752390043449,379.0,124.0,109.0,289.0,1693.0,32.0,205.0,False,True,False,None
200,32.0,25.0,6.0,2,4,True,35.8443373695665,128.759925771967,1100.0,234.0,64.0,341.0,2537.0,128.0,129.0,True,True,False,None
200,38.0,25.0,6.0,3,5,True,35.8415726717686,128.757627336635,729.0,224.0,117.0,164.0,2210.0,31.0,122.0,True,True,False,None
200,35.0,33.06,6.0,2,4,False,35.8382637992626,128.764932287759,1111.0,224.0,89.0,330.0,2716.0,85.0,56.0,True,True,False,None
100,27.0,25.0,6.0,1,4,False,35.8430837825354,128.763952609876,1254.0,327.0,76.0,140.0,2799.0,116.0,143.0,True,True,False,None
100,30.0,25.0,6.0,2,4,False,35.839260004356,128.764219632285,1077.0,136.0,135.0,211.0,2680.0,75.0,98.0,False,False,False,None
100,20.0,20.0,6.0,2,5,True,35.8427170069011,128.76340760983,1191.0,309.0,49.0,96.0,2737.0,54.0,81.0,True,True,False,None
1000,25.0,35.0,6.0,3,4,False,35.8382768694627,128.764705045588,1091.0,225.0,109.0,324.0,2697.0,102.0,36.0,True,True,True,보증금_high
200,38.0,27.0,6.0,4,4,False,35.8372434676934,128.752385623606,116.0,246.0,32.0,96.0,1593.0,105.0,130.0,False,True,False,None
200,35.0,33.0,6.0,2,4,False,35.8373442163176,128.751458465619,173.0,285.0,38.0,177.0,1517.0,105.0,215.0,True,True,False,None
300,37.0,24.24,6.0,2,4,True,35.8272652799756,128.734638519651,943.0,95.0,29.0,247.0,641.0,75.0,233.0,True,False,False,None
100,25.0,27.0,6.0,3,4,False,35.8381154476728,128.754728152999,265.0,139.0,21.0,31.0,1824.0,107.0,143.0,True,True,False,None
200,37.0,27.0,6.0,2,4,False,35.8409524353182,128.756665752015,623.0,157.0,82.0,138.0,2102.0,75.0,148.0,True,True,False,None
200,40.0,27.0,6.0,4,4,False,35.8369375397417,128.752292685289,89.0,280.0,51.0,93.0,1575.0,108.0,136.0,True,True,False,None
150,32.0,27.0,6.0,4,4,False,35.8408197089072,128.755382805088,554.0,92.0,45.0,202.0,1992.0,41.0,133.0,True,True,False,None
300,60.0,40.0,6.0,2,3,False,35.843841766551,128.757555006382,942.0,329.0,183.0,410.0,2325.0,72.0,249.0,True,True,True,월세_high
200,48.0,27.0,6.0,1,3,False,35.8390467236721,128.753224541774,310.0,41.0,21.0,188.0,1733.0,21.0,232.0,True,True,False,None
200,48.0,27.0,6.0,2,3,False,35.8390467236721,128.753224541774,310.0,41.0,21.0,188.0,1733.0,21.0,232.0,True,True,False,None
200,32.0,27.0,6.0,1,3,False,35.840129470245,128.752455534077,430.0,148.0,125.0,316.0,1721.0,80.0,164.0,True,True,False,None
150,40.0,27.0,6.0,2,4,False,35.8410454705292,128.755633581429,586.0,78.0,56.0,200.0,2023.0,27.0,151.0,True,True,False,None
200,36.0,26.45,6.0,2,3,False,35.8392551954616,128.753653877076,339.0,6.0,11.0,171.0,1778.0,28.0,202.0,True,True,False,None
100,30.0,40.0,6.0,3,4,False,35.8165066034343,128.762304785647,2358.0,260.0,56.0,636.0,3032.0,181.0,42.0,True,True,False,None
300,33.0,26.2,7.0,2,3,False,35.824379456883,128.723645511913,1156.0,199.0,89.0,126.0,1200.0,72.0,154.0,True,False,False,None
150,35.0,27.0,6.0,2,4,False,35.8382278221322,128.757877784884,502.0,325.0,122.0,122.0,2099.0,174.0,224.0,False,True,False,None
200,36.0,27.0,6.0,3,3,False,35.8394776528494,128.753581859678,362.0,31.0,0.0,193.0,1782.0,48.0,179.0,True,True,False,None
200,35.0,27.0,6.0,2,3,False,35.8408817488998,128.753960832477,522.0,135.0,97.0,312.0,1880.0,135.0,23.0,True,True,False,None
100,35.0,26.45,6.0,2,3,False,35.8384558973505,128.75450568527,284.0,100.0,58.0,56.0,1817.0,116.0,174.0,True,True,False,None
100,35.0,29.75,7.134969325153374,2,3,False,35.8378143531169,128.751506539883,210.0,247.0,37.0,197.0,1538.0,62.0,226.0,True,True,False,None
200,35.0,29.75,11.0,2,4,False,35.8405656533677,128.75621099798,565.0,152.0,41.0,126.0,2047.0,47.0,173.0,True,True,False,None
200,37.0,26.45,6.0,2,4,False,35.8399077379254,128.76191036205,910.0,286.0,86.0,179.0,2501.0,216.0,87.0,True,True,False,None
150,35.0,26.45,6.0,1,3,False,35.8388113370615,128.754342753278,312.0,64.0,54.0,92.0,1817.0,85.0,207.0,True,True,False,None
300,45.0,30.0,6.0,1,3,False,35.8233251312041,128.754417512895,1447.0,159.0,137.0,266.0,2015.0,139.0,242.0,True,True,False,None
300,45.0,30.0,6.0,3,3,False,35.8233251312041,128.754417512895,1447.0,159.0,137.0,266.0,2015.0,139.0,242.0,True,True,False,None
200,49.0,40.0,6.0,1,4,False,35.8373416662741,128.751157397615,194.0,305.0,12.0,203.0,1491.0,113.0,241.0,True,True,False,None
200,40.0,30.0,6.0,2,4,False,35.8385715940321,128.758235413381,548.0,343.0,105.0,88.0,2140.0,126.0,176.0,True,True,False,None
200,35.0,30.0,6.0,3,4,False,35.8225734928294,128.757372021792,1577.0,245.0,183.0,319.0,2286.0,128.0,311.0,True,True,False,None
200,38.0,23.14,6.0,2,4,False,35.8380704794718,128.756572093403,390.0,232.0,36.0,138.0,1981.0,125.0,250.0,False,True,False,None
200,37.0,30.0,6.0,2,4,False,35.8382375042062,128.75924175123,615.0,441.0,18.0,168.0,2217.0,59.0,203.0,True,True,False,None
300,52.0,40.0,6.0,4,4,False,35.8392954893512,128.758806395796,633.0,383.0,141.0,78.0,2214.0,34.0,84.0,True,True,True,월세_high
200,35.0,27.0,6.0,3,3,False,35.8388317018315,128.75313902133,285.0,61.0,19.0,185.0,1717.0,38.0,212.0,True,True,False,None
500,50.0,39.67,6.0,2,3,False,35.8372289660536,128.751736359274,146.0,279.0,49.0,149.0,1537.0,107.0,188.0,False,True,True,월세_high 보증금_high
300,35.0,35.5,6.0,2,4,False,35.8228932408803,128.73926641188,1257.0,234.0,136.0,158.0,1173.0,201.0,120.0,True,False,False,None
100,35.0,50.0,6.0,3,4,False,35.8244921905042,128.738557415408,1093.0,322.0,56.0,90.0,984.0,46.0,113.0,True,False,True,전용면적_high
100,27.0,27.0,6.0,2,3,False,35.8218739108939,128.756259003056,1631.0,127.0,90.0,192.0,2242.0,14.0,190.0,True,True,False,None
100,25.0,29.75,28.0,1,3,False,35.8378143531176,128.751506539883,210.0,247.0,37.0,197.0,1538.0,62.0,226.0,False,True,False,None
500,39.0,49.59,6.0,3,4,True,35.8280677151368,128.737490156119,745.0,118.0,97.0,136.0,576.0,32.0,240.0,True,False,True,보증금_high 전용면적_high
200,30.0,39.66,24.0,2,3,False,35.8161177582731,128.762913651929,2418.0,297.0,108.0,625.0,3102.0,238.0,81.0,True,False,False,None
100,25.0,39.67,6.0,1,3,False,35.8162160278664,128.762670875616,2400.0,279.0,85.0,623.0,3078.0,215.0,65.0,False,False,False,None
200,27.0,39.67,6.0,2,3,False,35.8161177582731,128.762913651929,2418.0,297.0,108.0,625.0,3102.0,238.0,81.0,True,False,False,None
1000,45.0,59.5,6.0,3,4,False,35.8145978135243,128.753793637868,2412.0,235.0,71.0,242.0,2627.0,110.0,95.0,True,False,True,보증금_high 전용면적_high
300,35.0,42.0,6.0,2,4,False,35.8022915884211,128.736575515635,3561.0,326.0,54.0,278.0,2617.0,14.0,168.0,True,False,False,None
200,35.0,40.0,6.0,2,4,True,35.8254861053787,128.735411411036,1086.0,25.0,126.0,105.0,834.0,163.0,129.0,False,True,False,None
200,35.0,31.8,6.0,3,4,False,35.8103468012132,128.759781607781,2950.0,190.0,100.0,56.0,3336.0,75.0,68.0,True,True,False,None
500,40.0,50.0,6.0,4,4,False,35.8097195112824,128.759074792766,3006.0,113.0,29.0,137.0,3348.0,70.0,161.0,False,False,True,보증금_high 전용면적_high
300,45.0,48.5,7.0,2,3,False,35.8170973997749,128.739655859676,1895.0,187.0,17.0,227.0,1806.0,243.0,198.0,True,False,True,전용면적_high
300,35.0,39.67,6.0,2,4,False,35.817441218768,128.75808667108,2147.0,263.0,94.0,443.0,2671.0,69.0,104.0,True,True,False,None
200,38.0,42.98,6.0,2,4,False,35.8095330132332,128.759306314942,3030.0,92.0,0.0,133.0,3377.0,92.0,161.0,True,False,False,None
200,35.0,39.67,6.0,2,4,False,35.8097374808418,128.759238475581,3007.0,114.0,24.0,124.0,3356.0,72.0,148.0,True,True,False,None
100,27.0,39.67,6.0,4,4,False,35.8270826116024,128.735519097105,927.0,149.0,55.0,165.0,657.0,131.0,161.0,False,False,False,None
200,35.0,42.98,6.0,2,4,False,35.8095663702785,128.759440688794,3029.0,98.0,13.0,121.0,3382.0,97.0,150.0,True,True,False,None
200,32.0,40.0,6.0,4,4,False,35.8102683552967,128.759452527175,2953.0,175.0,83.0,86.0,3323.0,46.0,98.0,True,True,False,None
200,38.0,40.0,6.0,3,4,False,35.8095330132339,128.759306314942,3030.0,92.0,0.0,133.0,3377.0,92.0,161.0,True,False,False,None
200,33.0,39.67,6.0,2,4,False,35.8188561082925,128.754736816928,1944.0,112.0,13.0,199.0,2340.0,251.0,138.0,True,True,False,None
300,43.0,49.59,6.0,2,4,False,35.8188071758624,128.754860320795,1951.0,118.0,25.0,204.0,2352.0,259.0,138.0,True,False,True,전용면적_high
100,26.0,39.67,6.0,2,4,False,35.8162839168605,128.762502660006,2387.0,267.0,69.0,622.0,3062.0,199.0,58.0,True,True,False,None
300,30.0,40.0,6.0,3,4,False,35.820336121121,128.724371412286,1567.0,158.0,66.0,328.0,1652.0,61.0,91.0,True,True,False,None
500,50.0,49.59,6.0,2,4,True,35.8146505987073,128.755825385599,2420.0,67.0,43.0,218.0,2741.0,176.0,98.0,True,False,True,월세_high 보증금_high 전용면적_high
100,22.0,33.05,6.0,2,3,False,35.8157972111757,128.763707014991,2478.0,357.0,186.0,639.0,3181.0,315.0,116.0,True,False,False,None
200,45.0,56.2,6.0,2,4,False,35.8122967655743,128.76104778245,2767.0,118.0,16.0,197.0,3255.0,118.0,69.0,True,True,True,전용면적_high
200,40.0,49.59,6.0,2,3,False,35.8107642198599,128.758752455538,2886.0,201.0,146.0,79.0,3240.0,51.0,151.0,True,False,True,전용면적_high
300,37.0,39.67,6.0,3,4,True,35.817238223191,128.75804778584,2168.0,246.0,79.0,441.0,2683.0,47.0,104.0,True,False,False,None
200,25.0,38.5,6.0,3,4,False,35.8215227344658,128.739271248138,1408.0,203.0,200.0,269.0,1319.0,167.0,176.0,True,False,False,None
100,22.0,40.0,6.0,3,3,False,35.8157972111757,128.763707014991,2478.0,357.0,186.0,639.0,3181.0,315.0,116.0,True,False,False,None
200,33.0,39.67,6.0,2,4,False,35.8098391417157,128.759102101806,2993.0,126.0,39.0,129.0,3339.0,57.0,150.0,True,False,False,None
100,25.0,39.67,6.0,1,3,False,35.8163770562549,128.762560480111,2379.0,275.0,75.0,634.0,3059.0,204.0,47.0,True,False,False,None
100,22.0,39.67,6.0,3,4,False,35.8248582227229,128.738308694449,1058.0,290.0,80.0,89.0,939.0,62.0,138.0,False,False,False,None
200,30.0,39.67,6.0,2,4,False,35.8157737533948,128.762898300399,2453.0,289.0,119.0,592.0,3124.0,246.0,117.0,True,True,False,None
500,40.0,25.5,6.0,1,4,False,35.8095022830291,128.759171003505,3031.0,88.0,13.0,144.0,3372.0,88.0,167.0,True,True,True,보증금_high
200,28.0,39.67,6.0,2,4,False,35.8195556661654,128.740689792531,1618.0,143.0,33.0,267.0,1565.0,182.0,124.0,False,False,False,None
1000,35.0,56.2,6.0,2,4,False,35.811082310214,128.760180950181,2878.0,126.0,99.0,86.0,3299.0,126.0,52.0,True,True,True,보증금_high 전용면적_high
200,37.0,21.75,6.0,2,4,False,35.8152501073161,128.763402060158,2524.0,291.0,190.0,575.0,3196.0,291.0,107.0,True,False,False,None
200,35.0,39.67,6.0,2,4,False,35.8175707158298,128.75907155466322,2154.0,239.0,68.0,532.0,2730.0,138.0,43.0,True,True,False,None
200,28.0,39.66,6.0,2,3,False,35.8161177582731,128.762913651929,2418.0,297.0,108.0,625.0,3102.0,238.0,81.0,True,False,False,None
200,32.0,39.67,6.0,1,3,False,35.8159363427314,128.762497188537,2423.0,256.0,79.0,588.0,3085.0,206.0,96.0,True,False,False,None
500,45.0,49.59,6.0,3,4,False,35.8175755764862,128.759078078945,2154.0,240.0,67.0,532.0,2730.0,139.0,43.0,True,False,True,보증금_high 전용면적_high
200,38.0,39.67,6.0,4,4,True,35.8116039123255,128.75964971275,2811.0,174.0,59.0,49.0,3224.0,59.0,126.0,True,True,False,None
300,35.0,42.98,6.0,4,4,False,35.828833901731,128.739822198253,597.0,175.0,191.0,315.0,604.0,195.0,244.0,False,False,False,None
100,20.0,26.45,7.0,2,3,False,35.8220901890673,128.7395193049,1343.0,225.0,181.0,232.0,1265.0,188.0,206.0,True,False,False,None
300,40.0,39.67,7.0,2,3,False,35.8170973997743,128.739655859676,1895.0,187.0,17.0,227.0,1806.0,243.0,198.0,False,False,False,None
200,37.0,22.75,6.0,3,4,False,35.8152501073161,128.763402060158,2524.0,291.0,190.0,575.0,3196.0,291.0,107.0,True,True,False,None
200,45.0,33.06,6.0,2,3,False,35.8393226755741,128.753160894204,340.0,45.0,39.0,210.0,1740.0,39.0,204.0,True,True,False,None
200,36.0,27.0,6.0,3,3,False,35.8391617112148,128.752736367882,321.0,81.0,55.0,233.0,1698.0,63.0,235.0,True,True,False,None
200,30.0,39.67,6.0,2,4,True,35.8195193217997,128.735096396282,1709.0,147.0,112.0,278.0,1498.0,134.0,226.0,True,False,False,None
200,45.0,20.0,6.0,2,4,False,35.8369375397417,128.752292685289,89.0,280.0,51.0,93.0,1575.0,108.0,136.0,False,True,False,None
100,27.0,27.0,6.0,1,3,True,35.8419969790893,128.751947577142,641.0,291.0,183.0,505.0,1788.0,75.0,192.0,False,True,False,None
70,23.0,26.44,18.0,2,4,False,35.8365245478869,128.751798777478,99.0,341.0,37.0,141.0,1520.0,159.0,188.0,True,True,False,None
100,30.0,23.14,6.0,3,4,False,35.8390834877691,128.759979448065,714.0,476.0,132.0,185.0,2307.0,62.0,142.0,True,True,False,None
200,35.0,26.45,6.0,3,4,False,35.8402527935126,128.755895883513,520.0,157.0,35.0,131.0,2007.0,61.0,199.0,True,True,False,None
200,33.0,26.0,6.0,2,4,True,35.8443375,128.75991800000048,1099.0,234.0,65.0,341.0,2536.0,128.0,129.0,False,True,False,None
200,35.0,23.14,6.0,2,4,False,35.8401097306666,128.756300327019,527.0,178.0,57.0,91.0,2034.0,70.0,164.0,True,True,False,None
500,50.0,30.0,6.0,7,7,True,35.84146636018,128.760352385088,889.0,443.0,17.0,130.0,2430.0,149.0,134.0,True,True,True,월세_high 보증금_high
200,32.0,39.67,26.0,2,3,False,35.8210666237514,128.725786862302,1462.0,152.0,159.0,312.0,1589.0,126.0,227.0,True,False,False,None
500,44.0,39.67,6.0,2,4,True,35.8363880269208,128.727132741438,282.0,108.0,108.0,156.0,656.0,70.0,144.0,True,False,True,보증금_high
200,28.0,25.5,6.0,3,4,False,35.824534521868,128.739611160064,1072.0,381.0,109.0,183.0,1010.0,61.0,66.0,True,False,False,None
500,45.0,25.5,6.0,3,4,False,35.819422215983,128.748206619449,1755.0,210.0,56.0,453.0,1894.0,149.0,67.0,True,False,True,보증금_high
500,40.0,35.5,6.0,3,4,False,35.8171935918045,128.748036264625,1983.0,363.0,192.0,427.0,2088.0,230.0,210.0,True,False,True,보증금_high
100,25.0,25.5,6.0,2,3,False,35.8163770562557,128.76256048011,2379.0,275.0,75.0,634.0,3059.0,204.0,47.0,True,True,False,None
500,45.0,35.5,6.0,4,4,False,35.8237812671939,128.734418514648,1266.0,25.0,25.0,75.0,1029.0,50.0,129.0,True,False,True,보증금_high
200,32.0,35.5,6.0,3,4,True,35.8187300557067,128.738878281432,1721.0,42.0,156.0,83.0,1614.0,280.0,114.0,True,False,False,None
300,38.0,29.75,6.0,4,4,True,35.8449468121047,128.708126553574,540.0,139.0,95.0,499.0,694.0,230.0,433.0,False,False,False,None
200,35.0,36.5,6.0,3,4,True,35.8235359248145,128.741263787209,1175.0,426.0,245.0,318.0,1172.0,176.0,42.0,True,False,False,None
500,45.0,45.0,6.0,2,4,False,35.8394277946885,128.761744809388,874.0,312.0,97.0,232.0,2471.0,203.0,136.0,True,True,True,보증금_high
150,35.0,27.0,6.0,1,3,False,35.8409198102764,128.753495524023,519.0,168.0,124.0,332.0,1845.0,114.0,37.0,True,True,False,None
200,35.0,34.0,6.0,2,3,False,35.8220465284207,128.755762138859,1604.0,136.0,42.0,170.0,2194.0,48.0,190.0,True,True,False,None
200,35.0,34.0,6.0,3,3,False,35.8220465284207,128.755762138859,1604.0,136.0,42.0,170.0,2194.0,48.0,190.0,True,True,False,None
100,32.0,27.0,6.0,3,4,False,35.8407967273689,128.760924804424,884.0,376.0,91.0,112.0,2450.0,181.0,82.0,True,True,False,None
200,35.0,49.56,6.0,2,4,False,35.816053075972,128.763072091114,2430.0,309.0,123.0,627.0,3118.0,254.0,93.0,True,False,True,전용면적_high
100,30.0,33.05,6.0,4,4,False,35.8177414331703,128.757676736951,2106.0,311.0,100.0,406.0,2621.0,99.0,150.0,True,False,False,None
300,45.0,45.5,6.0,3,4,False,35.8175755764862,128.759078078945,2154.0,240.0,67.0,532.0,2730.0,139.0,43.0,True,True,True,전용면적_high
200,35.0,33.05,6.0,3,4,False,35.8304801615736,128.747355360295,696.0,699.0,153.0,887.0,1104.0,189.0,187.0,True,False,False,None
500,45.0,45.5,6.0,2,4,True,35.8185379932487,128.756304773897,1997.0,233.0,50.0,301.0,2469.0,232.0,173.0,False,False,True,보증금_high 전용면적_high
300,35.0,49.56,6.0,3,4,False,35.8288403300369,128.73959605005,600.0,155.0,201.0,301.0,590.0,177.0,254.0,True,True,True,전용면적_high
300,35.0,33.5,6.0,2,4,False,35.8103764792829,128.759219384801,2937.0,185.0,94.0,107.0,3300.0,25.0,113.0,True,False,False,None
200,38.0,33.5,6.0,3,4,False,35.8171348542924,128.75561987948,2143.0,211.0,115.0,226.0,2529.0,122.0,163.0,False,False,False,None
200,45.0,49.56,6.0,3,4,False,35.8122967655743,128.76104778245,2767.0,118.0,16.0,197.0,3255.0,118.0,69.0,True,False,True,전용면적_high
300,40.0,42.5,6.0,2,4,False,35.8188071758631,128.754860320794,1951.0,118.0,25.0,204.0,2352.0,259.0,138.0,True,False,False,None
200,30.0,28.5,6.0,3,4,False,35.801381283877,128.737603013946,3652.0,291.0,17.0,318.0,2591.0,57.0,131.0,False,False,False,None
300,35.0,32.99,7.0,4,4,False,35.8174634874388,128.756736488464,2121.0,284.0,42.0,322.0,2577.0,119.0,174.0,True,False,False,None
300,38.0,29.75,6.0,4,4,True,35.8453066580607,128.7080867909,572.0,100.0,103.0,538.0,727.0,219.0,468.0,False,False,False,None
200,28.0,29.75,6.0,3,4,False,35.8307304951512,128.705733851898,1116.0,174.0,85.0,332.0,1007.0,85.0,92.0,False,False,False,None
300,37.0,36.36,6.0,3,4,False,35.8412166665084,128.699829349609,461.0,369.0,14.0,59.0,413.0,68.0,114.0,False,False,False,None
200,45.0,25.0,6.0,2,4,False,35.8373416662741,128.751157397615,194.0,305.0,12.0,203.0,1491.0,113.0,241.0,False,True,False,None
150,35.0,23.14,7.0,2,3,False,35.8393256084919,128.75253988499364,340.0,100.0,80.0,257.0,1689.0,39.0,227.0,False,True,False,None
200,45.0,23.14,6.0,1,3,False,35.8395787535851,128.752859755329,367.0,82.0,66.0,249.0,1727.0,67.0,188.0,False,True,False,None
100,20.0,23.14,6.0,1,4,False,35.8394827569568,128.766053811731,1242.0,127.0,46.0,256.0,2846.0,93.0,84.0,True,True,False,None
100,28.0,26.45,6.0,4,4,False,35.840786196475506,128.75717593033517,635.0,206.0,65.0,110.0,2137.0,35.0,99.0,False,True,False,None
100,32.0,26.45,6.0,3,3,False,35.839391954056,128.75367459498466,354.0,21.0,13.0,180.0,1785.0,42.0,187.0,False,True,False,None
100,30.0,23.14,7.0,3,3,False,35.839244850212005,128.75263992343514,331.0,90.0,68.0,245.0,1694.0,51.0,231.0,False,True,False,None
100,22.0,23.14,6.0,3,4,False,35.8400627106993,128.76445985752,1127.0,58.0,116.0,125.0,2726.0,46.0,74.0,True,False,False,None
100,30.0,23.14,6.0,3,4,False,35.840786196475506,128.75717593033517,635.0,206.0,65.0,110.0,2137.0,35.0,99.0,True,True,False,None
100,28.0,28.5,6.0,1,3,False,35.8413136850578,128.751401765899,575.0,309.0,182.0,476.0,1705.0,85.0,194.0,False,True,False,None
200,35.0,25.0,6.0,2,4,False,35.8405597781913,128.755774494495,544.0,132.0,2.0,157.0,2011.0,34.0,176.0,True,True,False,None
200,36.0,20.1,6.0,1,3,False,35.8391617112148,128.752736367882,321.0,81.0,55.0,233.0,1698.0,63.0,235.0,True,True,False,None
100,29.0,20.1,7.0,3,3,False,35.8396372080349,128.75314579383,375.0,65.0,43.0,233.0,1753.0,70.0,172.0,True,True,False,None
200,32.0,25.0,6.0,1,3,False,35.840091324207,128.759578183537,740.0,435.0,42.0,116.0,2309.0,83.0,58.0,True,True,False,None
200,35.0,26.45,6.0,2,4,True,35.8408042922797,128.756110901091,583.0,127.0,42.0,151.0,2050.0,26.0,188.0,True,True,False,None
300,46.0,40.0,6.0,2,4,False,35.8473054221807,128.761338119339,1445.0,120.0,263.0,583.0,2820.0,459.0,145.0,True,False,False,None
200,34.0,25.0,6.0,1,3,False,35.8399592628338,128.753424133811,413.0,86.0,56.0,243.0,1791.0,100.0,129.0,False,True,False,None
70,26.0,26.45,6.0,2,3,False,35.8413709870074,128.751668195445,576.0,299.0,195.0,465.0,1729.0,68.0,200.0,False,True,False,None
100,24.0,23.14,6.0,4,4,False,35.8393569350488,128.766441682465,1272.0,162.0,82.0,290.0,2877.0,78.0,56.0,True,True,False,None
200,32.0,25.0,6.0,2,4,True,35.8415050540336,128.758356278472,764.0,290.0,92.0,145.0,2267.0,36.0,60.0,False,True,False,None
200,44.0,25.0,6.0,3,4,False,35.8384686912828,128.757748528632,504.0,305.0,119.0,97.0,2095.0,149.0,206.0,False,True,False,None
100,30.0,26.45,6.0,1,3,False,35.8395490262588,128.752624371781,364.0,99.0,86.0,264.0,1706.0,45.0,202.0,False,True,False,None
200,36.0,29.75,6.0,3,4,True,35.8400713261697,128.759110051194,704.0,397.0,78.0,75.0,2268.0,71.0,16.0,False,True,False,None
200,35.0,26.45,7.0,1,3,False,35.8398712495728,128.75211906128,405.0,156.0,139.0,322.0,1681.0,46.0,206.0,False,False,False,None
200,36.0,27.0,6.0,2,4,False,35.8388317018315,128.75313902133,285.0,61.0,19.0,185.0,1717.0,38.0,212.0,True,True,False,None
200,35.0,25.6,6.0,2,4,True,35.8400713261704,128.759110051194,704.0,397.0,78.0,75.0,2268.0,71.0,16.0,True,False,False,None
300,35.0,35.0,9.0,2,4,False,35.8027599962458,128.737741454492,3498.0,212.0,89.0,175.0,2721.0,107.0,62.0,True,False,False,None
70,23.0,39.67,6.0,2,3,False,35.8164023949149,128.762786628838,2384.0,295.0,95.0,646.0,3074.0,224.0,47.0,True,False,False,None
150,34.0,33.06,6.0,2,4,False,35.8383699588863,128.757900399051,511.0,321.0,123.0,106.0,2105.0,163.0,209.0,True,False,False,None
200,35.0,25.2,6.0,3,4,False,35.8295790798413,128.739278219337,529.0,136.0,164.0,301.0,509.0,164.0,213.0,True,False,False,None
200,35.0,39.67,6.0,2,4,True,35.8422696486298,128.758855470916,858.0,343.0,151.0,235.0,2344.0,104.0,119.0,True,True,False,None
100,28.0,33.06,19.0,2,4,False,35.8367321360268,128.73201126381,444.0,303.0,42.0,292.0,522.0,52.0,63.0,True,False,False,None
100,30.0,33.06,6.0,3,4,False,35.821274811659,128.728455905188,1421.0,54.0,15.0,119.0,1450.0,200.0,44.0,True,False,False,None
300,40.0,49.59,11.0,5,6,True,35.8223643417416,128.738035113655,1334.0,108.0,57.0,139.0,1203.0,79.0,219.0,True,False,True,전용면적_high
100,30.0,36.36,24.0,2,3,False,35.8161177582731,128.762913651929,2418.0,297.0,108.0,625.0,3102.0,238.0,81.0,True,False,False,None
200,25.0,33.06,16.0,2,4,False,35.839354409991,128.765724604125,1209.0,120.0,47.0,248.0,2814.0,64.0,96.0,True,True,False,None
100,26.0,33.06,6.0,2,4,False,35.8139623647189,128.731025600123,2247.0,152.0,136.0,159.0,2154.0,118.0,147.0,True,False,False,None
200,35.0,33.06,26.0,3,3,False,35.8306894187141,128.747812757588,717.0,733.0,129.0,843.0,1138.0,143.0,148.0,True,False,False,None
300,50.0,49.59,6.0,3,4,False,35.8392882215571,128.756432833482,465.0,170.0,14.0,92.0,2012.0,14.0,188.0,True,True,True,월세_high 전용면적_high
200,38.0,49.59,6.0,3,3,False,35.8445722692253,128.750552709958,945.0,330.0,201.0,803.0,1870.0,110.0,213.0,True,False,True,전용면적_high
200,31.0,39.67,6.0,3,4,False,35.8438538796352,128.750893736092,861.0,353.0,170.0,728.0,1839.0,89.0,151.0,True,False,False,None
300,45.0,49.59,6.0,2,4,True,35.8401419079707,128.759453026634,734.0,422.0,47.0,104.0,2300.0,84.0,47.0,True,True,True,전용면적_high
200,40.0,29.75,6.0,3,4,True,35.8409824681273,128.755831843447,588.0,95.0,49.0,182.0,2036.0,13.0,169.0,True,True,False,None
100,27.0,39.67,6.0,1,4,False,35.8021268184917,128.737139727969,3573.0,284.0,0.0,263.0,2632.0,56.0,125.0,True,False,False,None
100,25.0,33.06,6.0,1,3,False,35.8295139834887,128.730393147347,537.0,280.0,109.0,370.0,602.0,56.0,142.0,True,False,False,None
200,36.0,33.06,6.0,3,4,False,35.8381181814187,128.752892687269,205.0,138.0,60.0,132.0,1667.0,48.0,149.0,True,True,False,None
200,33.0,36.36,11.0,2,4,False,35.8171348542917,128.75561987948,2143.0,211.0,115.0,226.0,2529.0,122.0,163.0,True,False,False,None
500,45.0,49.59,13.0,3,4,False,35.8097195112824,128.759074792766,3006.0,113.0,29.0,137.0,3348.0,70.0,161.0,True,False,True,보증금_high 전용면적_high
300,40.0,49.59,6.0,2,4,True,35.8426857229954,128.759444477589,928.0,406.0,161.0,249.0,2412.0,94.0,59.0,True,False,True,전용면적_high
300,42.0,49.59,6.0,3,4,False,35.8237291589159,128.734307728962,1267.0,27.0,27.0,81.0,1035.0,62.0,133.0,True,True,True,전용면적_high
500,48.0,49.59,6.0,5,5,True,35.8168060672793,128.760465198952,2271.0,162.0,78.0,614.0,2881.0,43.0,112.0,True,False,True,보증금_high 전용면적_high
300,40.0,49.59,6.0,3,5,True,35.8177068853092,128.756070385532,2085.0,219.0,100.0,262.0,2515.0,184.0,207.0,True,False,True,전용면적_high
150,35.0,33.06,6.0,2,4,False,35.8407644449349,128.756654522964,605.0,167.0,62.0,119.0,2093.0,75.0,140.0,True,True,False,None
100,33.0,42.98,6.0,2,4,True,35.8186467597205,128.756637652176,1990.0,255.0,63.0,321.0,2484.0,226.0,178.0,True,False,False,None
200,30.0,33.06,24.0,1,3,False,35.84213558141,128.75142160989,664.0,340.0,133.0,545.0,1758.0,25.0,143.0,True,True,False,None
500,50.0,46.28,6.0,3,4,True,35.8149696639775,128.755685157312,2383.0,82.0,58.0,250.0,2706.0,148.0,123.0,True,False,True,월세_high 보증금_high 전용면적_high
100,20.0,33.06,6.0,3,4,False,35.8254652250023,128.726890572927,964.0,431.0,167.0,235.0,1142.0,43.0,170.0,True,False,False,None
100,25.0,35.0,6.0,3,3,False,35.8188768562211,128.755451014989,1949.0,169.0,53.0,245.0,2386.0,276.0,119.0,True,False,False,None
300,32.0,36.36,7.0,2,3,False,35.8242781967042,128.723323215821,1178.0,191.0,106.0,119.0,1204.0,97.0,134.0,True,True,False,None
100,30.0,33.06,6.0,3,4,False,35.8431061792383,128.751539240503,769.0,364.0,152.0,629.0,1831.0,106.0,147.0,True,True,False,None
300,40.0,49.59,6.0,2,4,False,35.8428434782253,128.759058944733,920.0,378.0,179.0,287.0,2389.0,69.0,95.0,True,False,True,전용면적_high
200,38.0,33.06,6.0,3,5,True,35.8415726717679,128.757627336635,729.0,224.0,117.0,164.0,2210.0,31.0,122.0,True,True,False,None
100,23.0,22.08,6.0,3,4,False,35.8397949978155,128.764305740899,1104.0,86.0,125.0,152.0,2704.0,76.0,99.0,True,False,False,None
200,30.0,33.06,6.0,4,4,False,35.8431883045487,128.763603313413,1237.0,349.0,58.0,146.0,2775.0,98.0,124.0,True,True,False,None
200,20.0,41.32,26.0,2,3,False,35.8206759276083,128.725451894456,1510.0,157.0,170.0,334.0,1641.0,73.0,194.0,True,False,False,None
300,40.0,49.59,11.0,2,4,False,35.8220547149775,128.749145423256,1525.0,260.0,170.0,440.0,1729.0,124.0,91.0,True,False,True,전용면적_high
500,50.0,42.98,9.0,7,7,True,35.8413732731002,128.760198707621,871.0,453.0,0.0,145.0,2413.0,134.0,119.0,True,True,True,월세_high 보증금_high
300,38.0,27.63,10.0,3,4,False,35.827326840798,128.73528662374,916.0,115.0,30.0,191.0,630.0,97.0,195.0,True,False,False,None
100,28.0,33.06,14.0,6,6,True,35.8247807421868,128.736612415802,1112.0,148.0,43.0,12.0,918.0,179.0,87.0,True,False,False,None
100,25.0,33.06,26.0,2,4,False,35.8247945367934,128.727258886386,1034.0,405.0,186.0,315.0,1176.0,107.0,158.0,True,False,False,None
100,20.0,23.14,6.0,2,3,False,35.8162108958394,128.762971582977,2410.0,305.0,112.0,637.0,3100.0,242.0,74.0,True,False,False,None
500,73.0,27.51,6.0,7,15,True,35.8336796787994,128.743877290366,258.0,389.0,2.0,749.0,758.0,2.0,148.0,False,False,True,월세_high 보증금_high
100,25.0,26.45,6.0,2,4,False,35.8206234682492,128.756779575632,1776.0,97.0,141.0,211.0,2360.0,133.0,139.0,False,True,False,None
100,30.0,29.75,6.0,2,4,False,35.8207556914602,128.755871344685,1747.0,15.0,61.0,128.0,2285.0,118.0,72.0,True,True,False,None
200,35.0,42.98,6.0,2,4,False,35.8205788336725,128.756251379156,1772.0,54.0,94.0,165.0,2324.0,133.0,97.0,True,True,False,None
200,35.0,49.59,6.0,2,4,False,35.8205025850349,128.75589464686,1775.0,38.0,63.0,137.0,2303.0,136.0,64.0,False,True,True,전용면적_high
200,35.0,49.59,6.0,1,3,False,35.8222168731299,128.755673613317,1584.0,155.0,27.0,179.0,2177.0,28.0,206.0,True,True,True,전용면적_high
200,48.0,20.0,6.0,3,3,False,35.8389684806623,128.75269515277,300.0,89.0,40.0,223.0,1686.0,48.0,240.0,False,True,False,None
70,20.0,26.45,6.0,3,4,False,35.8252842932071,128.720752553716,1192.0,328.0,47.0,177.0,1059.0,89.0,74.0,True,False,False,None
100,23.0,26.45,6.0,3,4,False,35.8224341978303,128.719235140234,1531.0,45.0,201.0,52.0,1376.0,100.0,38.0,True,False,False,None
70,20.0,26.45,6.0,3,4,False,35.8255407739022,128.722147638039,1099.0,356.0,49.0,62.0,1045.0,146.0,73.0,False,False,False,None
100,22.0,23.14,6.0,3,4,False,35.8274879182728,128.72967107118,739.0,381.0,185.0,291.0,807.0,290.0,192.0,True,False,False,None
300,30.0,40.0,7.0,2,3,False,35.8220075082946,128.718718848552,1596.0,63.0,263.0,105.0,1427.0,157.0,65.0,True,False,False,None
200,36.0,27.0,6.0,2,4,False,35.8394956093357,128.759238550287,678.0,423.0,114.0,116.0,2258.0,11.0,67.0,True,True,False,None
100,28.0,30.0,6.0,2,4,False,35.8172003935159,128.755291068147,2133.0,183.0,104.0,196.0,2503.0,109.0,180.0,False,False,False,None
100,25.0,26.45,6.0,3,4,False,35.8229492876268,128.723261177278,1317.0,56.0,68.0,82.0,1347.0,161.0,29.0,True,True,False,None
300,55.0,33.06,6.0,4,5,True,35.8390348761498,128.757415294553,513.0,260.0,98.0,57.0,2086.0,98.0,154.0,False,True,True,월세_high
200,38.0,38.0,6.0,4,4,False,35.8386866609946,128.757749354472,516.0,298.0,124.0,73.0,2102.0,138.0,182.0,True,True,False,None
200,45.0,49.59,6.0,3,4,False,35.812296765575,128.76104778245,2767.0,118.0,16.0,197.0,3255.0,118.0,69.0,True,True,True,전용면적_high
150,34.0,29.75,27.0,1,3,False,35.8400571031729,128.752937790713,420.0,114.0,87.0,279.0,1757.0,98.0,140.0,True,True,False,None
300,35.0,30.5,6.0,2,4,False,35.8103764792821,128.759219384801,2937.0,185.0,94.0,107.0,3300.0,25.0,113.0,True,False,False,None
70,27.0,20.1,6.0,1,3,False,35.8403923468347,128.753078083755,458.0,141.0,112.0,300.0,1785.0,99.0,103.0,False,True,False,None
100,28.0,22.5,6.0,1,3,False,35.8419433633431,128.751638506761,640.0,318.0,159.0,516.0,1762.0,52.0,169.0,True,True,False,None
200,38.0,30.0,6.0,2,3,False,35.8386281989666,128.754313930231,293.0,84.0,65.0,80.0,1807.0,91.0,187.0,True,True,False,None
200,35.0,30.0,6.0,3,4,False,35.8392217870554,128.759495008596,682.0,358.0,130.0,140.0,2270.0,39.0,105.0,True,True,False,None
200,35.0,29.75,6.0,4,4,False,35.822573341308896,128.75737622299005,1577.0,245.0,183.0,319.0,2286.0,128.0,311.0,False,True,False,None
150,33.0,30.0,6.0,1,3,False,35.8406172765717,128.753626980724,488.0,157.0,92.0,296.0,1840.0,131.0,54.0,True,True,False,None
150,34.0,30.0,7.0,1,3,False,35.8400571031729,128.752937790713,420.0,114.0,87.0,279.0,1757.0,98.0,140.0,False,True,False,None
200,30.0,28.0,6.0,3,4,False,35.840076312331,128.756958850487,561.0,231.0,19.0,40.0,2088.0,96.0,106.0,True,True,False,None
200,40.0,30.0,6.0,2,3,False,35.8391053565248,128.751156772356,350.0,224.0,126.0,319.0,1566.0,97.0,327.0,False,True,False,None
200,35.0,25.0,6.0,3,4,False,35.8392217870554,128.759495008596,682.0,358.0,130.0,140.0,2270.0,39.0,105.0,False,True,False,None
300,53.0,30.0,6.0,3,4,False,35.8404779001754,128.756894002318,592.0,203.0,26.0,81.0,2100.0,69.0,110.0,False,True,True,월세_high
200,38.0,26.44,6.0,2,2,False,35.8391053565248,128.751156772356,350.0,224.0,126.0,319.0,1566.0,97.0,327.0,False,True,False,None
100,27.0,20.0,6.0,2,3,False,35.8398574463648,128.751044708729,430.0,245.0,208.0,387.0,1595.0,108.0,287.0,True,True,False,None
500,35.0,35.5,6.0,2,4,False,35.8193121595953,128.748654515242,1781.0,177.0,59.0,412.0,1928.0,154.0,36.0,True,False,True,보증금_high
200,30.0,22.5,6.0,3,3,False,35.8411130244437,128.753241470739,539.0,180.0,155.0,361.0,1836.0,92.0,56.0,True,True,False,None
200,44.0,26.45,6.0,4,4,False,35.8373416662734,128.751157397616,194.0,305.0,12.0,203.0,1491.0,113.0,241.0,False,True,False,None
200,34.0,26.45,6.0,2,4,False,35.8407867376239,128.755141590639,542.0,93.0,62.0,218.0,1971.0,63.0,113.0,True,True,False,None
200,45.0,27.0,6.0,2,3,False,35.8391006216776,128.753933785512,329.0,29.0,12.0,141.0,1794.0,43.0,219.0,False,True,False,None
300,50.0,36.36,6.0,2,4,False,35.8392882215571,128.756432833482,465.0,170.0,14.0,92.0,2012.0,14.0,188.0,True,True,True,월세_high
100,28.0,23.14,6.0,1,3,False,35.8387264464297,128.754441812874,308.0,71.0,67.0,79.0,1822.0,96.0,201.0,False,True,False,None
200,35.0,23.14,6.0,3,4,False,35.8381484256469,128.752919691609,208.0,134.0,61.0,134.0,1671.0,45.0,150.0,False,True,False,None
200,34.0,23.14,6.0,3,4,False,35.8399884143587,128.759418316543,721.0,273.0,60.0,104.0,2291.0,67.0,44.0,True,True,False,None
300,38.0,27.0,6.0,3,4,True,35.8400148615836,128.761051278855,848.0,299.0,111.0,180.0,2431.0,184.0,129.0,False,True,False,None
200,40.0,23.14,6.0,3,4,False,35.8382540618809,128.759581754762,645.0,466.0,38.0,190.0,2247.0,37.0,208.0,True,True,False,None
200,39.0,20.0,6.0,4,4,False,35.8382540618816,128.759581754762,645.0,466.0,38.0,190.0,2247.0,37.0,208.0,True,True,False,None
200,40.0,20.0,6.0,2,4,False,35.8382540618816,128.759581754762,645.0,466.0,38.0,190.0,2247.0,37.0,208.0,False,True,False,None
500,45.0,45.0,6.0,3,4,False,35.8456209049899,128.758290432917,1149.0,241.0,80.0,546.0,2488.0,140.0,320.0,True,True,True,보증금_high
200,37.0,27.0,6.0,2,4,False,35.8407644449356,128.756654522964,605.0,167.0,62.0,119.0,2093.0,75.0,140.0,True,True,False,None
100,33.0,27.0,6.0,3,4,False,35.8400589135429,128.756077977503,511.0,158.0,62.0,108.0,2014.0,51.0,184.0,True,True,False,None
300,45.0,30.0,6.0,1,3,False,35.8233248697366,128.754404561486,1447.0,158.0,138.0,266.0,2014.0,140.0,241.0,True,True,False,None
100,25.0,30.0,6.0,2,3,False,35.8225556862374,128.756136825413,1554.0,197.0,75.0,234.0,2192.0,61.0,254.0,True,True,False,None
100,25.0,30.0,6.0,3,3,False,35.822554705017,128.75613613992,1554.0,196.0,75.0,234.0,2192.0,61.0,254.0,True,True,False,None
100,30.0,34.0,6.0,2,3,False,35.8222246705001,128.756934253447,1605.0,190.0,140.0,264.0,2272.0,72.0,256.0,True,True,False,None
100,30.0,26.45,6.0,3,3,False,35.8223008036294,128.756836461685,1595.0,193.0,131.0,262.0,2260.0,73.0,258.0,True,True,False,None
100,32.0,20.0,6.0,3,4,False,35.8379795561608,128.758420107382,536.0,381.0,73.0,155.0,2138.0,137.0,235.0,True,True,False,None
300,45.0,30.0,6.0,2,4,True,35.8425554903905,128.759378184807,913.0,26.0,151.0,247.0,2400.0,106.0,67.0,True,True,False,None
200,33.0,20.0,6.0,2,4,False,35.840091324207,128.759578183537,740.0,261.0,42.0,116.0,2309.0,83.0,58.0,False,True,False,None
200,35.0,20.0,6.0,1,3,False,35.8389809379283,128.754144629484,322.0,52.0,30.0,118.0,1807.0,63.0,222.0,True,True,False,None
100,30.0,29.75,6.0,3,4,False,35.8217299223371,128.757866701383,1679.0,218.0,232.0,318.0,2373.0,136.0,282.0,False,True,False,None
500,50.0,27.0,6.0,4,4,False,35.8471093907278,128.761107111628,1416.0,92.0,233.0,566.0,2791.0,429.0,143.0,True,False,True,월세_high 보증금_high
300,37.0,27.0,6.0,4,4,False,35.8409652299403,128.755439023677,571.0,78.0,55.0,207.0,2003.0,38.0,134.0,True,True,False,None
200,35.0,26.44,6.0,1,3,False,35.83965570725316,128.75239663753862,378.0,123.0,108.0,288.0,1693.0,32.0,205.0,False,True,False,None
100,30.0,40.0,6.0,3,4,False,35.8158422896725,128.763238804796,2457.0,320.0,144.0,616.0,3144.0,273.0,121.0,False,True,False,None
150,33.0,22.5,6.0,1,3,False,35.8406172765717,128.753626980724,488.0,157.0,92.0,296.0,1840.0,131.0,54.0,True,True,False,None
200,35.0,30.0,6.0,2,3,False,35.8405402920606,128.753542504211,478.0,149.0,93.0,292.0,1829.0,127.0,65.0,False,True,False,None
200,32.0,30.0,6.0,3,3,False,35.8409805199581,128.753836842393,530.0,138.0,111.0,326.0,1876.0,125.0,10.0,True,True,False,None
500,36.0,49.59,6.0,3,4,True,35.811284448162304,128.76005686058278,2854.0,135.0,77.0,81.0,3275.0,102.0,77.0,False,False,True,보증금_high 전용면적_high
1000,45.0,50.0,6.0,3,4,True,35.81724753950234,128.75800229776786,2166.0,250.0,82.0,437.0,2679.0,46.0,108.0,True,True,True,보증금_high 전용면적_high
70,21.0,20.1,6.0,1,3,False,35.8411134757347,128.752141960586,542.0,252.0,224.0,415.0,1750.0,18.0,155.0,False,True,False,None
200,37.0,27.0,6.0,2,4,False,35.8397517838038,128.762295361595,934.0,255.0,47.0,201.0,2529.0,214.0,79.0,True,True,False,None
200,40.0,27.0,6.0,3,4,False,35.8382540618816,128.759581754762,645.0,466.0,38.0,190.0,2247.0,37.0,208.0,True,True,False,None
200,38.0,27.0,6.0,3,4,False,35.8407644449356,128.756654522964,605.0,167.0,62.0,119.0,2093.0,75.0,140.0,False,True,False,None
200,35.0,50.0,6.0,2,4,False,35.8139121837332,128.730862099957,2251.0,162.0,143.0,169.0,2162.0,120.0,160.0,True,False,True,전용면적_high
100,30.0,33.0,20.0,3,3,False,35.8447005467169,128.756365152493,989.0,359.0,240.0,529.0,2287.0,116.0,384.0,True,True,False,None
200,30.0,30.0,6.0,1,3,False,35.8385426361364,128.750969103647,304.0,252.0,87.0,285.0,1524.0,70.0,307.0,True,True,False,None
100,25.0,33.5,6.0,1,3,False,35.8163770562557,128.76256048011,2379.0,275.0,75.0,634.0,3059.0,204.0,47.0,False,True,False,None
200,35.0,49.56,6.0,3,4,False,35.816053075972,128.763072091114,2430.0,309.0,123.0,627.0,3118.0,254.0,93.0,True,True,True,전용면적_high
1000,40.0,45.5,6.0,3,4,False,35.8095717205163,128.759844596884,3036.0,112.0,49.0,98.0,3405.0,112.0,132.0,True,True,True,보증금_high 전용면적_high
500,45.0,49.56,6.0,3,4,True,35.8112838256423,128.760056293683,2854.0,135.0,77.0,81.0,3275.0,103.0,77.0,True,False,True,보증금_high 전용면적_high
200,37.0,33.05,6.0,2,4,False,35.8097727727191,128.759394575471,3005.0,119.0,28.0,110.0,3362.0,75.0,135.0,True,False,False,None
1000,35.0,49.56,6.0,3,4,False,35.8110823102147,128.760180950181,2878.0,126.0,99.0,86.0,3299.0,126.0,52.0,False,False,True,보증금_high 전용면적_high
200,38.0,33.05,6.0,2,4,False,35.8105790289368,128.759584171563,2921.0,195.0,119.0,79.0,3305.0,64.0,77.0,True,False,False,None
300,40.0,50.0,6.0,2,4,False,35.8097374808418,128.759238475581,3007.0,114.0,24.0,124.0,3356.0,72.0,148.0,True,False,True,전용면적_high
200,33.0,39.67,6.0,4,4,False,35.8308998462069,128.747458622594,677.0,696.0,129.0,844.0,1102.0,155.0,184.0,True,True,False,None
500,45.0,49.59,6.0,3,4,False,35.817441218768,128.75808667108,2147.0,263.0,94.0,443.0,2671.0,69.0,104.0,True,False,True,보증금_high 전용면적_high
2000,30.0,56.2,6.0,4,4,False,35.8172737868734,128.748265827404,1981.0,351.0,183.0,405.0,2092.0,202.0,196.0,False,False,True,보증금_high 전용면적_high
200,34.0,23.14,6.0,3,3,False,35.8379810484763,128.753082894221,191.0,145.0,37.0,110.0,1678.0,68.0,127.0,False,True,False,None
100,25.0,29.5,6.0,2,3,False,35.8162160278671,128.762670875616,2400.0,279.0,85.0,623.0,3078.0,215.0,65.0,True,True,False,None
200,33.0,27.0,6.0,2,2,True,35.8397707966362,128.751369721666,411.0,214.0,188.0,362.0,1616.0,77.0,267.0,False,True,False,None
200,35.0,30.0,6.0,2,4,False,35.8381181814194,128.752892687269,205.0,138.0,60.0,132.0,1667.0,48.0,149.0,True,True,False,None
200,45.0,30.0,6.0,2,4,False,35.8369375397417,128.752292685289,89.0,280.0,51.0,93.0,1575.0,108.0,136.0,False,True,False,None
150,33.0,30.0,7.0,2,3,False,35.8378024582009,128.754433967554,221.0,172.0,14.0,72.0,1788.0,63.0,103.0,True,True,False,None
100,32.0,30.0,6.0,2,3,False,35.8395320698366,128.751068100556,396.0,235.0,173.0,358.0,1580.0,97.0,304.0,True,True,False,None
200,39.0,30.0,6.0,4,4,False,35.8407644449356,128.756654522964,605.0,167.0,62.0,119.0,2093.0,75.0,140.0,True,True,False,None
200,44.0,26.45,6.0,1,4,False,35.8393211364746,128.7531585693364,340.0,45.0,42.0,210.0,1740.0,39.0,204.0,False,True,False,None
900,66.0,40.2,6.0,11,15,True,35.8336558461309,128.736283083887,434.0,362.0,77.0,109.0,102.0,107.0,44.0,True,False,True,월세_high 보증금_high
200,35.0,40.0,6.0,2,4,False,35.8205506016499,128.732771329117,1553.0,90.0,97.0,202.0,1405.0,196.0,151.0,False,True,False,None
100,29.0,49.59,6.0,3,4,False,35.8222075097867,128.739843400709,1328.0,256.0,203.0,244.0,1261.0,219.0,194.0,True,False,True,전용면적_high
200,37.0,39.67,6.0,2,4,False,35.8100857333022,128.759499275934,2973.0,155.0,64.0,86.0,3341.0,57.0,105.0,True,False,False,None
100,27.0,39.67,6.0,3,4,False,35.826258389293,128.727637283352,869.0,187.0,87.0,179.0,1032.0,137.0,152.0,True,True,False,None
500,43.0,35.5,6.0,2,4,False,35.8247232052924,128.739375502564,1054.0,386.0,107.0,168.0,983.0,36.0,89.0,True,False,True,보증금_high
200,33.0,27.0,6.0,3,4,True,35.8400713261704,128.759110051194,704.0,268.0,78.0,75.0,2268.0,71.0,16.0,False,True,False,None
100,35.0,23.14,7.0,3,3,False,35.8378143531169,128.751506539883,210.0,247.0,37.0,197.0,1538.0,62.0,226.0,True,True,False,None
200,45.0,26.45,6.0,2,4,False,35.8392730233987,128.750868403338,378.0,250.0,155.0,351.0,1551.0,116.0,335.0,False,True,False,None
300,40.0,35.5,6.0,2,4,False,35.8185087606964,128.749765640974,1903.0,173.0,146.0,284.0,2060.0,26.0,63.0,True,False,False,None
100,32.0,26.45,6.0,1,3,False,35.83898822610862,128.7529352950363,302.0,68.0,31.0,209.0,1706.0,48.0,234.0,False,True,False,None
300,34.9,25.0,6.0,4,4,True,35.8451082000229,128.708088842982,553.0,121.0,39.0,516.0,708.0,233.0,450.0,False,False,False,None
100,33.0,26.45,6.0,3,4,False,35.8381491845981,128.751502171386,241.0,226.0,24.0,220.0,1551.0,49.0,243.0,False,True,False,None
200,40.0,28.0,6.0,3,4,False,35.8382540618816,128.759581754762,645.0,466.0,38.0,190.0,2247.0,37.0,208.0,False,True,False,None
200,38.0,30.0,6.0,3,4,False,35.8403106927139,128.756558414277,559.0,194.0,32.0,83.0,2065.0,90.0,139.0,True,True,False,None
100,27.0,29.8,6.0,2,4,False,35.838700492565,128.760134442261,709.0,418.0,108.0,209.0,2309.0,37.0,184.0,True,True,False,None
1000,55.0,49.56,6.0,3,4,True,35.8208731868864,128.73451533545,1567.0,74.0,32.0,153.0,1350.0,91.0,178.0,True,False,True,월세_high 보증금_high 전용면적_high
200,35.0,34.0,6.0,3,4,False,35.8225724727927,128.75737399092,1577.0,245.0,183.0,319.0,2286.0,128.0,311.0,True,True,False,None
200,39.0,30.0,6.0,3,4,False,35.8386709827854,128.757465920057,493.0,273.0,99.0,84.0,2078.0,116.0,190.0,True,True,False,None
150,35.0,26.45,7.0,2,3,False,35.839872435213685,128.75211809134353,405.0,156.0,139.0,322.0,1681.0,46.0,206.0,False,True,False,None
150,34.0,23.14,7.0,3,3,False,35.8400571031729,128.752937790713,420.0,114.0,87.0,279.0,1757.0,98.0,140.0,False,True,False,None
200,30.0,26.45,6.0,4,4,False,35.8379224373462,128.754239954949,221.0,153.0,1.0,80.0,1775.0,67.0,110.0,False,True,False,None
1000,39.0,49.0,6.0,2,4,False,35.8205589238034,128.749956914579,1706.0,79.0,110.0,336.0,1899.0,114.0,161.0,True,False,True,보증금_high 전용면적_high
500,51.0,59.5,6.0,2,4,False,35.8095022830291,128.759171003505,3031.0,88.0,13.0,144.0,3372.0,88.0,167.0,True,True,True,월세_high 보증금_high 전용면적_high
300,45.0,35.5,6.0,2,4,False,35.839341310672,128.761515804316,852.0,335.0,119.0,243.0,2448.0,180.0,157.0,True,False,False,None
300,47.0,49.59,6.0,2,4,False,35.8097727727184,128.759394575472,3005.0,119.0,28.0,110.0,3362.0,75.0,135.0,True,True,True,전용면적_high
200,36.0,33.05,6.0,3,4,False,35.8324896973947,128.745983763936,478.0,547.0,10.0,818.0,946.0,232.0,168.0,True,True,False,None
200,35.0,39.67,6.0,2,4,False,35.8324376444102,128.745646661195,453.0,516.0,22.0,846.0,916.0,212.0,172.0,True,True,False,None
200,42.0,26.44,6.0,1,3,False,35.8405578751805,128.753294767857,478.0,154.0,113.0,305.0,1811.0,106.0,76.0,False,True,False,None
100,26.0,19.83,7.0,1,3,False,35.8396364764127,128.755997171813,469.0,134.0,59.0,113.0,1989.0,31.0,203.0,False,True,False,None
100,28.0,33.06,6.0,2,4,False,35.8119435188157,128.759860878584,2778.0,168.0,25.0,88.0,3209.0,30.0,152.0,True,True,False,None
100,35.0,26.44,6.0,1,3,False,35.8389043000342,128.753036258949,293.0,64.0,22.0,197.0,1711.0,42.0,223.0,False,True,False,None
200,43.0,30.0,6.0,1,3,False,35.8395789669603,128.752004950788,375.0,153.0,132.0,312.0,1658.0,18.0,235.0,True,True,False,None
100,32.0,26.44,6.0,2,4,False,35.84095602720419,128.75690078594087,635.0,175.0,79.0,132.0,2122.0,63.0,130.0,True,True,False,None
200,44.0,30.0,6.0,2,4,False,35.8385243350289,128.757628464728,497.0,292.0,109.0,93.0,2087.0,137.0,202.0,False,True,False,None
100,35.0,23.14,7.0,3,3,False,35.8393289124989,128.752541949718,341.0,100.0,80.0,258.0,1689.0,39.0,227.0,False,True,False,None
100,32.0,26.45,6.0,3,3,False,35.8405054370424,128.752954629771,470.0,157.0,128.0,317.0,1781.0,83.0,103.0,False,True,False,None
300,45.0,26.45,6.0,2,3,False,35.8394648949215,128.753344636342,357.0,39.0,21.0,207.0,1761.0,46.0,184.0,True,True,False,None
200,35.0,23.14,6.0,3,4,False,35.839893399373,128.756267557576,506.0,166.0,70.0,88.0,2022.0,56.0,171.0,False,True,False,None
100,30.0,23.14,6.0,2,3,False,35.8396437468102,128.755117290019,426.0,60.0,81.0,159.0,1916.0,52.0,195.0,False,True,False,None
