보증금,월세,전용면적,노후도,해당층,전체층,엘리베이터,위도,경도,지하철역_거리(m),세탁소_거리(m),카페_거리(m),약국_거리(m),대형마트_거리(m),편의점_거리(m),버스정류장_거리(m),남향,풀옵션,is_outlier,outlier_reason,PC1,PC2,cluster_0,cluster_1,cluster_2,cluster_3
100,35.0,38.0,6.0,2,3,0,35.8389804903939,128.751216554929,335.0,220.0,111.0,306.0,1565.0,98.0,321.0,1,1,0,,0.1377021881962684,-0.4211071261175506,0,0,1,0
200,35.0,27.0,6.0,2,4,0,35.8392217870554,128.759495008596,682.0,446.0,130.0,140.0,2270.0,39.0,105.0,0,1,0,,0.3622493178835319,0.406271069075001,0,1,0,0
300,37.0,27.0,6.0,2,4,0,35.8396556699783,128.759237105316,687.0,424.0,99.0,104.0,2264.0,26.0,51.0,0,1,0,,0.25866889957998046,0.49610312753572955,0,1,0,0
100,32.0,29.75,6.0,2,4,0,35.8226851105192,128.757263283958,1563.0,249.0,176.0,318.0,2271.0,130.0,315.0,0,1,0,,0.5482711482979585,-0.1548219055638004,0,0,1,0
100,30.0,33.06,6.0,4,4,0,35.823190757478,128.754708653194,1465.0,173.0,118.0,252.0,2045.0,111.0,252.0,1,1,0,,0.07336670113009415,-0.23518552245952468,0,0,1,0
200,37.0,39.67,6.0,3,4,0,35.8324453027471,128.745888619883,472.0,538.0,1.0,828.0,937.0,228.0,172.0,1,1,0,,0.30391185961301753,0.1333113735171538,0,1,0,0
200,42.0,40.0,6.0,4,4,0,35.8382278221322,128.757877784884,502.0,325.0,122.0,122.0,2099.0,174.0,224.0,0,1,0,,0.3349519892296724,0.20649167227422574,0,1,0,0
100,30.0,33.05,6.0,2,3,0,35.8405315896811,128.754089246444,486.0,137.0,57.0,272.0,1873.0,154.0,63.0,1,1,0,,-0.10968475998100684,-0.13112953906817842,1,0,0,0
50,22.0,26.44,6.0,2,3,0,35.8442644772357,128.750853512402,906.0,351.0,210.0,760.0,1867.0,104.0,190.0,0,1,0,,0.4802006933432091,-0.033412929970874604,0,0,1,0
100,27.0,26.45,6.0,3,4,0,35.84308389377051,128.7639511735884,1254.0,327.0,76.0,140.0,2799.0,116.0,143.0,1,1,0,,0.2343929896219155,0.5770987772307408,0,1,0,0
300,39.0,36.36,6.0,2,4,0,35.8430837825354,128.763952609876,1254.0,327.0,76.0,140.0,2799.0,116.0,143.0,0,1,0,,0.2343929896219156,0.5770987772307407,0,1,0,0
100,25.0,24.0,6.0,3,4,0,35.8381340814356,128.766174085256,1218.0,259.0,27.0,384.0,2823.0,60.0,76.0,0,0,0,,0.14856908464000806,0.39559812922813914,0,1,0,0
200,38.0,33.05,6.0,1,3,0,35.8393039567623,128.752924536221,337.0,65.0,55.0,226.0,1720.0,55.0,213.0,1,1,0,,-0.498486625916464,-0.2674375524387385,1,0,0,0
100,21.0,26.44,6.0,1,3,0,35.84473063408803,128.75709915740967,1015.0,379.0,217.0,515.0,2343.0,54.0,327.0,0,0,0,,0.5455263583625984,-0.04619193895554144,0,0,1,0
100,28.0,26.45,6.0,2,3,0,35.8404827915643,128.753184990027,469.0,148.0,118.0,303.0,1798.0,101.0,89.0,0,1,0,,0.05608462773365421,-0.45746857971643984,1,0,0,0
150,33.0,26.45,6.0,1,3,0,35.8406172765709,128.753626980724,488.0,157.0,92.0,296.0,1840.0,131.0,54.0,1,1,0,,-0.005193411733932857,-0.30370482844419994,1,0,0,0
200,38.0,29.75,8.0,4,4,0,35.8407644449356,128.756654522964,605.0,167.0,62.0,119.0,2093.0,75.0,140.0,1,1,0,,-0.42195138864282666,0.1449279584818726,1,0,0,0
100,32.0,26.45,6.0,3,3,0,35.838725063147,128.753598381379,280.0,53.0,40.0,142.0,1751.0,40.0,193.0,0,1,0,,-0.562450716984717,-0.11979121468957213,1,0,0,0
200,25.0,33.05,6.0,2,3,0,35.8323153741313,128.708146527995,836.0,177.0,29.0,52.0,900.0,31.0,103.0,0,0,0,,-0.0971832055021382,-0.029784873930472522,0,1,0,0
100,28.0,33.1,6.0,2,3,0,35.8432223277009,128.754651964021,789.0,183.0,167.0,446.0,2067.0,183.0,240.0,1,0,0,,0.5179035541681016,-0.20875934465400997,0,0,1,0
200,36.0,40.0,6.0,1,3,0,35.8212772994092,128.752214219578,1669.0,149.0,34.0,152.0,1991.0,105.0,48.0,1,1,0,,-0.4403662149096804,0.09636608524734572,0,1,0,0
200,37.0,23.14,6.0,2,4,0,35.8380704794718,128.756572093403,390.0,232.0,36.0,138.0,1981.0,125.0,250.0,0,1,0,,-0.21550184151338223,0.24626900517940487,1,0,0,0
100,30.0,33.1,6.0,2,4,0,35.8445874850553,128.751567502792,931.0,420.0,270.0,738.0,1939.0,177.0,253.0,1,0,0,,0.4017870028167519,0.0658399074616669,0,1,0,0
100,30.0,24.0,6.0,2,3,0,35.8398638423636,128.75126740603,424.0,226.0,202.0,375.0,1613.0,90.0,269.0,0,1,0,,0.5657339332448604,-0.4447453615063154,0,0,1,0
200,40.0,40.0,6.0,3,4,0,35.8414392637129,128.762618341819,1051.0,254.0,115.0,75.0,2618.0,56.0,88.0,1,1,0,,0.10230686432073868,0.42701274839912745,0,1,0,0
200,47.0,40.0,6.0,3,4,0,35.8386709827854,128.757465920057,493.0,273.0,99.0,84.0,2078.0,116.0,190.0,1,1,0,,0.04478178317604745,0.25693307787116154,0,1,0,0
100,29.0,27.0,6.0,3,4,0,35.8377213457097,128.757911649358,483.0,353.0,124.0,178.0,2087.0,191.0,275.0,0,1,0,,0.3987927534318567,0.18244750192468068,0,0,1,0
100,28.0,23.14,6.0,2,3,0,35.840482791565,128.753184990027,469.0,148.0,118.0,303.0,1798.0,101.0,89.0,0,1,0,,0.05608462773365421,-0.45746857971643984,1,0,0,0
100,32.0,23.14,6.0,2,3,0,35.8389804903939,128.751216554929,335.0,220.0,111.0,306.0,1565.0,98.0,321.0,1,1,0,,0.1377021881962684,-0.4211071261175506,0,0,1,0
100,28.0,34.0,6.0,3,3,0,35.8215002216791,128.75540124409,1659.0,81.0,42.0,105.0,2202.0,65.0,124.0,1,1,0,,-0.5229323131996483,0.12766653854173485,0,1,0,0
100,30.0,40.0,6.0,4,4,0,35.8222623889361,128.755895020969,1582.0,161.0,46.0,195.0,2191.0,41.0,216.0,1,1,0,,-0.4196041820679603,0.15660837366343835,0,1,0,0
200,30.0,30.0,6.0,2,4,0,35.8202504558958,128.756516987891,1812.0,95.0,98.0,199.0,2365.0,170.0,99.0,1,1,0,,0.06795707544000944,0.021108792206729062,0,1,0,0
100,28.0,30.0,6.0,1,3,0,35.8215678379678,128.755244844025,1650.0,94.0,27.0,99.0,2186.0,56.0,130.0,1,1,0,,-0.5304025230405826,0.17332742066266985,0,1,0,0
100,28.0,34.0,6.0,1,3,0,35.8210304603124,128.755864120309,1717.0,26.0,74.0,126.0,2266.0,94.0,92.0,1,1,0,,-0.36147840692274624,0.005592027551831154,0,1,0,0
200,35.0,28.5,6.0,2,4,0,35.8396585497473,128.756435134109,495.0,173.0,54.0,74.0,2027.0,54.0,166.0,0,1,0,,-0.46218378927163095,0.19111883201885882,1,0,0,0
100,25.0,30.0,6.0,1,3,0,35.8206883606528,128.756630863438,1766.0,83.0,128.0,197.0,2344.0,123.0,133.0,1,1,0,,0.04592263540309843,-0.0984981838712816,0,1,0,0
100,25.0,30.0,6.0,3,4,0,35.8215617430773,128.757277242412,1684.0,162.0,188.0,262.0,2338.0,86.0,228.0,1,1,0,,0.41002802677830685,-0.20357218886919926,0,0,1,0
100,30.0,33.06,6.0,2,3,0,35.8211290753466,128.755639916012,1703.0,35.0,68.0,107.0,2243.0,84.0,90.0,1,1,0,,-0.4172672253997855,0.03266562514152715,0,1,0,0
100,27.0,30.0,6.0,3,4,0,35.8206483628293,128.755563274142,1755.0,24.0,32.0,103.0,2270.0,103.0,43.0,1,1,0,,-0.40295342102023846,0.10992102395626376,0,1,0,0
200,37.0,30.0,6.0,3,4,0,35.8200187284765,128.756359970055,1835.0,106.0,71.0,198.0,2369.0,195.0,80.0,1,1,0,,0.08255670578359553,0.1012450060616562,0,1,0,0
100,25.0,29.75,6.0,4,4,0,35.8215617430766,128.757277242413,1684.0,162.0,188.0,262.0,2338.0,86.0,228.0,0,1,0,,0.41002802677830685,-0.20357218886919926,0,0,1,0
100,28.0,29.75,6.0,1,3,0,35.8215678379671,128.755244844025,1650.0,94.0,27.0,99.0,2186.0,56.0,130.0,1,1,0,,-0.5304025230405826,0.17332742066266985,0,1,0,0
100,30.0,33.06,6.0,1,3,0,35.8210304603124,128.755864120309,1717.0,26.0,74.0,126.0,2266.0,94.0,92.0,1,1,0,,-0.36147840692274624,0.005592027551831154,0,1,0,0
100,25.0,29.75,6.0,1,3,0,35.8206883606521,128.756630863439,1766.0,83.0,128.0,197.0,2344.0,123.0,133.0,1,1,0,,0.04592263540309843,-0.0984981838712816,0,1,0,0
100,30.0,33.06,6.0,3,3,0,35.82112807638053,128.7556404472357,1703.0,35.0,68.0,107.0,2243.0,84.0,90.0,1,1,0,,-0.4172672253997855,0.03266562514152715,0,1,0,0
200,40.0,29.7,6.0,3,4,0,35.8236163187539,128.75383494861,1411.0,149.0,187.0,304.0,1953.0,200.0,235.0,0,1,0,,0.46551504947087474,-0.18642962148810702,0,0,1,0
200,30.0,29.75,6.0,2,4,0,35.82024300647532,128.7565149428241,1813.0,96.0,98.0,200.0,2365.0,171.0,99.0,1,1,0,,0.07262206583251807,0.02196665116231027,0,1,0,0
100,30.0,29.75,6.0,2,3,0,35.8216829867977,128.757699478556,1680.0,202.0,219.0,303.0,2363.0,122.0,267.0,0,1,0,,0.5609056115032197,-0.1680083852289806,0,0,1,0
200,35.0,26.44,6.0,2,3,0,35.83862215248308,128.75430837434982,292.0,85.0,65.0,80.0,1807.0,91.0,186.0,0,1,0,,-0.48829694622147973,-0.08804103978674177,1,0,0,0
100,30.0,23.14,7.0,1,3,0,35.8397815652299,128.7522565321,393.0,140.0,124.0,306.0,1688.0,38.0,203.0,1,1,0,,0.004049174917020628,-0.4822641156060282,0,0,1,0
100,30.0,23.14,6.0,4,4,0,35.8394972694711,128.756193307235,468.0,149.0,38.0,100.0,2000.0,38.0,194.0,1,1,0,,-0.5231137723184018,0.14698357750934496,1,0,0,0
100,30.0,26.45,6.0,2,4,0,35.841308593750014,128.75582885742233,620.0,71.0,85.0,210.0,2052.0,49.0,169.0,0,1,0,,-0.3944850032366943,-0.18749831796038163,1,0,0,0
70,25.0,23.14,6.0,2,3,0,35.84035080031026,128.75515212652513,498.0,123.0,25.0,198.0,1951.0,83.0,139.0,0,0,0,,-0.5110285545754799,0.013591816974895832,1,0,0,0
200,35.0,23.14,7.0,3,3,0,35.83932495117189,128.75253295898483,340.0,101.0,80.0,258.0,1688.0,39.0,228.0,1,1,0,,-0.35008238329904656,-0.3606175418020856,1,0,0,0
100,32.0,23.14,6.0,4,4,0,35.8394972694718,128.756193307234,468.0,149.0,38.0,100.0,2000.0,38.0,194.0,0,1,0,,-0.5231137723184018,0.14698357750934496,1,0,0,0
150,33.0,23.14,6.0,4,4,0,35.83908753303081,128.75477457810248,357.0,36.0,83.0,100.0,1864.0,109.0,235.0,1,1,0,,-0.3651461832135927,-0.15712450908931322,1,0,0,0
300,40.0,26.45,6.0,3,5,1,35.841507849885105,128.7583561188615,764.0,290.0,92.0,145.0,2267.0,36.0,60.0,1,1,0,,0.010585252456523881,0.36508310779739095,0,0,0,1
200,35.0,23.14,6.0,3,4,0,35.8401738381707,128.756716863726,556.0,215.0,19.0,63.0,2072.0,102.0,125.0,1,1,0,,-0.3227945916301316,0.3517880920259076,1,0,0,0
200,35.0,23.14,6.0,2,4,0,35.839650927618,128.75642024702,494.0,171.0,53.0,76.0,2025.0,53.0,168.0,0,1,0,,-0.4688208325582859,0.18683116610701472,1,0,0,0
200,38.0,26.45,6.0,2,4,0,35.838730296104,128.755171531912,343.0,89.0,34.0,58.0,1884.0,117.0,222.0,1,1,0,,-0.4446893550443273,0.05720969994919336,1,0,0,0
200,42.0,23.14,6.0,2,4,0,35.8391053339625,128.754777404951,359.0,35.0,85.0,102.0,1865.0,107.0,233.0,1,1,0,,-0.3626736237161997,-0.16514802711996357,1,0,0,0
150,32.0,26.45,7.0,2,3,0,35.8397815652292,128.7522565321,393.0,140.0,124.0,306.0,1688.0,38.0,203.0,0,0,0,,0.004049174917020628,-0.4822641156060282,0,0,1,0
100,32.0,34.0,6.0,3,4,0,35.8226851105199,128.757263283958,1563.0,249.0,176.0,318.0,2271.0,130.0,315.0,1,1,0,,0.5482711482979585,-0.1548219055638004,0,0,1,0
100,32.0,34.0,6.0,4,4,0,35.8226851105199,128.757263283958,1563.0,249.0,176.0,318.0,2271.0,130.0,315.0,1,1,0,,0.5482711482979585,-0.1548219055638004,0,0,1,0
100,33.0,30.0,6.0,1,3,0,35.8212893435649,128.756228640919,1694.0,69.0,118.0,163.0,2276.0,55.0,136.0,1,1,0,,-0.18465597887162735,-0.08998204611681132,0,1,0,0
100,30.0,30.0,6.0,1,3,0,35.8212893435649,128.756228640919,1694.0,69.0,118.0,163.0,2276.0,55.0,136.0,1,1,0,,-0.18465597887162735,-0.08998204611681132,0,1,0,0
100,27.0,25.5,6.0,4,4,0,35.8261563251768,128.735757294513,1005.0,101.0,139.0,90.0,760.0,227.0,87.0,1,0,0,,0.2747574596172601,-0.009289873885826786,0,1,0,0
200,35.0,40.0,6.0,2,4,0,35.8220226163625,128.757742927794,1645.0,226.0,215.0,319.0,2346.0,128.0,292.0,1,1,0,,0.5843582265972371,-0.16203520212688566,0,0,1,0
150,35.0,29.75,26.0,1,3,0,35.8388113370622,128.754342753277,312.0,64.0,54.0,92.0,1817.0,85.0,207.0,1,1,0,,-0.5340485671814078,-0.08678686293130064,0,0,1,0
150,32.0,29.75,27.0,1,3,0,35.8399191547018,128.75240564293,407.0,137.0,117.0,304.0,1707.0,57.0,183.0,1,1,0,,-0.03578174666213667,-0.495985363547963,0,0,1,0
150,30.0,29.75,27.0,1,3,0,35.8399191547018,128.75240564293,407.0,137.0,117.0,304.0,1707.0,57.0,183.0,0,1,0,,-0.03578174666213667,-0.495985363547963,0,0,1,0
100,31.0,33.05,27.0,1,3,0,35.8396372080349,128.75314579383,375.0,65.0,43.0,233.0,1753.0,70.0,172.0,1,1,0,,-0.5087927632483578,-0.22498584595202098,0,0,1,0
200,36.0,29.75,11.0,2,3,0,35.8382692602157,128.75026854551,322.0,321.0,130.0,318.0,1454.0,18.0,348.0,1,1,0,,0.30262693011200237,-0.2190688124228657,0,0,1,0
100,24.0,30.0,6.0,3,3,0,35.8209350246449,128.756986596002,1746.0,114.0,163.0,227.0,2355.0,109.0,172.0,1,1,0,,0.25477060927774847,-0.1677740941201245,0,0,1,0
150,32.0,36.36,6.0,3,4,0,35.8412567991202,128.764698356347,1202.0,113.0,53.0,52.0,2787.0,70.0,83.0,1,1,0,,-0.16370455075919368,0.4027227947146753,0,1,0,0
150,35.0,33.05,19.0,1,3,0,35.83736659372098,128.7514255364471,177.0,286.0,35.0,181.0,1515.0,104.0,218.0,1,1,0,,-0.10897916304186905,0.08793774030390873,0,0,1,0
150,32.0,20.0,6.0,3,3,0,35.8429280801082,128.755610114606,780.0,151.0,76.0,377.0,2122.0,140.0,248.0,1,1,0,,0.07828377131813279,-0.14197266861281846,1,0,0,0
100,27.0,27.0,6.0,3,4,0,35.8234871028861,128.753871606094,1425.0,139.0,173.0,289.0,1964.0,188.0,225.0,1,1,0,,0.42609685191882024,-0.22508359674387138,0,0,1,0
100,20.0,26.45,6.0,4,4,0,35.8383906317526,128.764628660042,1087.0,213.0,117.0,311.0,2693.0,105.0,27.0,1,1,0,,0.28620523178146323,0.17551988153364037,0,1,0,0
100,26.0,40.0,6.0,2,4,0,35.826258389293,128.727637283352,869.0,431.0,87.0,179.0,1032.0,137.0,152.0,1,0,0,,0.2972394346651302,0.07260778545434239,0,1,0,0
200,37.0,39.67,6.0,2,4,0,35.8097727727184,128.759394575472,3005.0,119.0,28.0,110.0,3362.0,75.0,135.0,1,1,0,,0.11897892726652723,0.3998213569951702,0,1,0,0
200,37.0,39.67,6.0,2,4,0,35.8146785529927,128.753589965468,2403.0,215.0,86.0,260.0,2608.0,110.0,94.0,0,0,0,,0.11669112183817042,0.28764392882610756,0,1,0,0
200,43.0,23.14,6.0,4,4,0,35.836833084903,128.751867313671,109.0,308.0,26.0,131.0,1535.0,146.0,175.0,1,1,0,,0.011355827697326385,0.1860611103418531,1,0,0,0
200,37.0,26.45,6.0,2,4,0,35.837686182582,128.75208339349,172.0,219.0,53.0,147.0,1583.0,52.0,173.0,1,1,0,,-0.3400280817210067,-0.02859093955186195,1,0,0,0
200,37.0,30.0,6.0,2,4,0,35.8372434676927,128.752385623607,116.0,246.0,32.0,96.0,1593.0,105.0,130.0,1,1,0,,-0.24441201714068717,0.13823130707628276,1,0,0,0
100,35.0,26.45,6.0,1,3,0,35.838167907989295,128.75085440468092,277.0,276.0,81.0,268.0,1498.0,43.0,296.0,1,1,0,,-0.0003105405838715889,-0.1728203244884661,0,0,1,0
200,33.0,23.14,6.0,3,4,0,35.8400589135422,128.756077977503,511.0,158.0,62.0,108.0,2014.0,51.0,184.0,1,1,0,,-0.47265481140276394,0.09783531795640689,1,0,0,0
200,35.0,39.67,6.0,3,3,0,35.8217877144126,128.757655206755,1668.0,204.0,212.0,302.0,2353.0,117.0,270.0,1,1,0,,0.5559456422180351,-0.17891736184017737,0,0,1,0
300,40.0,36.3,6.0,3,4,0,35.8217132856433,128.758129225336,1688.0,238.0,255.0,341.0,2394.0,160.0,302.0,0,1,0,,0.5521198907238838,-0.07106621871987699,0,0,1,0
100,28.0,25.5,6.0,2,3,0,35.840482791565,128.753184990027,469.0,148.0,118.0,303.0,1798.0,101.0,89.0,1,0,0,,0.05608462773365421,-0.45746857971643984,0,0,1,0
150,28.0,33.06,6.0,3,3,0,35.8416575081029,128.751534717912,610.0,325.0,166.0,497.0,1736.0,70.0,177.0,0,1,0,,0.5681220809170843,-0.28757883928011196,0,0,1,0
100,28.0,29.75,6.0,1,3,0,35.8428437694685,128.754380220341,743.0,152.0,177.0,425.0,2023.0,152.0,193.0,1,1,0,,0.5128382933656765,-0.3256413944215041,0,0,1,0
200,35.0,26.45,6.0,2,3,0,35.8388276039833,128.754715952571,329.0,61.0,63.0,74.0,1849.0,117.0,219.0,0,1,0,,-0.4090866220703813,-0.06752425493453744,1,0,0,0
200,35.0,20.0,6.0,3,4,0,35.8398100288197,128.762434433632,949.0,241.0,39.0,198.0,2543.0,202.0,68.0,1,1,0,,0.19576625842348955,0.31906277651650816,0,1,0,0
100,30.0,23.14,6.0,3,3,0,35.8378354646324,128.758334037256,523.0,381.0,84.0,169.0,2127.0,152.0,252.0,1,1,0,,0.2932912304426681,0.3729532707920065,1,0,0,0
100,25.0,26.45,6.0,3,3,0,35.843480016794935,128.74745172266725,938.0,65.0,108.0,901.0,1587.0,39.0,48.0,0,1,0,,0.3178977016547446,0.028755748695030985,1,0,0,0
200,35.0,20.0,6.0,1,3,0,35.8391617112148,128.752736367882,321.0,81.0,55.0,233.0,1698.0,63.0,235.0,0,1,0,,-0.4833630896700747,-0.2800926676189708,1,0,0,0
200,35.0,20.0,6.0,1,3,0,35.8394751077968,128.752725003588,356.0,88.0,77.0,252.0,1711.0,53.0,204.0,0,1,0,,-0.3860863581913178,-0.36142945766474843,1,0,0,0
200,33.0,26.45,6.0,3,3,0,35.8389809379276,128.754144629484,322.0,52.0,30.0,118.0,1807.0,63.0,222.0,0,1,0,,-0.5800521960018981,-0.05902684689356255,1,0,0,0
150,32.0,26.45,6.0,2,4,0,35.8386689234398,128.758481141697,573.0,362.0,94.0,87.0,2165.0,104.0,159.0,1,1,0,,0.1932962580707552,0.4574785288823379,0,1,0,0
200,35.0,26.45,6.0,3,3,0,35.8394776528494,128.753581859678,362.0,31.0,0.0,193.0,1782.0,48.0,179.0,0,1,0,,-0.4856601338661159,-0.04975919763926267,1,0,0,0
200,38.0,26.45,6.0,3,3,0,35.8373442163169,128.75145846562,173.0,285.0,38.0,177.0,1517.0,105.0,215.0,0,1,0,,-0.10747103107373751,0.08272186144138521,1,0,0,0
200,38.0,26.45,6.0,1,3,0,35.8385084277393,128.754524549135,290.0,94.0,61.0,57.0,1821.0,114.0,180.0,1,1,0,,-0.41629059250898914,-0.0269647656683889,1,0,0,0
150,36.0,29.75,11.0,3,3,0,35.8388276039833,128.754715952571,329.0,61.0,63.0,74.0,1849.0,117.0,219.0,1,1,0,,-0.40908662207038116,-0.06752425493453741,1,0,0,0
200,35.0,29.75,13.0,4,4,0,35.8387171285435,128.75527715104,348.0,97.0,34.0,59.0,1892.0,109.0,224.0,1,1,0,,-0.47361925584337533,0.06711447889699063,1,0,0,0
100,30.0,29.75,26.0,2,3,0,35.8412074083334,128.752399014115,550.0,249.0,220.0,409.0,1776.0,30.0,132.0,1,1,0,,0.5436153652444049,-0.31113701687862877,0,0,1,0
100,27.0,29.75,7.134969325153374,2,3,0,35.8411683218776,128.752002061001,549.0,264.0,232.0,428.0,1743.0,31.0,168.0,1,1,0,,0.5511474108695293,-0.2709724634160105,0,0,1,0
200,35.0,20.0,6.0,3,3,0,35.8399592628338,128.753424133811,413.0,86.0,56.0,243.0,1791.0,100.0,129.0,0,1,0,,-0.4060315907219683,-0.2511875801565506,1,0,0,0
100,25.0,26.44,11.0,1,4,0,35.8405656533684,128.756210997979,565.0,152.0,41.0,126.0,2047.0,47.0,173.0,1,1,0,,-0.5172579577371907,0.1438072437672589,1,0,0,0
200,32.0,33.06,24.0,2,3,0,35.8435981662031,128.74944458189,870.0,225.0,73.0,783.0,1723.0,45.0,110.0,1,1,0,,0.3428773365047505,-0.03582442509537479,0,0,1,0
100,30.0,29.75,6.0,1,3,0,35.8212824087436,128.756228377476,1695.0,68.0,117.0,163.0,2277.0,56.0,135.0,1,1,0,,-0.190253273523406,-0.08851620567632697,0,1,0,0
70,25.0,33.0,6.0,3,3,0,35.8432845895802,128.750254028479,814.0,304.0,89.0,710.0,1754.0,58.0,68.0,0,0,0,,0.39454101101176303,-0.0699077342966261,0,1,0,0
70,22.0,33.0,6.0,3,3,0,35.8434848130169,128.749400699576,860.0,224.0,71.0,776.0,1712.0,54.0,101.0,0,0,0,,0.3427118493445297,-0.04293172340760384,0,1,0,0
100,35.0,33.05,6.0,3,3,0,35.84066010522546,128.75519878373206,531.0,108.0,52.0,207.0,1969.0,62.0,124.0,1,0,0,,-0.5149520558840728,-0.09548887974665722,0,1,0,0
100,30.0,30.0,6.0,2,3,0,35.8214473669905,128.75585482681,1671.0,71.0,81.0,137.0,2239.0,58.0,131.0,1,1,0,,-0.40521729944927365,0.007878281015930877,0,1,0,0
60,21.0,20.0,7.0,2,3,0,35.8394036377066,128.759574723052,698.0,453.0,111.0,146.0,2283.0,39.0,92.0,0,1,0,,0.33585500332905643,0.46848751790507354,1,0,0,0
100,23.0,33.06,17.0,3,4,0,35.8406102004132,128.765517046792,1239.0,56.0,94.0,141.0,2834.0,65.0,125.0,1,0,0,,-0.06235994327737485,0.23674796281830307,0,1,0,0
200,30.0,33.06,6.0,2,4,0,35.8192741435723,128.748901406687,1794.0,159.0,73.0,390.0,1945.0,151.0,34.0,1,0,0,,0.10471406415585081,-0.19483205117709654,0,1,0,0
200,33.0,20.0,6.0,3,4,0,35.840091324207,128.759578183537,740.0,435.0,42.0,116.0,2309.0,83.0,58.0,1,1,0,,0.20915725945721508,0.6177490755322484,0,1,0,0
70,26.0,29.8,18.0,3,3,0,35.8430521238295,128.751043891861,771.0,379.0,111.0,648.0,1792.0,95.0,103.0,1,1,0,,0.46665459065854864,-0.05331492816086659,0,0,1,0
200,35.0,29.75,6.0,2,3,0,35.8216829867977,128.757699478556,1680.0,202.0,219.0,303.0,2363.0,122.0,267.0,1,1,0,,0.5609056115032197,-0.1680083852289806,0,0,1,0
100,35.0,45.0,6.0,2,3,0,35.8410914635926,128.752310471508,538.0,242.0,213.0,404.0,1762.0,15.0,140.0,1,1,0,,0.5077396777263814,-0.30403608960647527,0,0,1,0
70,24.0,25.0,6.0,1,3,0,35.8414502710287,128.750871773602,602.0,353.0,140.0,521.0,1674.0,88.0,153.0,1,1,0,,0.5276613594397466,-0.21383204878112613,0,0,1,0
100,33.0,40.0,6.0,2,3,0,35.8441644711397,128.751779439735,882.0,414.0,243.0,691.0,1922.0,175.0,229.0,1,0,0,,0.4472472532001209,0.03589886374025882,0,1,0,0
100,28.0,39.67,6.0,3,4,0,35.8209179957395,128.755500503311,1724.0,23.0,42.0,93.0,2247.0,80.0,64.0,1,1,0,,-0.45791835326689734,0.08991416110304279,0,1,0,0
70,24.0,29.8,6.0,2,4,0,35.8441644711397,128.751779439735,882.0,414.0,243.0,691.0,1922.0,175.0,229.0,1,1,0,,0.4472472532001209,0.03589886374025882,0,0,1,0
100,30.0,26.45,6.0,3,4,0,35.831214370779,128.747506021287,663.0,694.0,117.0,814.0,1099.0,138.0,193.0,0,1,0,,0.3228202015746274,0.1365015788113283,1,0,0,0
100,30.0,23.14,6.0,4,4,0,35.838713082922176,128.75153482277014,296.0,197.0,73.0,265.0,1578.0,77.0,279.0,1,1,0,,-0.19296587656577152,-0.2967613457687045,1,0,0,0
100,27.0,26.45,6.0,2,4,0,35.8313621998425,128.747577318116,661.0,697.0,112.0,798.0,1103.0,128.0,195.0,0,1,0,,0.3233951028662879,0.13631286027323516,0,0,1,0
200,36.0,26.45,6.0,3,3,0,35.8393880693448,128.752823133119,346.0,76.0,68.0,239.0,1715.0,62.0,209.0,0,1,0,,-0.44032498003777193,-0.3284830313372602,1,0,0,0
70,23.0,23.14,7.0,2,3,0,35.8376689792033,128.751372092862,205.0,266.0,52.0,199.0,1522.0,81.0,231.0,0,1,0,,-0.15782388411477133,-0.021923279179098146,1,0,0,0
100,36.0,33.06,6.0,3,3,0,35.8383798984346,128.754983091078,302.0,115.0,20.0,19.0,1855.0,144.0,179.0,1,1,0,,-0.29104801844315137,0.13393398111649954,1,0,0,0
100,20.0,26.45,6.0,2,4,0,35.8390930943176,128.764834682173,1124.0,133.0,109.0,238.0,2729.0,41.0,91.0,0,0,0,,0.028757659228623153,0.18683868458574573,0,1,0,0
100,35.0,39.67,6.0,3,3,0,35.8216305867655,128.755797898009,1650.0,90.0,70.0,142.0,2223.0,53.0,147.0,1,1,0,,-0.44978947054887597,0.04723943370492662,0,1,0,0
150,33.0,26.45,7.0,3,3,0,35.839797029903,128.752944572847,391.0,91.0,67.0,259.0,1744.0,82.0,164.0,1,1,0,,-0.3892166149900753,-0.3309011790071905,1,0,0,0
100,26.0,25.5,7.0,3,3,0,35.8399842780487,128.752821423436,412.0,114.0,89.0,281.0,1744.0,85.0,152.0,1,1,0,,-0.22926827424269142,-0.4152818871589553,1,0,0,0
200,32.0,25.5,6.0,2,4,0,35.8391162251672,128.751771111457,331.0,169.0,116.0,282.0,1616.0,50.0,287.0,1,0,0,,-0.02180662728922591,-0.4655995624249644,0,0,1,0
100,33.0,29.75,14.0,2,3,0,35.8396355519947,128.750626812708,424.0,276.0,201.0,394.0,1550.0,138.0,332.0,1,1,0,,0.5949170250276697,-0.32414340999511543,0,0,1,0
200,45.0,33.05,26.0,3,3,0,35.8393226755748,128.753160894204,340.0,45.0,39.0,210.0,1740.0,39.0,204.0,0,1,0,,-0.5224776404035159,-0.18382928988376568,0,0,1,0
200,45.0,33.05,26.0,2,3,0,35.8393226755748,128.753160894204,340.0,45.0,39.0,210.0,1740.0,39.0,204.0,1,1,0,,-0.5224776404035159,-0.18382928988376568,0,0,1,0
100,27.0,25.5,7.0,1,3,0,35.8392456786841,128.752638724298,331.0,90.0,68.0,245.0,1693.0,51.0,230.0,1,1,0,,-0.4281312493823067,-0.32743176136597857,1,0,0,0
100,20.0,26.45,7.0,2,3,0,35.831872838068,128.748223587929,644.0,750.0,65.0,717.0,1153.0,77.0,191.0,1,1,0,,0.31005841196162826,0.13768221769710268,0,0,1,0
100,30.0,30.0,6.0,3,4,0,35.8224607526897,128.756312540823,1568.0,190.0,87.0,237.0,2211.0,75.0,250.0,1,1,0,,-0.1447727215192397,0.031844018715572256,0,0,1,0
100,23.0,30.0,6.0,1,3,0,35.8217859014161,128.757655941286,1668.0,204.0,212.0,302.0,2353.0,117.0,270.0,1,1,0,,0.5559456422180351,-0.17891736184017737,0,0,1,0
200,30.0,21.0,6.0,2,4,0,35.8406539372605,128.756508656574,588.0,164.0,58.0,115.0,2076.0,65.0,149.0,0,1,0,,-0.45655171761603963,0.1467626693283695,1,0,0,0
200,35.0,25.0,6.0,1,3,0,35.840366392,128.754282048211,473.0,115.0,33.0,249.0,1880.0,144.0,87.0,0,1,0,,-0.2441555351466251,-0.06790939867502067,1,0,0,0
200,35.0,20.0,6.0,2,4,0,35.8396585497473,128.756435134109,495.0,173.0,54.0,74.0,2027.0,54.0,166.0,0,1,0,,-0.46218378927163095,0.19111883201885882,1,0,0,0
200,38.0,27.0,6.0,4,4,0,35.8407644449356,128.756654522964,605.0,167.0,62.0,119.0,2093.0,75.0,140.0,1,1,0,,-0.42195138864282666,0.1449279584818726,1,0,0,0
200,35.0,23.14,6.0,2,4,0,35.8396585497466,128.756435134109,495.0,173.0,54.0,74.0,2027.0,54.0,166.0,1,1,0,,-0.46218378927163095,0.19111883201885882,1,0,0,0
200,35.0,29.75,6.0,3,4,0,35.8396585497466,128.756435134109,495.0,173.0,54.0,74.0,2027.0,54.0,166.0,1,1,0,,-0.46218378927163095,0.19111883201885882,1,0,0,0
150,30.0,29.75,16.0,2,3,0,35.838846448385,128.751281447661,319.0,216.0,95.0,290.0,1564.0,103.0,306.0,1,1,0,,0.0360845839509834,-0.36166307213855436,0,0,1,0
200,35.0,29.75,23.0,3,3,0,35.842205425566,128.751155317314,677.0,365.0,108.0,566.0,1743.0,0.0,117.0,1,1,0,,0.38578544395962866,-0.055901058417250266,0,0,1,0
200,30.0,26.44,11.0,2,4,0,35.8405656533684,128.756210997979,565.0,152.0,41.0,126.0,2047.0,47.0,173.0,1,1,0,,-0.5172579577371907,0.1438072437672589,1,0,0,0
70,22.0,26.44,6.0,4,4,0,35.82959027129198,128.76286012124353,1169.0,1168.0,220.0,1169.0,2494.0,870.0,95.0,1,1,0,,0.27714963386021935,0.12148293478715635,0,1,0,0
100,27.0,30.0,6.0,3,3,0,35.8210894960107,128.755425391668,1705.0,41.0,55.0,88.0,2230.0,66.0,79.0,1,1,0,,-0.47755656957260867,0.07968402604903016,0,1,0,0
200,35.0,40.0,6.0,2,4,0,35.8226990668376,128.757023711806,1556.0,239.0,156.0,302.0,2252.0,119.0,304.0,1,1,0,,0.45572228634136236,-0.14397756908368062,0,0,1,0
100,23.0,29.75,6.0,1,3,0,35.8217877144119,128.757655206755,1668.0,204.0,212.0,302.0,2353.0,117.0,270.0,0,1,0,,0.5559456422180351,-0.17891736184017737,0,0,1,0
150,30.0,24.0,6.0,3,4,0,35.8408836406352,128.756742368458,621.0,166.0,73.0,128.0,2106.0,75.0,139.0,1,1,0,,-0.37644993190731624,0.10522326328732064,1,0,0,0
200,35.0,36.0,6.0,3,4,0,35.8388555696721,128.765496304927,1175.0,164.0,76.0,285.0,2781.0,32.0,99.0,0,0,0,,0.008085563161399856,0.2910508352882828,0,1,0,0
100,21.0,24.0,6.0,3,4,0,35.8407451933486,128.765130367788,1213.0,52.0,106.0,103.0,2806.0,59.0,90.0,1,0,0,,-0.04754130527405875,0.22017974533770904,0,1,0,0
200,36.0,27.0,6.0,2,3,0,35.8388113370622,128.754342753277,312.0,64.0,54.0,92.0,1817.0,85.0,207.0,0,1,0,,-0.5340485671814078,-0.08678686293130064,1,0,0,0
200,32.0,27.0,6.0,2,3,0,35.8429280801075,128.755610114606,780.0,151.0,76.0,377.0,2122.0,140.0,248.0,1,1,0,,0.07828377131813279,-0.14197266861281846,0,0,1,0
200,36.0,30.0,6.0,3,4,1,35.8201267977376,128.756235002186,1821.0,90.0,71.0,183.0,2353.0,183.0,71.0,1,1,0,,0.01830752118789778,0.08613026401980815,0,0,0,1
100,37.0,27.0,6.0,4,4,1,35.8376934184071,128.75887161836,565.0,431.0,53.0,200.0,2170.0,125.0,262.0,0,1,0,,0.271384027272139,0.4921599443539942,0,0,0,1
200,39.0,27.0,6.0,4,4,0,35.8407644449349,128.756654522964,605.0,167.0,62.0,119.0,2093.0,75.0,140.0,0,1,0,,-0.42195138864282666,0.1449279584818726,1,0,0,0
100,20.0,23.14,6.0,4,4,0,35.8389574108093,128.765679283227,1194.0,158.0,81.0,282.0,2799.0,35.0,84.0,0,1,0,,0.02011325308419111,0.2819270596093781,1,0,0,0
100,25.0,29.0,6.0,1,4,0,35.84308389377051,128.7639511735884,1254.0,327.0,76.0,140.0,2799.0,116.0,143.0,0,1,0,,0.2343929896219156,0.5770987772307407,0,1,0,0
150,32.0,36.36,6.0,3,4,0,35.84125625378107,128.76469867628782,1202.0,113.0,53.0,52.0,2787.0,70.0,83.0,0,0,0,,-0.16370455075919368,0.4027227947146753,0,1,0,0
150,28.0,23.14,6.0,3,4,0,35.8386476187496,128.765745788908,1191.0,192.0,46.0,315.0,2797.0,0.0,81.0,1,0,0,,0.031725514712209746,0.32554428891088844,0,1,0,0
300,38.0,39.67,6.0,3,4,0,35.8425863621595,128.758937612332,890.0,359.0,174.0,271.0,2366.0,97.0,106.0,0,1,0,,0.5400589582515434,0.0889201995284052,0,1,0,0
100,20.0,16.52,6.0,2,5,0,35.84115378863239,128.76308503311344,1070.0,202.0,89.0,92.0,2646.0,43.0,92.0,1,0,0,,-0.06784285543087434,0.425245814692935,0,1,0,0
200,35.0,36.36,6.0,3,5,0,35.8427665794487,128.764014533974,1238.0,292.0,44.0,105.0,2790.0,108.0,135.0,0,0,0,,0.10214725055561578,0.6065887376322953,0,1,0,0
200,38.0,30.0,6.0,1,3,0,35.8233721263762,128.754297057324,1441.0,154.0,146.0,271.0,2003.0,151.0,238.0,1,1,0,,0.30472511581236944,-0.2901065105193515,0,0,1,0
200,37.0,26.45,7.0,2,3,0,35.8398698692771,128.752121022971,405.0,156.0,139.0,322.0,1681.0,46.0,206.0,0,1,0,,0.14136136913484473,-0.5150434292993269,0,0,1,0
200,38.0,26.45,6.0,3,4,0,35.8404779001747,128.756894002318,592.0,203.0,26.0,81.0,2100.0,69.0,110.0,1,1,0,,-0.410684748248293,0.33434386036134367,1,0,0,0
200,40.0,40.0,6.0,2,3,0,35.8435113091969,128.752584508444,805.0,311.0,257.0,588.0,1933.0,181.0,251.0,0,1,0,,0.5093087474803116,-0.0340562543606289,0,0,1,0
200,35.0,27.0,6.0,3,4,0,35.8398100288197,128.762434433632,949.0,241.0,39.0,198.0,2543.0,202.0,68.0,1,1,0,,0.19576625842348971,0.3190627765165083,0,1,0,0
100,30.0,33.05,6.0,2,3,0,35.8385750023738,128.754032105073,277.0,78.0,56.0,100.0,1781.0,75.0,176.0,1,1,0,,-0.5479749654698772,-0.1056099936532623,1,0,0,0
200,38.0,36.36,6.0,2,2,0,35.8390630602211,128.75159796334,330.0,185.0,110.0,288.0,1600.0,65.0,302.0,1,1,0,,-0.00810753183275012,-0.45585126755984345,0,0,1,0
100,25.0,30.0,6.0,2,3,0,35.8219436219796,128.755694149075,1614.0,125.0,42.0,157.0,2195.0,56.0,177.0,1,1,0,,-0.49881803642831546,0.14377098252078505,1,0,0,0
50,20.0,29.75,6.0,2,4,0,35.8250387132259,128.728771113711,1003.0,283.0,117.0,349.0,1073.0,33.0,248.0,1,1,0,,0.26167269726271286,-0.30449137475411914,0,0,1,0
200,34.0,24.0,6.0,2,4,0,35.8407973513946,128.755593140382,560.0,101.0,31.0,185.0,2008.0,23.0,152.0,1,1,0,,-0.5187563273738104,0.02216143541031332,1,0,0,0
80,25.0,26.45,6.0,3,3,0,35.8384899302111,128.754131271393,272.0,91.0,63.0,88.0,1786.0,88.0,168.0,0,1,0,,-0.5005078649908405,-0.0962302762437378,1,0,0,0
150,35.0,29.75,21.0,2,3,0,35.8417424315828,128.753422440646,610.0,155.0,204.0,406.0,1885.0,37.0,83.0,0,1,0,,0.47021788996093655,-0.3909015907552218,0,0,1,0
200,38.0,27.0,6.0,2,4,0,35.8408652469186,128.756533569361,608.0,151.0,77.0,134.0,2088.0,63.0,155.0,0,1,0,,-0.400854493780109,0.047371845599857854,1,0,0,0
100,23.0,30.0,6.0,1,3,0,35.8217877144126,128.757655206755,1668.0,204.0,212.0,302.0,2353.0,117.0,270.0,1,1,0,,0.5559456422180351,-0.17891736184017737,0,0,1,0
200,33.0,20.0,6.0,3,3,0,35.8389809379283,128.754144629484,322.0,52.0,30.0,118.0,1807.0,63.0,222.0,0,1,0,,-0.5800521960018981,-0.05902684689356255,1,0,0,0
100,28.0,30.0,6.0,2,4,0,35.8220032884981,128.756741498756,1625.0,160.0,126.0,236.0,2271.0,43.0,226.0,1,1,0,,0.00881949434626561,-0.09567277954043109,0,0,1,0
200,38.0,26.45,6.0,2,4,0,35.8400172864544,128.755979006324,502.0,148.0,61.0,116.0,2004.0,42.0,194.0,0,1,0,,-0.4875293749497386,0.07003571992056437,1,0,0,0
100,35.0,35.05,6.0,3,3,0,35.8381763534472,128.750849942273,278.0,276.0,82.0,269.0,1498.0,43.0,296.0,1,1,0,,0.0046725913100509765,-0.17722498489352492,0,0,1,0
200,30.0,29.75,6.0,3,4,0,35.8306016266432,128.704572286439,1140.0,230.0,104.0,425.0,1011.0,82.0,60.0,0,1,0,,0.2632104119797307,-0.3746961470353919,1,0,0,0
200,35.0,36.36,6.0,2,3,0,35.8394776528494,128.753581859678,362.0,31.0,0.0,193.0,1782.0,48.0,179.0,1,1,0,,-0.4856601338661159,-0.04975919763926267,1,0,0,0
100,30.0,33.05,6.0,3,3,0,35.8409511039164,128.753030730161,520.0,202.0,157.0,354.0,1810.0,72.0,76.0,1,1,0,,0.3744468055419399,-0.48263503016967746,0,0,1,0
100,35.0,33.05,7.0,3,3,0,35.8378143531176,128.751506539883,210.0,247.0,37.0,197.0,1538.0,62.0,226.0,1,1,0,,-0.25898646396464536,0.0006526376062916809,1,0,0,0
200,33.0,20.0,7.0,1,3,0,35.8388961375337,128.754243691486,317.0,58.0,42.0,105.0,1812.0,73.0,215.0,0,1,0,,-0.5716654294798255,-0.07455203150921057,1,0,0,0
100,38.0,20.0,6.0,2,3,0,35.83850842774,128.754524549134,290.0,94.0,61.0,57.0,1821.0,114.0,180.0,0,1,0,,-0.41629059250898914,-0.0269647656683889,1,0,0,0
100,35.0,20.0,6.0,2,3,0,35.83850842774,128.754524549134,290.0,94.0,61.0,57.0,1821.0,114.0,180.0,0,1,0,,-0.41629059250898914,-0.0269647656683889,1,0,0,0
200,33.0,37.5,6.0,3,4,0,35.8395343623326,128.765908651596,1231.0,114.0,33.0,243.0,2835.0,81.0,97.0,1,1,0,,-0.09070284456009135,0.3435382250234763,0,1,0,0
150,32.0,25.5,6.0,2,4,0,35.8395372918298,128.756383544499,482.0,166.0,40.0,82.0,2017.0,40.0,176.0,1,0,0,,-0.49208092642403106,0.19676437193627921,1,0,0,0
100,25.0,25.5,6.0,1,4,0,35.8378043541194,128.756604515646,378.0,253.0,65.0,148.0,1975.0,155.0,239.0,1,0,0,,0.00817272194733943,0.18738658392599164,0,0,1,0
100,22.0,26.45,6.0,2,4,0,35.8220226163625,128.757742927794,1645.0,226.0,215.0,319.0,2346.0,128.0,292.0,1,1,0,,0.5843582265972371,-0.16203520212688566,0,0,1,0
50,20.0,26.45,6.0,2,3,0,35.8160246206736,128.762855721019,2426.0,290.0,105.0,613.0,3104.0,235.0,89.0,1,1,0,,0.4133582420059837,0.20092820763084113,0,1,0,0
100,23.0,25.5,6.0,3,4,1,35.8420078283411,128.763173994054,1127.0,256.0,65.0,55.0,2688.0,57.0,75.0,1,0,0,,-0.02315788604321536,0.5774113235405334,0,0,0,1
100,23.0,28.5,6.0,2,4,0,35.8396388223515,128.765619133128,1210.0,88.0,17.0,217.0,2813.0,59.0,123.0,1,0,0,,-0.14754561945831815,0.32577486036011244,0,1,0,0
100,20.0,26.45,6.0,4,4,0,35.839021962087,128.765082331021,1144.0,140.0,101.0,253.0,2749.0,46.0,98.0,1,0,0,,0.0259427363767069,0.21397471615014274,0,1,0,0
50,20.0,26.45,6.0,3,3,0,35.8162108958394,128.762971582977,2410.0,305.0,112.0,637.0,3100.0,242.0,74.0,1,1,0,,0.40926157818619585,0.19566681978949646,0,1,0,0
50,20.0,25.5,6.0,3,3,0,35.8438786543174,128.751839890041,850.0,389.0,224.0,665.0,1906.0,174.0,212.0,1,1,0,,0.4855166188433366,0.0025270009838969545,0,0,1,0
100,25.0,26.45,6.0,2,3,0,35.842516156933,128.754451803174,709.0,117.0,167.0,393.0,2009.0,117.0,159.0,1,1,0,,0.40398955101249,-0.42229738158210234,0,0,1,0
100,30.0,37.5,6.0,2,4,0,35.8401811289406,128.764078677689,1101.0,88.0,109.0,108.0,2697.0,52.0,55.0,1,0,0,,-0.07896501773936564,0.21532555691317076,0,1,0,0
200,37.0,25.5,6.0,2,4,0,35.8397517838038,128.762295361595,934.0,255.0,47.0,201.0,2529.0,214.0,79.0,1,1,0,,0.24004836412877534,0.3008491691060983,0,1,0,0
200,35.0,25.5,6.0,2,4,0,35.8401738381707,128.756716863726,556.0,215.0,19.0,63.0,2072.0,102.0,125.0,1,0,0,,-0.32279459163013163,0.35178809202590783,0,1,0,0
100,27.0,26.45,6.0,1,3,0,35.8398574463641,128.75104470873,430.0,245.0,208.0,387.0,1595.0,108.0,287.0,1,1,0,,0.5964746652480432,-0.3964829668772319,0,0,1,0
200,32.0,25.5,6.0,2,3,0,35.8429280801082,128.755610114606,780.0,151.0,76.0,377.0,2122.0,140.0,248.0,1,1,0,,0.07828377131813277,-0.1419726686128184,0,0,1,0
70,25.0,25.5,6.0,2,4,0,35.8403675197964,128.755161127221,500.0,125.0,26.0,197.0,1952.0,82.0,138.0,1,0,0,,-0.5121898041464945,0.014812986492124503,1,0,0,0
100,20.0,25.5,6.0,2,4,0,35.8399846055701,128.76423745217,1106.0,80.0,132.0,130.0,2704.0,60.0,77.0,1,1,0,,0.027262949349530528,0.1397333606538213,0,1,0,0
150,35.0,25.5,6.0,3,3,0,35.8393894880839,128.752824713704,346.0,76.0,67.0,239.0,1715.0,63.0,209.0,1,1,0,,-0.44329747957116344,-0.32554308283815514,1,0,0,0
100,34.0,27.5,6.0,2,3,0,35.8396288417772,128.752137965634,378.0,143.0,128.0,306.0,1671.0,19.0,223.0,1,1,0,,0.03133479271776178,-0.44302418703841556,0,0,1,0
200,35.0,26.45,6.0,3,3,0,35.8394776528487,128.753581859678,362.0,31.0,0.0,193.0,1782.0,48.0,179.0,1,1,0,,-0.4856601338661159,-0.04975919763926267,1,0,0,0
200,35.0,25.5,6.0,2,4,0,35.838730296104,128.755171531912,343.0,89.0,34.0,58.0,1884.0,117.0,222.0,1,1,0,,-0.44468935504432716,0.057209699949193386,1,0,0,0
100,32.0,25.5,6.0,1,3,0,35.8387293223314,128.751811628699,289.0,173.0,73.0,248.0,1602.0,67.0,263.0,1,1,0,,-0.2788584525291486,-0.3086939704091368,0,0,1,0
100,35.0,26.45,6.0,2,3,0,35.8385084277393,128.754524549135,290.0,94.0,61.0,57.0,1821.0,114.0,180.0,1,1,0,,-0.41629059250898914,-0.0269647656683889,1,0,0,0
100,37.0,29.75,6.0,2,4,0,35.8398171458534,128.756219505729,497.0,159.0,71.0,92.0,2015.0,50.0,178.0,1,1,0,,-0.4389388690382352,0.09282369430719234,1,0,0,0
100,35.0,29.75,6.0,2,3,0,35.8381763534465,128.750849942273,278.0,276.0,82.0,269.0,1498.0,43.0,296.0,1,1,0,,0.0046725913100509765,-0.17722498489352492,0,0,1,0
100,33.0,26.45,6.0,2,3,0,35.8379810484756,128.753082894221,191.0,145.0,37.0,110.0,1678.0,68.0,127.0,1,0,0,,-0.5254299412960242,-0.022068903936679617,1,0,0,0
200,32.0,25.5,6.0,3,3,0,35.8401294702457,128.752455534076,430.0,148.0,125.0,316.0,1721.0,80.0,164.0,0,1,0,,0.07696024730988824,-0.5198094031866836,1,0,0,0
100,25.0,26.45,6.0,1,3,0,35.8379810484756,128.753082894221,191.0,145.0,37.0,110.0,1678.0,68.0,127.0,1,1,0,,-0.5254299412960242,-0.022068903936679617,1,0,0,0
200,35.0,29.75,6.0,2,3,0,35.840881748899,128.753960832477,522.0,135.0,97.0,312.0,1880.0,135.0,23.0,1,1,0,,0.024673530952139304,-0.32656265992858047,1,0,0,0
150,32.0,25.5,6.0,2,4,0,35.838369958887,128.757900399051,511.0,321.0,123.0,106.0,2105.0,163.0,209.0,1,0,0,,0.31360812027241197,0.21962103581233874,0,1,0,0
100,35.0,25.5,7.0,2,3,0,35.8378143531176,128.751506539883,210.0,247.0,37.0,197.0,1538.0,62.0,226.0,1,1,0,,-0.25898646396464536,0.0006526376062916809,1,0,0,0
150,35.0,26.45,6.0,2,4,0,35.8387027855734,128.759251916516,636.0,430.0,70.0,137.0,2232.0,49.0,152.0,1,1,0,,0.22637051351409218,0.5643091229089965,0,1,0,0
150,35.0,25.5,6.0,3,3,0,35.8402099732176,128.754071096743,451.0,104.0,33.0,239.0,1856.0,139.0,97.0,1,1,0,,-0.285359433479483,-0.08555297862309193,1,0,0,0
200,37.0,25.5,6.0,3,4,0,35.8395527876085,128.756802879509,509.0,204.0,58.0,48.0,2053.0,58.0,143.0,1,0,0,,-0.3761776044274533,0.2774885983727224,0,1,0,0
100,35.0,26.45,7.0,2,3,0,35.8393289124989,128.752541949718,341.0,100.0,80.0,258.0,1689.0,39.0,227.0,1,1,0,,-0.3509291021125767,-0.3607497962298672,1,0,0,0
200,45.0,29.75,6.0,1,3,0,35.8395802688629,128.752860895366,367.0,82.0,66.0,249.0,1727.0,67.0,188.0,1,1,0,,-0.4311301916157356,-0.326648909533161,1,0,0,0
100,25.0,25.5,6.0,2,4,0,35.8178090422731,128.750668475567,2008.0,226.0,193.0,187.0,2172.0,78.0,112.0,1,0,0,,0.42210487134315045,-0.14960706937360518,0,1,0,0
200,38.0,25.5,6.0,2,4,0,35.8392954893512,128.758806395796,633.0,383.0,141.0,78.0,2214.0,34.0,84.0,1,0,0,,0.2986239753929918,0.3422143848062943,0,1,0,0
200,30.0,26.45,6.0,3,4,0,35.840345544790175,128.755758483703,523.0,153.0,23.0,146.0,2000.0,58.0,184.0,1,1,0,,-0.5261263677164918,0.1442197938236565,1,0,0,0
200,33.0,29.75,6.0,2,4,0,35.8402433794735,128.756656975568,558.0,206.0,23.0,72.0,2070.0,101.0,130.0,1,1,0,,-0.34829340888259513,0.3275822990209038,1,0,0,0
200,38.0,25.5,6.0,3,4,0,35.8382375042062,128.75924175123,615.0,441.0,18.0,168.0,2217.0,59.0,203.0,1,0,0,,0.18231593734522916,0.5644885046774859,0,1,0,0
200,33.0,25.5,6.0,2,4,0,35.8417682362312,128.76264476839,1073.0,272.0,107.0,44.0,2634.0,28.0,77.0,1,1,0,,0.09219844793835061,0.46699707188296213,0,1,0,0
200,37.0,25.5,6.0,2,3,0,35.8396628321723,128.752390043449,379.0,124.0,109.0,289.0,1693.0,32.0,205.0,0,1,0,,-0.1289290781689764,-0.43798254945612614,1,0,0,0
100,32.0,33.06,6.0,2,2,0,35.8389804903932,128.751216554929,335.0,220.0,111.0,306.0,1565.0,98.0,321.0,1,1,0,,0.1377021881962684,-0.4211071261175506,0,0,1,0
100,30.0,33.05,24.0,2,3,0,35.8420465808883,128.751240252321,658.0,355.0,121.0,547.0,1739.0,19.0,132.0,1,1,0,,0.42507522932298736,-0.11901294706689763,0,0,1,0
100,34.0,29.75,7.134969325153374,3,3,0,35.8378143531176,128.751506539883,210.0,247.0,37.0,197.0,1538.0,62.0,226.0,0,1,0,,-0.25898646396464536,0.0006526376062916809,1,0,0,0
100,28.0,29.75,24.0,3,3,0,35.8411683218776,128.752002061001,549.0,264.0,232.0,428.0,1743.0,31.0,168.0,0,1,0,,0.5511474108695293,-0.2709724634160105,0,0,1,0
200,37.0,29.75,26.0,1,3,0,35.8396628321716,128.752390043449,379.0,124.0,109.0,289.0,1693.0,32.0,205.0,1,1,0,,-0.12892907816897656,-0.43798254945612625,0,0,1,0
50,20.0,25.5,6.0,3,3,0,35.8432557357854,128.756503506343,843.0,219.0,81.0,376.0,2210.0,93.0,315.0,1,1,0,,0.1038056556978894,-0.038326027253895535,0,0,1,0
200,30.0,20.0,6.0,2,4,0,35.8413554331719,128.757742842764,716.0,237.0,91.0,137.0,2209.0,24.0,106.0,1,1,0,,-0.12887858718149556,0.24190739437191072,1,0,0,0
70,20.0,26.45,7.0,3,3,0,35.8380630256867,128.752602853676,200.0,158.0,72.0,145.0,1641.0,51.0,160.0,1,1,0,,-0.4146467098740084,-0.17226035901205494,1,0,0,0
200,35.0,34.0,6.0,1,3,0,35.8210255430579,128.755571581503,1713.0,27.0,55.0,100.0,2245.0,81.0,77.0,1,1,0,,-0.4464986488381993,0.06134663151175441,0,1,0,0
200,35.0,34.0,6.0,2,3,0,35.8210255430579,128.755571581503,1713.0,27.0,55.0,100.0,2245.0,81.0,77.0,1,1,0,,-0.4464986488381993,0.06134663151175441,0,1,0,0
70,22.0,25.5,7.0,2,3,0,35.8389671284182,128.753917787236,314.0,36.0,13.0,132.0,1787.0,43.0,219.0,1,0,0,,-0.5360250594865712,-0.03574903464248064,1,0,0,0
100,31.0,25.5,6.0,4,4,0,35.8383520873484,128.759472146022,639.0,457.0,39.0,175.0,2241.0,35.0,194.0,1,1,0,,0.22492069579324883,0.5524453868095298,0,1,0,0
100,23.0,27.0,6.0,3,4,0,35.8222485444037,128.757630958432,1618.0,234.0,203.0,320.0,2325.0,127.0,300.0,1,1,0,,0.5823857668427975,-0.16816302784315887,0,0,1,0
100,28.0,27.0,6.0,4,4,0,35.8376934184071,128.75887161836,565.0,431.0,53.0,200.0,2170.0,125.0,262.0,1,1,0,,0.271384027272139,0.4921599443539942,1,0,0,0
150,35.0,27.0,6.0,2,3,0,35.838827603984,128.754715952571,329.0,61.0,63.0,74.0,1849.0,117.0,219.0,0,1,0,,-0.40908662207038127,-0.06752425493453743,1,0,0,0
100,28.0,27.0,6.0,1,3,0,35.8398574463648,128.751044708729,430.0,245.0,208.0,387.0,1595.0,108.0,287.0,1,1,0,,0.5964746652480429,-0.39648296687723183,0,0,1,0
200,36.0,27.0,6.0,3,3,0,35.8388317018315,128.75313902133,285.0,61.0,19.0,185.0,1717.0,38.0,212.0,1,1,0,,-0.534559769586995,-0.09972234579386668,1,0,0,0
200,30.0,20.0,6.0,2,4,0,35.8382044997829,128.754782238973,276.0,130.0,20.0,24.0,1831.0,118.0,154.0,0,1,0,,-0.3938619650451254,0.14145451736111264,1,0,0,0
200,35.0,33.06,6.0,3,3,0,35.8214000029158,128.75563039337,1673.0,65.0,66.0,116.0,2225.0,77.0,118.0,1,1,0,,-0.45253986745982133,0.050074000671372965,0,1,0,0
200,33.0,27.0,6.0,3,3,0,35.8381491845988,128.751502171386,241.0,226.0,24.0,220.0,1551.0,49.0,243.0,0,1,0,,-0.3055844483900857,-0.009945584041514641,1,0,0,0
100,20.0,22.0,6.0,3,5,1,35.8427170069011,128.76340760983,1191.0,309.0,49.0,96.0,2737.0,54.0,81.0,1,0,0,,0.06624894670365034,0.6372954372050814,0,0,0,1
300,45.0,30.0,6.0,4,4,0,35.8386203543511,128.760216336297,713.0,473.0,109.0,219.0,2313.0,41.0,196.0,1,1,0,,0.37497251092497985,0.43807178205002045,0,1,0,0
200,38.0,20.0,6.0,3,3,0,35.8373442163176,128.751458465619,173.0,285.0,38.0,177.0,1517.0,105.0,215.0,0,1,0,,-0.10747103107373751,0.08272186144138521,1,0,0,0
200,45.0,20.0,6.0,3,3,0,35.8395600746942,128.753491376098,370.0,42.0,12.0,205.0,1778.0,55.0,171.0,0,1,0,,-0.520767708862345,-0.09212307380087914,1,0,0,0
200,37.0,25.0,6.0,3,4,0,35.8404779001747,128.756894002318,592.0,203.0,26.0,81.0,2100.0,69.0,110.0,1,1,0,,-0.41068474824829293,0.3343438603613436,1,0,0,0
200,30.0,33.05,7.0,3,3,0,35.83224825806092,128.70379139630006,961.0,208.0,91.0,360.0,826.0,116.0,193.0,0,1,0,,0.2169073071824609,-0.2949271963302632,0,0,1,0
100,30.0,25.5,6.0,2,3,0,35.8405315896811,128.754089246444,486.0,137.0,57.0,272.0,1873.0,154.0,63.0,1,1,0,,-0.10968475998100684,-0.13112953906817842,1,0,0,0
100,20.0,23.14,6.0,2,4,0,35.8415911031144,128.762464769387,1048.0,274.0,125.0,61.0,2611.0,36.0,73.0,1,1,0,,0.15129631408813496,0.41038588930735265,0,1,0,0
300,35.0,33.06,6.0,2,4,0,35.8308775408184,128.704420722583,1109.0,216.0,73.0,421.0,979.0,68.0,84.0,0,0,0,,0.15629751437734601,-0.31084127814470364,0,1,0,0
300,45.0,29.75,6.0,1,3,0,35.8233248697358,128.754404561486,1447.0,158.0,138.0,266.0,2014.0,140.0,241.0,1,1,0,,0.2463405545779003,-0.2907233809797749,0,0,1,0
200,32.0,27.0,6.0,3,4,0,35.8380116282748,128.759503912719,629.0,471.0,27.0,203.0,2234.0,65.0,232.0,0,1,0,,0.2462692411444217,0.5482316203373774,1,0,0,0
200,35.0,27.0,6.0,3,5,0,35.8399533021898,128.75974224565,743.0,455.0,48.0,133.0,2317.0,79.0,73.0,1,1,0,,0.24840785204075383,0.607807631011485,0,1,0,0
100,30.0,23.14,6.0,2,3,0,35.84053039550781,128.7540893554692,486.0,137.0,57.0,271.0,1873.0,154.0,63.0,0,1,0,,-0.11078429776536128,-0.13040519200298162,1,0,0,0
200,40.0,40.0,6.0,2,3,0,35.8428497159164,128.748700239429,821.0,195.0,88.0,770.0,1617.0,46.0,117.0,1,1,0,,0.34711267519783806,-0.0798631321219298,0,1,0,0
200,35.0,26.45,6.0,4,4,0,35.8387302961033,128.755171531912,343.0,89.0,34.0,58.0,1884.0,117.0,222.0,1,1,0,,-0.4446893550443273,0.05720969994919336,1,0,0,0
70,23.0,23.14,6.0,3,3,0,35.8434848130162,128.749400699576,860.0,224.0,71.0,776.0,1712.0,54.0,101.0,0,1,0,,0.3427118493445297,-0.04293172340760384,1,0,0,0
100,27.0,33.05,6.0,3,4,0,35.8262583892936,128.727637283352,869.0,431.0,87.0,179.0,1032.0,137.0,152.0,0,0,0,,0.2972394346651302,0.07260778545434239,0,1,0,0
200,25.0,26.0,6.0,3,3,0,35.8391162251665,128.751771111458,331.0,169.0,116.0,282.0,1616.0,50.0,287.0,0,1,0,,-0.02180662728922591,-0.4655995624249644,1,0,0,0
200,35.0,20.0,6.0,1,3,0,35.8405402920606,128.753542504211,478.0,149.0,93.0,292.0,1829.0,127.0,65.0,0,1,0,,-0.03015194480916764,-0.32529330748294555,1,0,0,0
200,35.0,20.0,6.0,2,3,0,35.8405402920606,128.753542504211,478.0,149.0,93.0,292.0,1829.0,127.0,65.0,0,1,0,,-0.03015194480916763,-0.3252933074829456,1,0,0,0
200,38.0,26.45,6.0,2,3,0,35.8390630602204,128.751597963341,330.0,185.0,110.0,288.0,1600.0,65.0,302.0,1,0,0,,-0.008107531832750162,-0.4558512675598433,0,0,1,0
200,35.0,26.45,6.0,2,4,0,35.8405526099436,128.756382028358,572.0,164.0,56.0,114.0,2061.0,60.0,157.0,1,1,0,,-0.4689691797178434,0.14543851241381847,1,0,0,0
200,44.0,20.0,6.0,3,4,0,35.8388964447691,128.755135795031,356.0,73.0,53.0,76.0,1887.0,105.0,237.0,0,1,0,,-0.4784797388979788,-0.025522666785483726,1,0,0,0
100,27.0,33.05,6.0,2,4,0,35.8262583892936,128.727637283352,869.0,431.0,87.0,179.0,1032.0,137.0,152.0,0,0,0,,0.2972394346651302,0.07260778545434239,0,1,0,0
200,35.0,23.14,6.0,2,3,0,35.8385106210099,128.750408088883,332.0,301.0,130.0,322.0,1477.0,42.0,349.0,0,1,0,,0.3039201968083001,-0.3001355264214912,0,0,1,0
100,31.0,26.45,7.0,2,3,0,35.839773079662,128.75225756280307,392.0,140.0,124.0,305.0,1688.0,37.0,204.0,0,1,0,,0.002451933348804594,-0.4795496430934781,0,0,1,0
50,20.0,23.14,6.0,3,5,1,35.8427539635379,128.763762915154,1219.0,298.0,38.0,116.0,2768.0,85.0,113.0,1,0,0,,0.07029500883713222,0.6313226314554221,0,0,0,1
100,32.0,20.0,6.0,2,4,0,35.8408197089065,128.755382805088,554.0,92.0,45.0,202.0,1992.0,41.0,133.0,1,1,0,,-0.5344725457740661,-0.06275385241643561,1,0,0,0
200,33.0,29.75,6.0,3,4,0,35.8298722695955,128.734312179181,710.0,197.0,20.0,167.0,363.0,217.0,134.0,1,0,0,,0.24998703874046146,0.06398610812786014,0,1,0,0
200,35.0,33.06,6.0,3,4,0,35.8399538443085,128.759742146958,743.0,455.0,48.0,133.0,2318.0,79.0,73.0,1,0,0,,0.2485081704090363,0.6079818446598743,0,1,0,0
100,30.0,33.06,6.0,1,3,0,35.8221927940477,128.71778523219,1627.0,98.0,333.0,183.0,1417.0,233.0,122.0,1,0,0,,0.327126551032891,0.08063500189676574,0,1,0,0
100,30.0,36.36,16.0,3,4,0,35.8380296664486,128.764792639946,1093.0,251.0,104.0,353.0,2698.0,110.0,57.0,1,1,0,,0.32711808778738916,0.23183705949979339,0,1,0,0
100,35.0,42.98,19.0,2,4,0,35.8156833377454,128.762839102333,2460.0,283.0,120.0,581.0,3126.0,244.0,126.0,1,0,0,,0.41624473922295596,0.19630260393072785,0,1,0,0
100,25.0,33.06,6.0,2,4,0,35.8382614751282,128.765280616524,1141.0,225.0,57.0,339.0,2747.0,60.0,87.0,1,0,0,,0.08945350180110173,0.3596642947488329,0,1,0,0
300,35.0,26.45,11.0,2,4,0,35.8022923027089,128.736575973657,3561.0,326.0,54.0,278.0,2618.0,14.0,168.0,1,0,0,,0.14128588960129748,0.4699253989097334,0,1,0,0
200,36.0,26.45,6.0,3,4,1,35.8180857155684,128.729119522823,1776.0,328.0,160.0,191.0,1755.0,160.0,70.0,1,0,0,,0.4533136973331405,-0.05580415746880507,0,0,0,1
100,28.0,33.06,6.0,3,4,0,35.8211244472645,128.733539391379,1511.0,33.0,82.0,117.0,1331.0,102.0,99.0,1,0,0,,-0.2616920326062815,-0.27713025275095454,0,1,0,0
100,20.0,26.45,25.0,3,3,0,35.8309418375778,128.730773722973,409.0,210.0,120.0,303.0,484.0,107.0,260.0,1,0,0,,0.2800571954300149,-0.1882405288252175,0,0,1,0
200,35.0,36.36,14.0,3,4,0,35.832671116626,128.728068245832,156.0,132.0,66.0,66.0,672.0,75.0,101.0,1,0,0,,0.012844171638832646,-0.10975657812370582,0,1,0,0
200,35.0,20.0,6.0,2,4,0,35.8396585497466,128.756435134109,495.0,173.0,54.0,74.0,2027.0,54.0,166.0,0,1,0,,-0.46218378927163095,0.19111883201885882,1,0,0,0
200,37.0,25.0,6.0,2,3,0,35.8382692602157,128.75026854551,322.0,321.0,130.0,318.0,1454.0,18.0,348.0,1,0,0,,0.30262693011200237,-0.2190688124228657,0,0,1,0
100,30.0,27.0,6.0,2,4,0,35.8435669086161,128.756940008501,890.0,270.0,128.0,393.0,2262.0,111.0,297.0,1,1,0,,0.43965707094737533,-0.08211543216188126,0,0,1,0
100,34.0,26.45,6.0,3,3,0,35.8387129077117,128.754214977277,297.0,75.0,52.0,93.0,1802.0,79.0,194.0,0,1,0,,-0.5505338980512012,-0.07984434382627993,1,0,0,0
100,30.0,23.14,6.0,1,3,0,35.8396757827124,128.751891320114,388.0,166.0,146.0,328.0,1653.0,33.0,235.0,1,1,0,,0.19152922687049648,-0.4931647996217085,0,0,1,0
100,35.0,26.45,6.0,2,3,0,35.8391409857947,128.752495428901,320.0,103.0,66.0,248.0,1677.0,48.0,247.0,1,1,0,,-0.4210029636549663,-0.3181093280094963,1,0,0,0
100,26.0,25.3,7.0,2,3,0,35.8399842780487,128.752821423436,412.0,114.0,89.0,281.0,1744.0,85.0,152.0,1,1,0,,-0.22926827424269142,-0.4152818871589553,1,0,0,0
100,23.0,30.0,6.0,3,3,0,35.821190875764,128.755196932426,1691.0,63.0,43.0,71.0,2207.0,43.0,88.0,1,1,0,,-0.5019380071031975,0.13397425376671024,0,1,0,0
200,25.0,27.0,6.0,2,4,0,35.8217132856426,128.758129225337,1688.0,238.0,255.0,341.0,2394.0,160.0,302.0,1,1,0,,0.5521198907238838,-0.07106621871987699,0,0,1,0
100,30.0,30.0,6.0,2,4,0,35.8217299223371,128.757866701383,1679.0,218.0,232.0,318.0,2373.0,136.0,282.0,1,1,0,,0.5764383327004888,-0.13567293082678558,0,0,1,0
200,25.0,27.0,6.0,2,4,0,35.8217132856433,128.758129225336,1688.0,238.0,255.0,341.0,2394.0,160.0,302.0,1,1,0,,0.5521198907238838,-0.07106621871987699,0,0,1,0
200,32.0,29.75,25.0,3,3,0,35.84105300903321,128.75256347656295,532.0,227.0,198.0,387.0,1780.0,31.0,117.0,0,1,0,,0.5010862511977309,-0.37950900872290705,0,0,1,0
300,45.0,34.0,6.0,2,3,0,35.8233248697358,128.754404561486,1447.0,158.0,138.0,266.0,2014.0,140.0,241.0,1,1,0,,0.2463405545779003,-0.2907233809797749,0,0,1,0
300,45.0,34.0,6.0,3,3,0,35.8233248697358,128.754404561486,1447.0,158.0,138.0,266.0,2014.0,140.0,241.0,1,1,0,,0.2463405545779003,-0.2907233809797749,0,0,1,0
100,30.0,30.0,6.0,2,3,0,35.8212824087443,128.756228377476,1695.0,68.0,117.0,163.0,2277.0,56.0,135.0,1,1,0,,-0.190253273523406,-0.08851620567632697,0,1,0,0
100,35.0,34.0,6.0,2,3,0,35.8208633302511,128.755942314591,1736.0,20.0,71.0,133.0,2283.0,108.0,84.0,1,1,0,,-0.3214141825730155,0.011728002947230783,0,1,0,0
300,38.0,30.0,6.0,4,4,0,35.8224885863748,128.757977150293,1601.0,275.0,235.0,360.0,2338.0,166.0,342.0,1,1,0,,0.583804890206746,-0.07824364473076456,0,0,1,0
200,47.0,20.0,6.0,3,4,0,35.8387776461771,128.757172236405,478.0,245.0,81.0,92.0,2056.0,87.0,189.0,0,1,0,,-0.16541165708998076,0.25314330488448905,1,0,0,0
200,34.0,39.67,6.0,3,4,0,35.8295790798413,128.739278219337,529.0,136.0,164.0,301.0,509.0,164.0,213.0,0,0,0,,0.3303586283838715,-0.11817759597492858,0,1,0,0
200,35.0,26.45,6.0,2,4,0,35.8387027855734,128.759251916516,636.0,430.0,70.0,137.0,2232.0,49.0,152.0,0,1,0,,0.22637051351409218,0.5643091229089965,1,0,0,0
200,35.0,29.75,6.0,2,3,0,35.8208633302518,128.755942314591,1736.0,20.0,71.0,133.0,2283.0,108.0,84.0,1,1,0,,-0.3214141825730155,0.011728002947230847,0,1,0,0
200,30.0,29.75,25.0,1,3,0,35.841051866606925,128.75256016017178,532.0,227.0,198.0,387.0,1779.0,31.0,117.0,1,1,0,,0.501039792104867,-0.37970003362274,0,0,1,0
100,25.0,29.75,6.0,1,3,0,35.8217379875126,128.755558284622,1635.0,103.0,48.0,132.0,2198.0,72.0,152.0,1,1,0,,-0.5025232771201041,0.1177276434405864,1,0,0,0
200,30.0,26.45,6.0,3,4,0,35.8308130252135,128.731108098218,437.0,243.0,95.0,336.0,465.0,106.0,275.0,1,0,0,,0.26962556488011746,-0.1505561896596731,0,0,1,0
70,20.0,29.75,21.0,3,3,0,35.843329693224355,128.7525748674593,785.0,299.0,248.0,575.0,1920.0,162.0,243.0,1,1,0,,0.54962651760359,-0.08636886704468642,0,0,1,0
100,28.0,29.75,25.0,1,3,0,35.8414280219728,128.751446114039,587.0,317.0,176.0,483.0,1716.0,88.0,188.0,0,1,0,,0.5976093096263808,-0.3123860037196946,0,0,1,0
200,36.0,26.44,7.0,1,3,0,35.8398698692778,128.752121022971,405.0,156.0,139.0,322.0,1681.0,46.0,206.0,1,0,0,,0.14136136913484473,-0.5150434292993269,0,0,1,0
100,22.0,26.45,7.0,2,3,0,35.8379467530967,128.759386611555,617.0,463.0,21.0,201.0,2222.0,76.0,237.0,0,0,0,,0.23352903237781517,0.5464894709348069,0,1,0,0
100,30.0,33.06,24.0,1,3,0,35.84095127120123,128.7530316192216,520.0,202.0,157.0,354.0,1811.0,72.0,76.0,1,1,0,,0.3744908799731815,-0.4822787937251396,0,0,1,0
150,29.0,29.75,15.0,1,3,0,35.8397707966362,128.751369721666,411.0,214.0,188.0,362.0,1616.0,77.0,267.0,1,1,0,,0.5068767419217207,-0.48801772105070973,0,0,1,0
100,28.0,26.45,31.0,1,3,0,35.8396364764127,128.755997171813,469.0,134.0,59.0,113.0,1989.0,31.0,203.0,0,1,0,,-0.49901364750857263,0.05167586015369945,0,0,1,0
150,35.0,23.14,6.0,2,3,0,35.83881818767316,128.75470667036274,328.0,62.0,63.0,74.0,1848.0,116.0,218.0,1,1,0,,-0.4131460991050895,-0.067810744464832,1,0,0,0
300,45.0,33.06,6.0,2,4,1,35.8425554903905,128.759378184807,913.0,396.0,151.0,247.0,2400.0,106.0,67.0,0,1,0,,0.49521707302940504,0.24328384148190785,0,0,0,1
200,34.0,23.14,6.0,3,4,0,35.8405656533677,128.75621099798,565.0,152.0,41.0,126.0,2047.0,47.0,173.0,1,1,0,,-0.5172579577371907,0.1438072437672589,1,0,0,0
200,32.0,26.44,6.0,1,3,0,35.8436385818848,128.749286761807,880.0,210.0,58.0,796.0,1716.0,58.0,121.0,0,1,0,,0.32725224124440566,-0.015982920841749078,1,0,0,0
150,35.0,26.45,6.0,2,4,0,35.8399392915937,128.754434108685,431.0,66.0,17.0,199.0,1873.0,114.0,136.0,1,1,0,,-0.4341574007144795,-0.04885797862754571,1,0,0,0
100,24.0,23.14,6.0,2,4,0,35.8434321101939,128.75864529571,951.0,374.0,176.0,355.0,2387.0,33.0,142.0,1,1,0,,0.5027401517297317,0.061594739475713756,0,0,1,0
100,35.0,23.14,6.0,1,3,0,35.8388113370615,128.754342753278,312.0,64.0,54.0,92.0,1817.0,85.0,207.0,1,1,0,,-0.5340485671814078,-0.08678686293130064,1,0,0,0
100,32.0,26.44,6.0,2,2,0,35.839548947749726,128.75106625821826,398.0,235.0,175.0,360.0,1581.0,97.0,303.0,1,1,0,,0.5044695755156055,-0.47837611697380084,0,0,1,0
100,30.0,26.45,6.0,4,4,0,35.831214370779,128.747506021287,663.0,694.0,117.0,814.0,1099.0,138.0,193.0,0,1,0,,0.3228202015746274,0.1365015788113283,1,0,0,0
100,31.0,26.45,6.0,4,4,0,35.8392444310931,128.751710960439,346.0,174.0,130.0,296.0,1617.0,45.0,280.0,1,1,0,,0.08500200667068913,-0.48751241116951366,0,0,1,0
50,20.0,26.44,6.0,2,3,0,35.84160064025439,128.75175768894664,600.0,305.0,186.0,479.0,1750.0,83.0,198.0,0,1,0,,0.6093053547541761,-0.3257595036487955,0,0,1,0
100,33.0,26.45,6.0,2,3,0,35.8379810484756,128.753082894221,191.0,145.0,37.0,110.0,1678.0,68.0,127.0,0,1,0,,-0.5254299412960242,-0.022068903936679617,1,0,0,0
200,35.0,23.14,6.0,2,4,0,35.837971403456,128.758915493752,578.0,422.0,30.0,174.0,2181.0,101.0,231.0,0,1,0,,0.18925441687113626,0.551235398423685,1,0,0,0
200,45.0,33.06,6.0,3,4,1,35.8401419079707,128.759453026634,734.0,422.0,47.0,104.0,2300.0,84.0,47.0,0,1,0,,0.1923121526298639,0.6206475607156632,0,0,0,1
200,35.0,26.44,6.0,1,2,0,35.8398932242561,128.75094556051,437.0,255.0,215.0,396.0,1589.0,118.0,293.0,0,1,0,,0.6071428510829543,-0.35469452653112293,0,0,1,0
100,23.0,23.14,7.0,2,3,0,35.83841908447624,128.75833662789205,548.0,357.0,88.0,107.0,2144.0,130.0,189.0,0,1,0,,0.21131232937058086,0.4190712943640283,1,0,0,0
100,25.0,23.14,7.0,2,3,0,35.8394924999828,128.75295967281986,358.0,69.0,56.0,236.0,1731.0,65.0,193.0,1,1,0,,-0.48257571901355123,-0.2806949424249651,1,0,0,0
100,33.0,26.45,6.0,1,3,0,35.8394592642334,128.752137002163,360.0,138.0,114.0,295.0,1662.0,0.0,237.0,0,1,0,,-0.04910108712744082,-0.3640637930249742,0,0,1,0
150,30.0,23.14,6.0,3,4,0,35.84012811592762,128.75583780006556,506.0,144.0,46.0,131.0,1997.0,46.0,203.0,0,1,0,,-0.5294576409601035,0.0843850195602539,1,0,0,0
200,33.0,23.14,6.0,3,4,1,35.8400713261697,128.759110051194,704.0,397.0,78.0,75.0,2268.0,71.0,16.0,1,1,0,,0.18629969747554354,0.5818932348392718,0,0,0,1
200,40.0,26.44,6.0,2,3,0,35.8388891117902,128.75218101222,297.0,136.0,76.0,239.0,1640.0,63.0,256.0,0,1,0,,-0.3459483982851511,-0.3439483235262448,1,0,0,0
200,35.0,23.14,6.0,3,3,0,35.8394776528487,128.753581859678,362.0,31.0,0.0,193.0,1782.0,48.0,179.0,1,1,0,,-0.48566013386611573,-0.04975919763926268,1,0,0,0
200,25.0,26.44,6.0,0,3,0,35.8399179068708,128.753084131462,405.0,94.0,66.0,259.0,1762.0,100.0,146.0,1,1,0,,-0.3471593572920157,-0.31008876960666487,1,0,0,0
70,22.0,19.85,7.0,3,3,0,35.8384280556348,128.757236901207,462.0,263.0,73.0,118.0,2050.0,116.0,222.0,0,1,0,,-0.07458210747130839,0.27215355292940724,1,0,0,0
200,33.0,26.45,6.0,1,3,0,35.8429280801075,128.755610114606,780.0,151.0,76.0,377.0,2122.0,140.0,248.0,1,1,0,,0.07828377131813279,-0.14197266861281846,0,0,1,0
200,44.0,36.36,6.0,2,4,0,35.84126662566593,128.75759822733897,700.0,225.0,92.0,134.0,2193.0,41.0,110.0,0,1,0,,-0.162680735028997,0.2122023489778753,1,0,0,0
70,22.0,26.45,6.0,3,3,0,35.8435549918902,128.753203588282,810.0,276.0,301.0,554.0,1981.0,180.0,277.0,0,1,0,,0.45728338037399036,0.005017979753795465,0,0,1,0
200,30.0,23.14,6.0,2,3,0,35.838725063147,128.753598381379,280.0,53.0,40.0,142.0,1751.0,40.0,193.0,0,1,0,,-0.562450716984717,-0.11979121468957213,1,0,0,0
100,28.0,26.44,6.0,3,3,0,35.8411681643322,128.7520005081445,549.0,264.0,232.0,428.0,1743.0,31.0,168.0,0,1,0,,0.5511474108695293,-0.2709724634160105,0,0,1,0
100,25.0,26.45,6.0,2,4,0,35.8380471062342,128.765120600279,1123.0,248.0,76.0,357.0,2728.0,87.0,80.0,1,1,0,,0.21147659717728093,0.3226140649332019,0,1,0,0
200,28.0,26.45,6.0,2,4,0,35.8410516495897,128.758224198577,718.0,285.0,42.0,94.0,2235.0,49.0,52.0,1,1,0,,-0.1679281894337962,0.504300329744308,0,1,0,0
150,33.0,26.45,7.0,2,3,0,35.8397815652292,128.7522565321,393.0,140.0,124.0,306.0,1688.0,38.0,203.0,0,1,0,,0.004049174917020628,-0.4822641156060282,0,0,1,0
100,33.0,23.14,6.0,3,4,0,35.8401817579736,128.757037981394,575.0,235.0,14.0,46.0,2099.0,82.0,97.0,0,1,0,,-0.3054874704317923,0.412018064809018,1,0,0,0
100,28.0,26.44,6.0,3,3,0,35.839574379552445,128.75228860583343,370.0,128.0,115.0,291.0,1680.0,19.0,218.0,0,1,0,,-0.07931520809722266,-0.42058450366865413,1,0,0,0
100,30.0,23.14,7.0,2,3,0,35.8392456786841,128.752638724298,331.0,90.0,68.0,245.0,1693.0,51.0,230.0,0,1,0,,-0.42813124938230657,-0.3274317613659786,1,0,0,0
70,27.0,26.44,6.0,3,3,0,35.8394085706487,128.75306085859,349.0,57.0,47.0,223.0,1736.0,52.0,198.0,0,1,0,,-0.5175307908227874,-0.23119322747614968,1,0,0,0
100,28.0,26.44,6.0,2,3,0,35.83857217303779,128.7540283907432,276.0,79.0,56.0,100.0,1781.0,75.0,176.0,0,1,0,,-0.5479589413472525,-0.10477016264841181,1,0,0,0
100,28.0,26.44,6.0,2,4,0,35.84033082941843,128.75454521351983,476.0,108.0,29.0,239.0,1900.0,122.0,103.0,0,1,0,,-0.35971502551253853,-0.06620509677580472,1,0,0,0
200,30.0,26.44,6.0,1,3,0,35.8411130244437,128.753241470739,539.0,180.0,155.0,361.0,1836.0,92.0,56.0,1,1,0,,0.37027542544188097,-0.4974465018668065,0,0,1,0
150,33.0,26.44,6.0,4,4,0,35.83908753303081,128.75477457810248,357.0,36.0,83.0,100.0,1864.0,109.0,235.0,1,1,0,,-0.3651461832135927,-0.15712450908931322,1,0,0,0
100,35.0,23.14,7.0,1,3,0,35.839797029903,128.752944572847,391.0,91.0,67.0,259.0,1744.0,82.0,164.0,0,1,0,,-0.3892166149900753,-0.3309011790071905,1,0,0,0
200,40.0,23.14,6.0,2,3,0,35.8387121160599,128.752515652388,273.0,115.0,43.0,206.0,1660.0,29.0,223.0,0,1,0,,-0.4888198059168868,-0.16865580475815412,1,0,0,0
50,20.0,26.44,6.0,3,3,0,35.8431742483161,128.755358555563,799.0,173.0,111.0,411.0,2117.0,170.0,259.0,0,1,0,,0.3356780872355128,-0.17060030736493145,0,0,1,0
150,33.0,26.44,6.0,3,3,0,35.8425632535581,128.753392368451,701.0,189.0,263.0,463.0,1932.0,75.0,166.0,0,1,0,,0.556207347088047,-0.21901699839796424,0,0,1,0
100,25.0,23.14,6.0,2,4,0,35.8381154476721,128.754728152999,265.0,139.0,21.0,31.0,1824.0,107.0,143.0,1,1,0,,-0.43045051492423825,0.14458605867746813,1,0,0,0
200,35.0,26.44,6.0,2,3,0,35.8394776528494,128.753581859678,362.0,31.0,0.0,193.0,1782.0,48.0,179.0,0,1,0,,-0.4856601338661159,-0.04975919763926267,1,0,0,0
200,33.0,26.44,6.0,1,3,0,35.8406028435541,128.753992208087,492.0,147.0,68.0,282.0,1869.0,154.0,53.0,0,1,0,,-0.05335595869039268,-0.16624262254544925,1,0,0,0
70,20.0,23.14,6.0,3,3,0,35.843278166185975,128.75067013383864,803.0,340.0,104.0,687.0,1782.0,84.0,88.0,1,0,0,,0.44246408004031496,-0.07137603166311118,0,1,0,0
100,25.0,23.14,6.0,4,4,0,35.8384055518426,128.765281485417,1145.0,210.0,60.0,323.0,2750.0,50.0,86.0,0,1,0,,0.054066395345291,0.34864088752459943,1,0,0,0
80,22.0,26.44,6.0,3,4,0,35.8425937033111,128.763342128028,1178.0,300.0,46.0,83.0,2727.0,45.0,72.0,1,1,0,,0.03904757154537124,0.6241890944094752,0,1,0,0
100,22.0,23.14,6.0,2,4,0,35.8399846055701,128.76423745217,1106.0,80.0,132.0,130.0,2704.0,60.0,77.0,1,0,0,,0.027262949349530528,0.13973336065382136,0,1,0,0
200,40.0,35.0,6.0,3,3,0,35.8251902087206,128.729352433852,989.0,239.0,121.0,371.0,1030.0,88.0,294.0,1,0,0,,0.2905124874262044,-0.40392265396048666,0,0,1,0
100,27.0,23.14,6.0,3,3,0,35.8404342764239,128.752847705422,462.0,154.0,125.0,316.0,1768.0,81.0,115.0,0,1,0,,0.08713593061978488,-0.49834490605732296,1,0,0,0
100,30.0,26.45,6.0,3,3,0,35.8401962786308,128.752786690187,436.0,134.0,107.0,300.0,1751.0,99.0,137.0,0,1,0,,-0.04036319591340635,-0.4599180121797339,1,0,0,0
100,28.0,36.36,6.0,2,4,0,35.83116801224,128.74772565588,683.0,714.0,105.0,806.0,1120.0,121.0,173.0,1,1,0,,0.32027914095317944,0.1377744999271404,0,1,0,0
200,40.0,37.5,6.0,3,4,0,35.8407397198678,128.755689039062,558.0,110.0,22.0,174.0,2013.0,19.0,162.0,1,1,0,,-0.5045517879325505,0.0682596496618223,1,0,0,0
150,32.0,28.5,6.0,3,3,0,35.8409805199581,128.753836842393,530.0,138.0,111.0,326.0,1876.0,125.0,10.0,1,1,0,,0.09191713776005196,-0.3928576585758973,1,0,0,0
150,33.0,25.5,7.0,1,3,0,35.8397970299037,128.752944572847,391.0,91.0,67.0,259.0,1744.0,82.0,164.0,0,1,0,,-0.3892166149900753,-0.3309011790071905,1,0,0,0
100,32.0,29.75,24.0,1,3,0,35.8396757827131,128.751891320114,388.0,166.0,146.0,328.0,1653.0,33.0,235.0,0,1,0,,0.19152922687049648,-0.4931647996217085,0,0,1,0
300,45.0,25.5,6.0,3,4,0,35.816529233864,128.761105316659,2318.0,171.0,41.0,598.0,2945.0,73.0,131.0,1,0,0,,0.2666150864395507,0.1846235236243784,0,1,0,0
200,36.0,26.45,6.0,2,4,0,35.8382375042062,128.75924175123,615.0,441.0,18.0,168.0,2217.0,59.0,203.0,1,1,0,,0.18231593734522916,0.5644885046774859,0,1,0,0
100,28.0,33.05,6.0,4,4,0,35.8325397127704,128.745785119436,459.0,529.0,15.0,829.0,928.0,214.0,161.0,0,0,0,,0.3085111951200323,0.1324071391055062,0,1,0,0
150,33.0,23.14,7.0,2,4,0,35.8378024582002,128.754433967554,221.0,172.0,14.0,72.0,1788.0,63.0,103.0,1,1,0,,-0.4852496775476835,0.16011117268457595,1,0,0,0
100,30.0,20.0,6.0,2,3,0,35.8398574463648,128.751044708729,430.0,245.0,208.0,387.0,1595.0,108.0,287.0,1,1,0,,0.5964746652480429,-0.39648296687723183,0,0,1,0
200,32.0,26.45,6.0,3,3,0,35.8388317018308,128.75313902133,285.0,61.0,19.0,185.0,1717.0,38.0,212.0,1,1,0,,-0.534559769586995,-0.09972234579386668,1,0,0,0
200,37.0,27.0,6.0,4,4,0,35.8396223612985,128.757048882309,530.0,227.0,70.0,26.0,2077.0,80.0,121.0,0,1,0,,-0.2549882686420818,0.32011737701548637,1,0,0,0
100,25.0,39.67,6.0,2,4,0,35.8244812532493,128.739711572658,1077.0,382.0,114.0,191.0,1019.0,71.0,61.0,0,1,0,,0.28146147727893867,-0.05786619953827126,0,1,0,0
100,30.0,27.0,6.0,1,4,0,35.8389367685516,128.759100710027,636.0,413.0,97.0,113.0,2227.0,55.0,124.0,0,1,0,,0.2553912184800074,0.5110181806800086,1,0,0,0
300,37.0,29.75,6.0,2,4,0,35.8309008541,128.708990291052,892.0,110.0,69.0,200.0,1075.0,110.0,186.0,0,0,0,,-0.12518766420453176,-0.3088703750735127,1,0,0,0
100,30.0,29.75,15.0,2,3,0,35.8398574463648,128.751044708729,430.0,245.0,208.0,387.0,1595.0,108.0,287.0,1,1,0,,0.5964746652480429,-0.39648296687723183,0,0,1,0
100,26.0,29.75,26.0,2,3,0,35.8408589934826,128.753735669256,516.0,153.0,105.0,317.0,1861.0,133.0,26.0,0,1,0,,0.09003426889311344,-0.3492399778857655,0,0,1,0
200,34.0,26.44,6.0,3,4,0,35.8381181814194,128.752892687269,205.0,138.0,60.0,132.0,1667.0,48.0,149.0,1,1,0,,-0.49334216022465066,-0.13061066367326818,1,0,0,0
200,36.0,29.8,6.0,2,3,0,35.8373442163176,128.751458465619,173.0,285.0,38.0,177.0,1517.0,105.0,215.0,1,1,0,,-0.10747103107373751,0.08272186144138521,1,0,0,0
200,25.0,29.75,6.0,3,3,0,35.8321202082554,128.703791313923,976.0,209.0,78.0,374.0,841.0,130.0,180.0,0,0,0,,0.21039506005394085,-0.25226972095063155,0,1,0,0
100,32.0,27.0,6.0,1,3,0,35.838989834665,128.752936215772,302.0,68.0,32.0,209.0,1707.0,47.0,235.0,1,1,0,,-0.5375785241551576,-0.16800473016163137,1,0,0,0
200,30.0,29.75,6.0,2,4,0,35.8306797277263,128.705120385185,1131.0,197.0,112.0,379.0,1006.0,63.0,78.0,1,1,0,,0.20639681836747514,-0.42452711020306094,0,0,1,0
200,37.0,27.0,6.0,3,3,0,35.8386598910617,128.753933155839,282.0,66.0,44.0,112.0,1776.0,62.0,185.0,1,1,0,,-0.5793815286312732,-0.09386145908281232,1,0,0,0
200,40.0,27.0,6.0,3,4,0,35.8388280970632,128.760121768393,714.0,472.0,117.0,204.0,2312.0,44.0,172.0,1,1,0,,0.3844302281114283,0.4271893605537742,0,1,0,0
200,28.0,33.05,6.0,2,4,0,35.8302819577524,128.705165541968,1187.0,236.0,148.0,403.0,1050.0,107.0,34.0,0,0,0,,0.4012543841411366,-0.4032435572723939,0,1,0,0
200,28.0,33.05,6.0,2,4,0,35.8302558121753,128.706042493636,1129.0,223.0,84.0,349.0,1064.0,143.0,76.0,1,0,0,,0.2051093231956991,-0.28407879120512597,0,1,0,0
100,26.0,26.44,6.0,3,4,0,35.8410480446987,128.75739895464,670.0,214.0,92.0,124.0,2167.0,33.0,104.0,1,1,0,,-0.19513019758403635,0.18613332333078292,1,0,0,0
150,33.0,20.0,7.0,2,3,0,35.8378024582009,128.754433967554,221.0,172.0,14.0,72.0,1788.0,63.0,103.0,1,1,0,,-0.4852496775476835,0.16011117268457595,1,0,0,0
100,27.0,26.44,6.0,3,3,0,35.83897703938851,128.75123075529615,334.0,219.0,110.0,305.0,1566.0,98.0,319.0,1,1,0,,0.12928436490550713,-0.4191789178337171,0,0,1,0
100,30.0,29.75,6.0,2,3,0,35.84095127120123,128.7530316192216,520.0,202.0,157.0,354.0,1811.0,72.0,76.0,0,1,0,,0.3744908799731815,-0.4822787937251396,0,0,1,0
200,32.0,29.75,6.0,1,3,0,35.8417980588533,128.753525483805,617.0,147.0,206.0,402.0,1896.0,42.0,83.0,0,1,0,,0.47183802138978725,-0.39268173551875857,0,0,1,0
200,35.0,23.14,6.0,4,4,0,35.8395670517361,128.756542236264,494.0,181.0,46.0,68.0,2032.0,46.0,162.0,0,1,0,,-0.4568923604617384,0.23170810598316982,1,0,0,0
100,32.0,23.14,6.0,2,3,0,35.8393915726948,128.753676025275,354.0,21.0,13.0,180.0,1786.0,42.0,187.0,0,1,0,,-0.5087483713063798,-0.07654014884571017,1,0,0,0
100,35.0,26.44,6.0,3,3,0,35.8390759800663,128.753461241684,316.0,21.0,2.0,172.0,1754.0,2.0,224.0,1,1,0,,-0.3878020577850429,-0.02311821705721266,1,0,0,0
70,22.0,29.75,6.0,2,3,0,35.8430808054287,128.747248176902,910.0,96.0,140.0,882.0,1542.0,30.0,51.0,0,1,0,,0.3375514860917937,0.0078394475448719,0,1,0,0
200,32.0,29.75,24.0,2,3,0,35.8418076399948,128.753523481299,618.0,147.0,207.0,402.0,1897.0,41.0,84.0,1,1,0,,0.47234326754102657,-0.3882388871122908,0,0,1,0
100,30.0,34.0,6.0,3,4,0,35.823190757478,128.754708653194,1465.0,173.0,118.0,252.0,2045.0,111.0,252.0,1,1,0,,0.07336670113009415,-0.2351855224595248,0,0,1,0
200,32.0,29.8,6.0,4,4,0,35.8387121922086,128.751521744344,296.0,199.0,74.0,265.0,1577.0,78.0,280.0,1,1,0,,-0.18280704784324486,-0.2975721695362978,1,0,0,0
200,43.0,29.8,6.0,3,3,0,35.8395600746942,128.753491376098,370.0,42.0,12.0,205.0,1778.0,55.0,171.0,1,1,0,,-0.520767708862345,-0.09212307380087914,1,0,0,0
100,30.0,29.8,6.0,3,4,0,35.8383520873484,128.759472146022,639.0,457.0,39.0,175.0,2241.0,35.0,194.0,1,1,0,,0.22492069579324883,0.5524453868095298,0,1,0,0
100,32.0,20.0,6.0,1,3,0,35.8381763534472,128.750849942273,278.0,276.0,82.0,269.0,1498.0,43.0,296.0,0,1,0,,0.0046725913100509765,-0.17722498489352492,0,0,1,0
150,36.0,36.36,6.0,3,3,0,35.8406623834553,128.755215545202,532.0,107.0,51.0,206.0,1971.0,60.0,125.0,1,0,0,,-0.5198689407019013,-0.0902941994896931,0,1,0,0
100,30.0,29.8,7.0,2,3,0,35.8393289124996,128.752541949718,341.0,100.0,80.0,258.0,1689.0,39.0,227.0,1,1,0,,-0.3509291021125767,-0.3607497962298672,1,0,0,0
150,28.0,29.8,6.0,3,4,0,35.8386689234406,128.758481141697,573.0,362.0,94.0,87.0,2165.0,104.0,159.0,1,1,0,,0.1932962580707552,0.4574785288823379,0,1,0,0
150,35.0,29.8,6.0,3,3,0,35.8417424315828,128.753422440646,610.0,155.0,204.0,406.0,1885.0,37.0,83.0,1,1,0,,0.47021788996093655,-0.3909015907552218,0,0,1,0
150,30.0,25.0,12.0,3,4,0,35.8401373164019,128.755849512546,507.0,145.0,47.0,131.0,1998.0,47.0,203.0,1,1,0,,-0.5269484338731297,0.0836362369057554,1,0,0,0
100,27.0,23.0,7.0,2,4,0,35.8396364764127,128.755997171813,469.0,134.0,59.0,113.0,1989.0,31.0,203.0,1,1,0,,-0.49901364750857263,0.05167586015369945,1,0,0,0
50,22.0,29.8,6.0,3,3,0,35.8448068186837,128.757410621619,1033.0,350.0,189.0,518.0,2371.0,41.0,308.0,1,1,0,,0.5377154465358965,-0.0534647479682552,0,0,1,0
50,27.0,40.0,6.0,1,3,0,35.8436231184185,128.748863422573,893.0,173.0,20.0,820.0,1687.0,58.0,143.0,1,0,0,,0.2898450492493168,0.03479781169730596,0,1,0,0
100,25.0,29.8,6.0,2,3,0,35.8449313719771,128.757390902865,1046.0,345.0,183.0,532.0,2378.0,54.0,318.0,1,1,0,,0.5493475706417141,-0.05844620441958695,0,0,1,0
200,35.0,27.0,7.0,2,3,0,35.8393289124996,128.752541949718,341.0,100.0,80.0,258.0,1689.0,39.0,227.0,1,1,0,,-0.3509291021125767,-0.3607497962298672,1,0,0,0
100,30.0,30.0,6.0,2,3,0,35.8212893435649,128.756228640919,1694.0,69.0,118.0,163.0,2276.0,55.0,136.0,1,1,0,,-0.18465597887162735,-0.08998204611681132,0,1,0,0
300,38.0,30.0,6.0,2,4,0,35.8224885863748,128.757977150293,1601.0,275.0,235.0,360.0,2338.0,166.0,342.0,1,1,0,,0.583804890206746,-0.07824364473076477,0,0,1,0
50,20.0,26.44,6.0,2,3,0,35.8430215111795,128.755500172089,787.0,159.0,90.0,391.0,2119.0,152.0,251.0,0,1,0,,0.18973582568781472,-0.1637021089372897,0,0,1,0
100,32.0,45.0,6.0,2,4,0,35.8428263094505,128.758095704825,868.0,298.0,164.0,292.0,2311.0,94.0,181.0,1,1,0,,0.5047604566268651,-0.02787870949081866,0,1,0,0
50,22.0,29.8,6.0,2,3,0,35.8436231184185,128.748863422573,893.0,173.0,20.0,820.0,1687.0,58.0,143.0,1,1,0,,0.2898450492493168,0.03479781169730596,0,0,1,0
100,25.0,26.0,6.0,4,4,0,35.8394183312754,128.764158287098,1077.0,125.0,125.0,193.0,2680.0,78.0,116.0,1,1,0,,0.07220295313170737,0.14005081492597557,0,1,0,0
100,32.0,29.8,6.0,2,4,0,35.8406849670364,128.757098108991,622.0,205.0,52.0,99.0,2126.0,43.0,100.0,1,1,0,,-0.380494041424453,0.28615184468849714,1,0,0,0
100,27.0,29.8,6.0,3,3,0,35.8425321797142,128.753533346217,698.0,176.0,250.0,451.0,1940.0,77.0,159.0,1,1,0,,0.5662362385903676,-0.2659983157884271,0,0,1,0
100,30.0,29.8,14.0,2,4,0,35.8383520873484,128.759472146022,639.0,457.0,39.0,175.0,2241.0,35.0,194.0,1,1,0,,0.22492069579324883,0.5524453868095298,0,0,1,0
200,37.0,27.0,6.0,2,4,0,35.8396223612985,128.757048882309,530.0,227.0,70.0,26.0,2077.0,80.0,121.0,1,1,0,,-0.2549882686420818,0.32011737701548637,1,0,0,0
100,32.0,20.0,6.0,3,4,0,35.8408197089072,128.755382805088,554.0,92.0,45.0,202.0,1992.0,41.0,133.0,0,1,0,,-0.5344725457740661,-0.06275385241643561,1,0,0,0
200,33.0,20.0,6.0,4,4,0,35.8387364479259,128.751545407325,298.0,196.0,76.0,266.0,1580.0,79.0,280.0,0,1,0,,-0.17747384643837683,-0.31101970721393474,1,0,0,0
100,32.0,20.0,6.0,2,3,0,35.8389804903939,128.751216554929,335.0,220.0,111.0,306.0,1565.0,98.0,321.0,0,1,0,,0.1377021881962684,-0.4211071261175506,0,0,1,0
100,25.0,29.8,6.0,4,4,0,35.8390799865801,128.766296873376,1251.0,175.0,95.0,304.0,2857.0,48.0,36.0,1,1,0,,0.12322261002308087,0.2742066895996858,0,1,0,0
200,38.0,20.0,6.0,2,4,0,35.8404779001754,128.756894002318,592.0,203.0,26.0,81.0,2100.0,69.0,110.0,0,1,0,,-0.410684748248293,0.33434386036134367,1,0,0,0
100,28.0,29.8,6.0,3,3,0,35.8395735526315,128.752289694324,370.0,128.0,115.0,291.0,1680.0,19.0,218.0,1,1,0,,-0.07931520809722266,-0.42058450366865413,0,0,1,0
150,30.0,29.8,6.0,1,3,0,35.8396658918377,128.752760963793,377.0,94.0,77.0,262.0,1723.0,61.0,185.0,1,1,0,,-0.3674984704084167,-0.37058334528087733,1,0,0,0
200,31.0,29.8,6.0,2,4,0,35.8404779001754,128.756894002318,592.0,203.0,26.0,81.0,2100.0,69.0,110.0,1,1,0,,-0.410684748248293,0.33434386036134367,1,0,0,0
200,30.0,29.8,13.0,2,5,1,35.841625403102,128.758512990787,783.0,304.0,107.0,159.0,2285.0,50.0,59.0,1,1,0,,0.12239613852543106,0.3362095554744581,0,0,0,1
200,33.0,26.44,6.0,2,3,0,35.8393039567616,128.752924536222,337.0,65.0,55.0,226.0,1720.0,55.0,213.0,1,1,0,,-0.498486625916464,-0.2674375524387385,1,0,0,0
100,35.0,29.8,6.0,2,3,0,35.8396757827131,128.751891320114,388.0,166.0,146.0,328.0,1653.0,33.0,235.0,1,1,0,,0.19152922687049648,-0.49316479962170856,0,0,1,0
200,38.0,45.0,6.0,2,4,1,35.8428592104078,128.758335154264,883.0,319.0,186.0,295.0,2332.0,90.0,160.0,1,0,0,,0.5614095721390719,-0.035335809055055595,0,0,0,1
200,38.0,28.0,6.0,3,4,0,35.8399179068708,128.753084131462,405.0,94.0,66.0,259.0,1762.0,100.0,146.0,1,1,0,,-0.3471593572920157,-0.31008876960666487,1,0,0,0
100,32.0,23.14,7.0,1,4,0,35.8378024582002,128.754433967554,221.0,172.0,14.0,72.0,1788.0,63.0,103.0,1,1,0,,-0.4852496775476835,0.16011117268457595,1,0,0,0
200,37.0,34.0,6.0,1,3,0,35.8208633302518,128.755942314591,1736.0,20.0,71.0,133.0,2283.0,108.0,84.0,1,1,0,,-0.3214141825730155,0.011728002947230847,0,1,0,0
70,25.0,19.83,7.0,2,3,0,35.8293214585443,128.739881199876,543.0,180.0,143.0,359.0,567.0,214.0,196.0,1,1,0,,0.3380338402719313,-0.05283693356324765,0,0,1,0
200,45.0,20.0,6.0,1,3,0,35.8389684806623,128.75269515277,300.0,89.0,40.0,223.0,1686.0,48.0,240.0,0,1,0,,-0.5172687819276008,-0.20437054056041318,1,0,0,0
100,33.0,20.0,6.0,2,3,0,35.8412605469108,128.757594883716,700.0,225.0,91.0,133.0,2193.0,41.0,110.0,0,1,0,,-0.167970122378831,0.2167429177402888,1,0,0,0
200,45.0,20.0,6.0,2,3,0,35.8393226755748,128.753160894204,340.0,45.0,39.0,210.0,1740.0,39.0,204.0,0,1,0,,-0.5224776404035159,-0.18382928988376568,1,0,0,0
200,33.0,20.0,6.0,2,4,0,35.8407867376246,128.755141590639,542.0,93.0,62.0,218.0,1971.0,63.0,113.0,0,1,0,,-0.48365576056526466,-0.15892103200534735,1,0,0,0
200,35.0,20.0,6.0,2,3,0,35.8406028435541,128.753992208087,492.0,147.0,68.0,282.0,1869.0,154.0,53.0,0,1,0,,-0.05335595869039268,-0.16624262254544925,1,0,0,0
100,30.0,26.45,6.0,3,3,0,35.8385750023731,128.754032105073,277.0,78.0,56.0,100.0,1781.0,75.0,176.0,1,1,0,,-0.5479749654698772,-0.1056099936532623,1,0,0,0
100,30.0,30.0,6.0,2,4,0,35.8208147397051,128.755184998559,1732.0,49.0,21.0,66.0,2231.0,66.0,46.0,1,1,0,,-0.48212932548420745,0.16438079296114372,0,1,0,0
200,33.0,33.05,14.0,4,4,0,35.8387143682521,128.751533191002,296.0,197.0,73.0,265.0,1578.0,77.0,279.0,1,1,0,,-0.19296587656577152,-0.2967613457687045,0,0,1,0
100,28.0,30.0,6.0,1,3,0,35.8230278037711,128.755080930718,1487.0,197.0,89.0,239.0,2083.0,77.0,270.0,1,1,0,,-0.1430925071592201,-0.05381506415232377,0,0,1,0
100,29.0,23.14,6.0,2,4,0,35.8307521424169,128.747453059479,686.0,700.0,138.0,857.0,1105.0,164.0,181.0,1,1,0,,0.3169736881255929,0.13623742969659355,0,0,1,0
200,35.0,33.05,11.0,4,4,0,35.8405656533684,128.756210997979,565.0,152.0,41.0,126.0,2047.0,47.0,173.0,1,1,0,,-0.5172579577371907,0.1438072437672589,1,0,0,0
100,30.0,33.06,24.0,1,3,0,35.8409511039156,128.753030730161,520.0,202.0,157.0,354.0,1810.0,72.0,76.0,1,1,0,,0.3744468055419399,-0.48263503016967746,0,0,1,0
100,30.0,33.06,23.0,2,3,0,35.8422054255653,128.751155317314,677.0,365.0,108.0,566.0,1743.0,0.0,117.0,0,1,0,,0.38578544395962866,-0.055901058417250266,0,0,1,0
100,28.0,26.45,7.134969325153374,1,3,0,35.8396364764134,128.755997171813,469.0,134.0,59.0,113.0,1989.0,31.0,203.0,0,1,0,,-0.49901364750857263,0.05167586015369945,1,0,0,0
200,35.0,26.45,6.0,3,4,1,35.8391852508878,128.758433000592,598.0,350.0,143.0,47.0,2178.0,70.0,106.0,1,1,0,,0.27776651128211266,0.31338572961319416,0,0,0,1
200,35.0,25.5,6.0,4,4,0,35.8379011490158,128.765278386044,1134.0,265.0,70.0,377.0,2738.0,93.0,101.0,1,0,0,,0.24291322512657978,0.3381238877531842,0,1,0,0
150,30.0,27.0,6.0,3,4,0,35.8390834877691,128.759979448065,714.0,476.0,132.0,185.0,2307.0,62.0,142.0,1,1,0,,0.4141988882991245,0.39757977411722456,0,1,0,0
200,40.0,20.1,6.0,3,3,0,35.8395600746942,128.753491376098,370.0,42.0,12.0,205.0,1778.0,55.0,171.0,1,1,0,,-0.520767708862345,-0.09212307380087914,1,0,0,0
200,35.0,27.0,6.0,3,3,0,35.8408817488998,128.753960832477,522.0,135.0,97.0,312.0,1880.0,135.0,23.0,0,1,0,,0.024673530952139304,-0.32656265992858047,1,0,0,0
150,33.0,22.5,7.0,3,3,0,35.8402857670629,128.753193823108,447.0,127.0,97.0,284.0,1789.0,115.0,106.0,1,1,0,,-0.08724955277730642,-0.38920911007249237,1,0,0,0
200,45.0,26.44,6.0,2,3,0,35.83914658974855,128.7539392244491,334.0,28.0,15.0,144.0,1797.0,45.0,214.0,0,1,0,,-0.5343888994963614,-0.0516791778826622,1,0,0,0
200,37.0,23.14,7.0,2,3,0,35.8386598910617,128.753933155839,282.0,66.0,44.0,112.0,1776.0,62.0,185.0,0,1,0,,-0.5793815286312732,-0.09386145908281232,1,0,0,0
200,37.0,27.0,6.0,4,4,0,35.8409524353182,128.756665752015,623.0,157.0,82.0,138.0,2102.0,75.0,148.0,1,1,0,,-0.34720349355276925,0.042563838102868096,1,0,0,0
200,36.0,27.0,6.0,4,4,0,35.8388317018315,128.75313902133,285.0,61.0,19.0,185.0,1717.0,38.0,212.0,1,1,0,,-0.534559769586995,-0.09972234579386668,1,0,0,0
100,30.0,29.75,6.0,2,4,0,35.8208147397044,128.755184998559,1732.0,49.0,21.0,66.0,2231.0,66.0,46.0,1,1,0,,-0.48212932548420745,0.16438079296114372,0,1,0,0
200,35.0,30.0,6.0,2,4,0,35.8379011490158,128.765278386044,1134.0,265.0,70.0,377.0,2738.0,93.0,101.0,1,1,0,,0.24291322512657978,0.3381238877531842,0,1,0,0
300,45.0,27.0,6.0,2,4,1,35.8383084411914,128.758945069379,593.0,413.0,36.0,144.0,2194.0,79.0,193.0,1,1,0,,0.15392894632610674,0.5845336894897746,0,0,0,1
200,35.0,23.14,6.0,2,4,0,35.8401097306666,128.756300327019,527.0,178.0,57.0,91.0,2034.0,70.0,164.0,1,1,0,,-0.43807193476792095,0.17864022780854272,1,0,0,0
200,28.0,25.5,6.0,2,4,0,35.8194666384794,128.736840731336,1672.0,72.0,124.0,140.0,1508.0,228.0,128.0,1,0,0,,0.21768325303497935,-0.07992436694519331,0,1,0,0
200,30.0,25.5,6.0,3,4,0,35.8152282650315,128.761548879793,2468.0,168.0,119.0,478.0,3068.0,176.0,199.0,1,0,0,,0.4049285437915964,0.1669496317629858,0,1,0,0
150,32.0,20.1,7.0,1,3,0,35.8397815652299,128.7522565321,393.0,140.0,124.0,306.0,1688.0,38.0,203.0,0,1,0,,0.004049174917020439,-0.48226411560602817,1,0,0,0
50,24.0,20.1,6.0,3,3,0,35.8430124816927,128.754958666691,773.0,155.0,132.0,412.0,2077.0,155.0,227.0,1,1,0,,0.37271184188283607,-0.2789091130083521,0,0,1,0
300,45.0,40.0,6.0,4,4,0,35.8386203543511,128.760216336297,713.0,473.0,109.0,219.0,2313.0,41.0,196.0,1,1,0,,0.37497251092497985,0.43807178205002045,0,1,0,0
100,28.0,28.5,6.0,3,3,0,35.8411683218783,128.752002061,549.0,264.0,232.0,428.0,1743.0,31.0,168.0,0,1,0,,0.5511474108695293,-0.2709724634160105,0,0,1,0
100,28.0,20.0,6.0,3,3,0,35.8418565810814,128.750346600252,660.0,380.0,78.0,586.0,1661.0,83.0,90.0,1,1,0,,0.3942414924346464,-0.03474631572481976,1,0,0,0
100,29.0,30.0,6.0,3,4,0,35.8234871028861,128.753871606094,1425.0,139.0,173.0,289.0,1964.0,188.0,225.0,1,1,0,,0.42609685191882024,-0.22508359674387138,0,0,1,0
300,36.0,40.0,6.0,3,4,1,35.8280677151368,128.737490156119,745.0,118.0,97.0,136.0,576.0,32.0,240.0,1,1,0,,0.09571626533928058,-0.1466206108192401,0,0,0,1
100,28.0,39.67,6.0,4,4,0,35.8325397127697,128.745785119437,459.0,529.0,15.0,829.0,928.0,214.0,161.0,1,1,0,,0.3085111951200323,0.1324071391055062,0,1,0,0
200,40.0,33.05,6.0,2,4,1,35.8149696639782,128.755685157312,2383.0,82.0,58.0,250.0,2706.0,148.0,123.0,1,0,0,,0.018360577623482734,0.19581532239441254,0,0,0,1
200,35.0,39.67,6.0,2,4,0,35.8203416977442,128.732879090393,1578.0,93.0,86.0,219.0,1426.0,205.0,174.0,1,0,0,,0.1197234172017112,-0.1560949618339278,0,1,0,0
100,24.0,39.67,6.0,1,3,0,35.815826834409,128.763923521216,2483.0,367.0,196.0,654.0,3194.0,334.0,107.0,1,0,0,,0.3373581636473271,0.15669325988227054,0,1,0,0
200,40.0,26.45,6.0,1,4,0,35.8385243350281,128.757628464729,497.0,292.0,109.0,93.0,2087.0,137.0,202.0,0,1,0,,0.17464338578880848,0.24043258983629995,1,0,0,0
150,36.0,27.0,6.0,2,3,0,35.8388113370622,128.754342753277,312.0,64.0,54.0,92.0,1817.0,85.0,207.0,1,1,0,,-0.5340485671814078,-0.08678686293130064,1,0,0,0
200,42.0,26.45,6.0,2,4,0,35.8398192414954,128.755083308001,442.0,70.0,46.0,178.0,1921.0,54.0,177.0,1,1,0,,-0.5674281739711058,-0.10471868504895748,1,0,0,0
50,20.0,20.1,6.0,2,3,0,35.8415058375031,128.752925627447,581.0,200.0,206.0,413.0,1833.0,50.0,97.0,1,1,0,,0.5359499820207023,-0.40367070650600045,0,0,1,0
100,35.0,26.44,6.0,3,3,0,35.839138815754886,128.75249593451022,320.0,103.0,66.0,248.0,1677.0,48.0,247.0,0,1,0,,-0.4210029636549663,-0.3181093280094963,1,0,0,0
150,34.0,23.14,7.0,2,3,0,35.8385858757984,128.755058456559,324.0,97.0,22.0,41.0,1869.0,134.0,203.0,0,1,0,,-0.3577483053708567,0.10114220586655498,1,0,0,0
300,33.0,33.05,7.0,2,4,0,35.8243794568835,128.723645511913,1156.0,199.0,89.0,126.0,1200.0,72.0,154.0,1,0,0,,-0.11905981014095349,-0.2397868073974089,0,1,0,0
100,26.0,33.05,6.0,2,3,0,35.8158268344098,128.763923521215,2483.0,367.0,196.0,654.0,3194.0,334.0,107.0,1,0,0,,0.3373581636473271,0.15669325988227054,0,1,0,0
100,24.0,33.05,6.0,1,3,0,35.8158268344098,128.763923521215,2483.0,367.0,196.0,654.0,3194.0,334.0,107.0,1,0,0,,0.3373581636473271,0.15669325988227054,0,1,0,0
100,28.0,33.05,6.0,3,4,0,35.8158268344098,128.763923521215,2483.0,367.0,196.0,654.0,3194.0,334.0,107.0,1,1,0,,0.3373581636473271,0.15669325988227054,0,1,0,0
200,42.0,30.0,6.0,3,4,1,35.8409388484148,128.755745886485,580.0,94.0,43.0,185.0,2027.0,12.0,162.0,1,1,0,,-0.48277149855534895,-0.0016619139296324493,0,0,0,1
100,23.0,25.5,29.0,2,3,0,35.826012000758,128.728327935789,894.0,364.0,24.0,241.0,1011.0,121.0,199.0,1,0,0,,0.1693767154117269,0.05934831749855056,0,0,1,0
200,35.0,29.75,6.0,3,4,0,35.84416333999101,128.69625463138928,300.0,34.0,34.0,72.0,118.0,195.0,187.0,0,0,0,,0.2467694919754018,0.07411678035091565,0,1,0,0
70,24.0,20.1,6.0,1,3,0,35.8435975057204,128.752976423364,814.0,293.0,293.0,571.0,1967.0,185.0,287.0,1,1,0,,0.4601581320500004,0.00701767633671024,0,0,1,0
70,20.0,20.1,6.0,2,3,0,35.8440733879429,128.752124071925,869.0,385.0,258.0,662.0,1939.0,203.0,245.0,1,1,0,,0.43345007031816357,0.04714187733177379,0,0,1,0
70,21.0,20.1,6.0,1,3,0,35.8432956103835,128.752718326191,781.0,287.0,259.0,563.0,1929.0,155.0,255.0,1,1,0,,0.5474759436991676,-0.08953965981112529,0,0,1,0
70,28.0,20.1,6.0,2,3,0,35.8406769754407,128.752598835704,490.0,189.0,160.0,352.0,1762.0,46.0,122.0,1,1,0,,0.33208108638784317,-0.48359474830746946,0,0,1,0
200,37.0,27.0,6.0,3,4,0,35.8392217870554,128.759495008596,682.0,446.0,130.0,140.0,2270.0,39.0,105.0,0,1,0,,0.3622493178835319,0.406271069075001,0,1,0,0
200,30.0,28.0,16.0,2,4,0,35.8305119648581,128.730394458983,434.0,201.0,109.0,296.0,537.0,56.0,204.0,1,0,0,,0.22149198114933902,-0.2132039815809196,0,0,1,0
100,33.0,23.14,6.0,3,3,0,35.8390759800663,128.753461241684,316.0,21.0,2.0,172.0,1754.0,2.0,224.0,0,1,0,,-0.3878020577850429,-0.02311821705721266,1,0,0,0
200,30.0,26.45,7.0,4,4,0,35.8379224373469,128.754239954949,221.0,153.0,1.0,80.0,1775.0,67.0,110.0,1,1,0,,-0.48336554066462956,0.1432262284052165,1,0,0,0
150,29.0,23.14,6.0,2,3,0,35.8388113370622,128.754342753277,312.0,64.0,54.0,92.0,1817.0,85.0,207.0,1,1,0,,-0.5340485671814078,-0.08678686293130064,1,0,0,0
200,35.0,40.0,6.0,4,4,0,35.8314500261897,128.748694455965,655.0,796.0,13.0,728.0,1201.0,28.0,129.0,1,1,0,,0.2917583713919379,0.13175389784272876,0,1,0,0
200,32.0,27.0,6.0,3,4,0,35.8395157336913,128.760639068462,789.0,406.0,116.0,224.0,2379.0,133.0,164.0,1,1,0,,0.42519190408469737,0.36812174701179023,0,1,0,0
200,43.0,25.5,6.0,2,3,0,35.8393274548845,128.750769223076,388.0,259.0,165.0,361.0,1545.0,124.0,339.0,0,1,0,,0.5091584525951124,-0.4126267443811472,0,0,1,0
150,35.0,29.75,11.0,2,3,0,35.838827603984,128.754715952571,329.0,61.0,63.0,74.0,1849.0,117.0,219.0,1,1,0,,-0.4090866220703813,-0.06752425493453744,1,0,0,0
100,27.0,33.06,24.0,3,3,0,35.8164702840775,128.762618412947,2372.0,284.0,82.0,645.0,3057.0,209.0,37.0,1,1,0,,0.4060488874894514,0.2038321058928772,0,1,0,0
200,35.0,20.0,6.0,2,3,0,35.8408817488998,128.753960832477,522.0,135.0,97.0,312.0,1880.0,135.0,23.0,1,1,0,,0.024673530952139304,-0.32656265992858047,1,0,0,0
200,31.0,39.67,6.0,2,4,1,35.8149696639775,128.755685157312,2383.0,82.0,58.0,250.0,2706.0,148.0,123.0,1,0,0,,0.018360577623482734,0.19581532239441254,0,0,0,1
200,42.0,29.75,11.0,3,4,1,35.840982468128,128.755831843447,588.0,95.0,49.0,182.0,2036.0,13.0,169.0,0,1,0,,-0.478111842946746,-0.010170991894658393,0,0,0,1
150,38.0,27.0,6.0,2,4,0,35.8410557143652,128.755610898279,587.0,76.0,58.0,202.0,2022.0,29.0,149.0,1,1,0,,-0.4901302675093521,-0.09351136776351332,1,0,0,0
200,42.0,27.0,6.0,3,4,0,35.8409388484141,128.755745886485,580.0,94.0,43.0,185.0,2027.0,12.0,162.0,1,1,0,,-0.48277149855534895,-0.0016619139296324493,1,0,0,0
200,30.0,27.5,6.0,4,4,0,35.8388993179307,128.758925912597,620.0,397.0,96.0,100.0,2211.0,62.0,128.0,0,1,0,,0.22661630679601855,0.5084116837702305,1,0,0,0
150,35.0,33.05,26.0,3,3,0,35.8408589934826,128.753735669256,516.0,153.0,105.0,317.0,1861.0,133.0,26.0,1,1,0,,0.09003426889311344,-0.3492399778857655,0,0,1,0
200,36.0,27.0,7.0,1,3,0,35.838657159848,128.75392889032,282.0,66.0,45.0,112.0,1776.0,62.0,185.0,0,1,0,,-0.5783021568852187,-0.09676991800427871,1,0,0,0
200,32.0,26.45,6.0,3,4,0,35.8395527876078,128.756802879509,509.0,204.0,58.0,48.0,2053.0,58.0,143.0,1,1,0,,-0.3761776044274533,0.2774885983727224,1,0,0,0
200,47.0,40.0,6.0,3,4,0,35.8386709827854,128.757465920057,493.0,273.0,99.0,84.0,2078.0,116.0,190.0,1,1,0,,0.04478178317604745,0.25693307787116154,0,1,0,0
100,34.0,29.75,7.134969325153374,2,3,0,35.8378143531169,128.751506539883,210.0,247.0,37.0,197.0,1538.0,62.0,226.0,0,1,0,,-0.25898646396464536,0.0006526376062916809,1,0,0,0
200,45.0,27.0,6.0,1,3,0,35.8395802688636,128.752860895366,367.0,82.0,66.0,249.0,1727.0,67.0,188.0,1,1,0,,-0.4311301916157356,-0.326648909533161,1,0,0,0
200,33.0,27.0,6.0,2,4,1,35.8400713261704,128.759110051194,704.0,397.0,78.0,75.0,2268.0,71.0,16.0,0,1,0,,0.18629969747554342,0.5818932348392715,0,0,0,1
200,42.0,40.0,6.0,2,4,0,35.8399098694701,128.754437223397,428.0,62.0,20.0,196.0,1872.0,114.0,139.0,1,1,0,,-0.43830681043777825,-0.058728698005981614,1,0,0,0
200,33.0,30.0,6.0,4,4,0,35.8382044997829,128.754782238973,276.0,130.0,20.0,24.0,1831.0,118.0,154.0,0,1,0,,-0.3938619650451254,0.14145451736111264,1,0,0,0
200,35.0,30.0,6.0,2,4,0,35.8402135342987,128.75631921638,538.0,185.0,53.0,95.0,2040.0,79.0,161.0,0,1,0,,-0.42035310246225593,0.2015494262693086,1,0,0,0
200,38.0,30.0,6.0,3,4,1,35.8392882215578,128.756432833482,465.0,170.0,14.0,92.0,2012.0,14.0,188.0,0,1,0,,-0.4272269055929828,0.22662593317567417,0,0,0,1
200,30.0,30.0,6.0,3,4,0,35.8405656533684,128.756210997979,565.0,152.0,41.0,126.0,2047.0,47.0,173.0,0,1,0,,-0.5172579577371907,0.1438072437672589,1,0,0,0
200,28.0,19.83,6.0,3,4,0,35.840091324207,128.759578183537,740.0,435.0,42.0,116.0,2309.0,83.0,58.0,1,1,0,,0.20915725945721508,0.6177490755322484,0,1,0,0
200,29.0,19.83,6.0,3,4,0,35.837721345709,128.757911649358,483.0,353.0,124.0,178.0,2087.0,191.0,275.0,1,1,0,,0.3987927534318567,0.18244750192468068,0,0,1,0
200,36.0,30.0,7.0,1,3,0,35.8386598910617,128.753933155839,282.0,66.0,44.0,112.0,1776.0,62.0,185.0,1,1,0,,-0.5793815286312732,-0.09386145908281232,1,0,0,0
100,32.0,29.8,6.0,3,4,0,35.8394972694718,128.756193307234,468.0,149.0,38.0,100.0,2000.0,38.0,194.0,1,1,0,,-0.5231137723184018,0.14698357750934496,1,0,0,0
200,40.0,40.0,6.0,2,3,0,35.8428497159164,128.748700239429,821.0,195.0,88.0,770.0,1617.0,46.0,117.0,1,1,0,,0.34711267519783806,-0.0798631321219298,0,1,0,0
100,27.0,27.0,6.0,2,3,0,35.8413709870081,128.751668195445,576.0,299.0,195.0,465.0,1729.0,68.0,200.0,0,1,0,,0.6016594386696859,-0.3329816684381973,0,0,1,0
200,30.0,27.0,6.0,1,3,0,35.8428497159164,128.748700239429,821.0,195.0,88.0,770.0,1617.0,46.0,117.0,0,1,0,,0.34711267519783806,-0.0798631321219298,0,0,1,0
200,38.0,27.0,6.0,3,4,1,35.8392882215578,128.756432833482,465.0,170.0,14.0,92.0,2012.0,14.0,188.0,1,1,0,,-0.4272269055929828,0.22662593317567417,0,0,0,1
100,25.0,27.0,6.0,3,3,0,35.8225547050177,128.75613613992,1554.0,196.0,75.0,234.0,2192.0,61.0,254.0,1,1,0,,-0.21816998243664656,0.08364780087250423,1,0,0,0
200,42.0,25.0,6.0,2,4,1,35.8398192414954,128.755083308001,442.0,70.0,46.0,178.0,1921.0,54.0,177.0,0,1,0,,-0.5674281739711058,-0.10471868504895748,0,0,0,1
300,35.0,39.67,6.0,2,4,0,35.814678552992,128.753589965468,2403.0,215.0,86.0,260.0,2608.0,110.0,94.0,1,0,0,,0.11669112183817042,0.28764392882610756,0,1,0,0
200,30.0,27.0,6.0,4,4,0,35.8405656533684,128.756210997979,565.0,152.0,41.0,126.0,2047.0,47.0,173.0,1,1,0,,-0.5172579577371907,0.1438072437672589,1,0,0,0
100,30.0,34.0,6.0,2,3,0,35.8215002216798,128.75540124409,1659.0,81.0,42.0,105.0,2202.0,65.0,124.0,1,1,0,,-0.5229323131996482,0.12766653854173501,0,1,0,0
100,28.0,20.1,6.0,3,3,0,35.8425321797142,128.753533346217,698.0,176.0,250.0,451.0,1940.0,77.0,159.0,1,1,0,,0.5662362385903678,-0.265998315788427,0,0,1,0
200,39.0,25.0,6.0,3,4,0,35.8389685278027,128.758550172723,594.0,363.0,116.0,67.0,2181.0,74.0,125.0,1,0,0,,0.22426034392623662,0.41702636261620296,0,1,0,0
100,30.0,23.14,6.0,2,3,0,35.8387264464304,128.754441812874,308.0,71.0,67.0,79.0,1822.0,96.0,201.0,0,1,0,,-0.4703129263749582,-0.09662585579829595,1,0,0,0
100,28.0,20.1,6.0,3,3,0,35.8404514769857,128.753410400474,467.0,140.0,99.0,289.0,1814.0,120.0,80.0,0,1,0,,-0.03684766936899276,-0.3698757581989255,1,0,0,0
100,22.0,20.1,7.0,3,3,0,35.8399191547025,128.75240564293,407.0,137.0,117.0,304.0,1707.0,57.0,183.0,1,1,0,,-0.03578174666213667,-0.495985363547963,1,0,0,0
200,35.0,33.05,6.0,2,4,0,35.8324896973947,128.745983763936,478.0,547.0,10.0,818.0,946.0,232.0,168.0,0,1,0,,0.3052169301397913,0.1337104151801259,1,0,0,0
100,30.0,39.67,6.0,3,4,0,35.8309654695208,128.748281028699,720.0,767.0,79.0,794.0,1173.0,91.0,118.0,1,0,0,,0.3098583310085112,0.13820687253921643,0,1,0,0
100,26.0,29.4,6.0,2,3,0,35.8229785279371,128.717669168947,1574.0,109.0,328.0,205.0,1332.0,242.0,184.0,0,0,0,,0.3271607943683052,0.08087645461773828,0,1,0,0
200,27.0,35.5,6.0,2,3,0,35.8010841681901,128.73731712558,3687.0,332.0,26.0,358.0,2549.0,27.0,95.0,1,0,0,,0.1496918654245175,0.4144887875702395,0,1,0,0
100,35.0,23.1,6.0,2,3,0,35.8409622597752,128.752445193237,522.0,223.0,194.0,385.0,1765.0,19.0,128.0,1,1,0,,0.468539775054009,-0.3652517048537967,0,0,1,0
70,24.0,33.0,6.0,2,3,0,35.8434670490915,128.752937582653,800.0,285.0,284.0,562.0,1956.0,171.0,275.0,1,1,0,,0.49198008049369285,-0.026626127822392893,0,0,1,0
100,27.0,26.44,15.0,2,3,0,35.840096880667,128.751044328208,455.0,254.0,233.0,408.0,1608.0,121.0,276.0,1,1,0,,0.6074293954794521,-0.30007057510222096,0,0,1,0
200,37.0,27.0,6.0,2,3,0,35.8396628321723,128.752390043449,379.0,124.0,109.0,289.0,1693.0,32.0,205.0,0,1,0,,-0.1289290781689764,-0.43798254945612614,1,0,0,0
200,32.0,25.0,6.0,2,4,1,35.8443373695665,128.759925771967,1100.0,234.0,64.0,341.0,2537.0,128.0,129.0,1,1,0,,0.16934822350420992,0.256047277363341,0,0,0,1
200,38.0,25.0,6.0,3,5,1,35.8415726717686,128.757627336635,729.0,224.0,117.0,164.0,2210.0,31.0,122.0,1,1,0,,-0.01242300944029995,0.09913663831238655,0,0,0,1
200,35.0,33.06,6.0,2,4,0,35.8382637992626,128.764932287759,1111.0,224.0,89.0,330.0,2716.0,85.0,56.0,1,1,0,,0.19007537626808205,0.2777364402456554,0,1,0,0
100,27.0,25.0,6.0,1,4,0,35.8430837825354,128.763952609876,1254.0,327.0,76.0,140.0,2799.0,116.0,143.0,1,1,0,,0.2343929896219155,0.5770987772307408,0,1,0,0
100,30.0,25.0,6.0,2,4,0,35.839260004356,128.764219632285,1077.0,136.0,135.0,211.0,2680.0,75.0,98.0,0,0,0,,0.13767371653594163,0.10968232340937564,0,1,0,0
100,20.0,20.0,6.0,2,5,1,35.8427170069011,128.76340760983,1191.0,309.0,49.0,96.0,2737.0,54.0,81.0,1,1,0,,0.06624894670365034,0.6372954372050814,0,0,0,1
200,38.0,27.0,6.0,4,4,0,35.8372434676934,128.752385623606,116.0,246.0,32.0,96.0,1593.0,105.0,130.0,0,1,0,,-0.24441201714068717,0.13823130707628276,1,0,0,0
200,35.0,33.0,6.0,2,4,0,35.8373442163176,128.751458465619,173.0,285.0,38.0,177.0,1517.0,105.0,215.0,1,1,0,,-0.10747103107373751,0.08272186144138521,1,0,0,0
300,37.0,24.24,6.0,2,4,1,35.8272652799756,128.734638519651,943.0,95.0,29.0,247.0,641.0,75.0,233.0,1,0,0,,0.017954799270744167,-0.13569165013514947,0,0,0,1
100,25.0,27.0,6.0,3,4,0,35.8381154476728,128.754728152999,265.0,139.0,21.0,31.0,1824.0,107.0,143.0,1,1,0,,-0.43045051492423825,0.14458605867746813,1,0,0,0
200,37.0,27.0,6.0,2,4,0,35.8409524353182,128.756665752015,623.0,157.0,82.0,138.0,2102.0,75.0,148.0,1,1,0,,-0.34720349355276925,0.042563838102868096,1,0,0,0
200,40.0,27.0,6.0,4,4,0,35.8369375397417,128.752292685289,89.0,280.0,51.0,93.0,1575.0,108.0,136.0,1,1,0,,-0.1270082518098998,0.14678383211403967,1,0,0,0
150,32.0,27.0,6.0,4,4,0,35.8408197089072,128.755382805088,554.0,92.0,45.0,202.0,1992.0,41.0,133.0,1,1,0,,-0.5344725457740661,-0.06275385241643561,1,0,0,0
200,48.0,27.0,6.0,1,3,0,35.8390467236721,128.753224541774,310.0,41.0,21.0,188.0,1733.0,21.0,232.0,1,1,0,,-0.491844727075805,-0.09744529596416611,1,0,0,0
200,48.0,27.0,6.0,2,3,0,35.8390467236721,128.753224541774,310.0,41.0,21.0,188.0,1733.0,21.0,232.0,1,1,0,,-0.491844727075805,-0.09744529596416611,1,0,0,0
200,32.0,27.0,6.0,1,3,0,35.840129470245,128.752455534077,430.0,148.0,125.0,316.0,1721.0,80.0,164.0,1,1,0,,0.07696024730988824,-0.5198094031866836,0,0,1,0
150,40.0,27.0,6.0,2,4,0,35.8410454705292,128.755633581429,586.0,78.0,56.0,200.0,2023.0,27.0,151.0,1,1,0,,-0.4924877111859152,-0.08165996594156796,1,0,0,0
200,36.0,26.45,6.0,2,3,0,35.8392551954616,128.753653877076,339.0,6.0,11.0,171.0,1778.0,28.0,202.0,1,1,0,,-0.4653911652769959,-0.061660668773201144,1,0,0,0
100,30.0,40.0,6.0,3,4,0,35.8165066034343,128.762304785647,2358.0,260.0,56.0,636.0,3032.0,181.0,42.0,1,1,0,,0.38269174936160255,0.2100286167636806,0,1,0,0
300,33.0,26.2,7.0,2,3,0,35.824379456883,128.723645511913,1156.0,199.0,89.0,126.0,1200.0,72.0,154.0,1,0,0,,-0.11905981014095349,-0.2397868073974089,0,1,0,0
150,35.0,27.0,6.0,2,4,0,35.8382278221322,128.757877784884,502.0,325.0,122.0,122.0,2099.0,174.0,224.0,0,1,0,,0.3349519892296724,0.20649167227422574,1,0,0,0
200,36.0,27.0,6.0,3,3,0,35.8394776528494,128.753581859678,362.0,31.0,0.0,193.0,1782.0,48.0,179.0,1,1,0,,-0.48566013386611573,-0.04975919763926266,1,0,0,0
200,35.0,27.0,6.0,2,3,0,35.8408817488998,128.753960832477,522.0,135.0,97.0,312.0,1880.0,135.0,23.0,1,1,0,,0.024673530952139384,-0.3265626599285806,1,0,0,0
100,35.0,26.45,6.0,2,3,0,35.8384558973505,128.75450568527,284.0,100.0,58.0,56.0,1817.0,116.0,174.0,1,1,0,,-0.4129846851069355,-0.012612659436751219,1,0,0,0
100,35.0,29.75,7.134969325153374,2,3,0,35.8378143531169,128.751506539883,210.0,247.0,37.0,197.0,1538.0,62.0,226.0,1,1,0,,-0.25898646396464536,0.0006526376062916809,1,0,0,0
200,35.0,29.75,11.0,2,4,0,35.8405656533677,128.75621099798,565.0,152.0,41.0,126.0,2047.0,47.0,173.0,1,1,0,,-0.5172579577371907,0.1438072437672589,1,0,0,0
200,37.0,26.45,6.0,2,4,0,35.8399077379254,128.76191036205,910.0,286.0,86.0,179.0,2501.0,216.0,87.0,1,1,0,,0.31756507280817736,0.2800687351655665,0,1,0,0
150,35.0,26.45,6.0,1,3,0,35.8388113370615,128.754342753278,312.0,64.0,54.0,92.0,1817.0,85.0,207.0,1,1,0,,-0.5340485671814078,-0.08678686293130064,1,0,0,0
300,45.0,30.0,6.0,1,3,0,35.8233251312041,128.754417512895,1447.0,159.0,137.0,266.0,2015.0,139.0,242.0,1,1,0,,0.24050831646877238,-0.2895876400268686,0,0,1,0
300,45.0,30.0,6.0,3,3,0,35.8233251312041,128.754417512895,1447.0,159.0,137.0,266.0,2015.0,139.0,242.0,1,1,0,,0.24050831646877238,-0.2895876400268686,0,0,1,0
200,49.0,40.0,6.0,1,4,0,35.8373416662741,128.751157397615,194.0,305.0,12.0,203.0,1491.0,113.0,241.0,1,1,0,,-0.04732871445842072,0.14391631424443643,0,0,1,0
200,40.0,30.0,6.0,2,4,0,35.8385715940321,128.758235413381,548.0,343.0,105.0,88.0,2140.0,126.0,176.0,1,1,0,,0.2266398637118179,0.3665454316460995,0,1,0,0
200,35.0,30.0,6.0,3,4,0,35.8225734928294,128.757372021792,1577.0,245.0,183.0,319.0,2286.0,128.0,311.0,1,1,0,,0.5603994250753209,-0.16307696717609815,0,0,1,0
200,38.0,23.14,6.0,2,4,0,35.8380704794718,128.756572093403,390.0,232.0,36.0,138.0,1981.0,125.0,250.0,0,1,0,,-0.21550184151338223,0.24626900517940487,1,0,0,0
200,37.0,30.0,6.0,2,4,0,35.8382375042062,128.75924175123,615.0,441.0,18.0,168.0,2217.0,59.0,203.0,1,1,0,,0.18231593734522916,0.5644885046774859,0,1,0,0
200,35.0,27.0,6.0,3,3,0,35.8388317018315,128.75313902133,285.0,61.0,19.0,185.0,1717.0,38.0,212.0,1,1,0,,-0.534559769586995,-0.09972234579386668,1,0,0,0
300,35.0,35.5,6.0,2,4,0,35.8228932408803,128.73926641188,1257.0,234.0,136.0,158.0,1173.0,201.0,120.0,1,0,0,,0.30963043154173314,-0.11013134335670116,0,1,0,0
100,27.0,27.0,6.0,2,3,0,35.8218739108939,128.756259003056,1631.0,127.0,90.0,192.0,2242.0,14.0,190.0,1,1,0,,-0.26547890012370395,0.017568698625222697,1,0,0,0
100,25.0,29.75,28.0,1,3,0,35.8378143531176,128.751506539883,210.0,247.0,37.0,197.0,1538.0,62.0,226.0,0,1,0,,-0.25898646396464536,0.0006526376062916809,0,0,1,0
200,30.0,39.66,24.0,2,3,0,35.8161177582731,128.762913651929,2418.0,297.0,108.0,625.0,3102.0,238.0,81.0,1,0,0,,0.41170453191514045,0.19847960582453816,0,1,0,0
100,25.0,39.67,6.0,1,3,0,35.8162160278664,128.762670875616,2400.0,279.0,85.0,623.0,3078.0,215.0,65.0,0,0,0,,0.4085012389219437,0.20694565190029546,0,1,0,0
200,27.0,39.67,6.0,2,3,0,35.8161177582731,128.762913651929,2418.0,297.0,108.0,625.0,3102.0,238.0,81.0,1,0,0,,0.41170453191514045,0.1984796058245382,0,1,0,0
300,35.0,42.0,6.0,2,4,0,35.8022915884211,128.736575515635,3561.0,326.0,54.0,278.0,2617.0,14.0,168.0,1,0,0,,0.14106641217913968,0.4697520336876095,0,1,0,0
200,35.0,40.0,6.0,2,4,1,35.8254861053787,128.735411411036,1086.0,25.0,126.0,105.0,834.0,163.0,129.0,0,1,0,,0.16952477176039996,-0.12055370933205888,0,0,0,1
200,35.0,31.8,6.0,3,4,0,35.8103468012132,128.759781607781,2950.0,190.0,100.0,56.0,3336.0,75.0,68.0,1,1,0,,0.20129154037351396,0.41993817532236183,0,1,0,0
300,35.0,39.67,6.0,2,4,0,35.817441218768,128.75808667108,2147.0,263.0,94.0,443.0,2671.0,69.0,104.0,1,1,0,,0.31608979365756695,0.18946545750596683,0,1,0,0
200,38.0,42.98,6.0,2,4,0,35.8095330132332,128.759306314942,3030.0,92.0,0.0,133.0,3377.0,92.0,161.0,1,0,0,,0.13386958157221712,0.3460247999567307,0,1,0,0
200,35.0,39.67,6.0,2,4,0,35.8097374808418,128.759238475581,3007.0,114.0,24.0,124.0,3356.0,72.0,148.0,1,1,0,,0.11478035793978855,0.3937182794089554,0,1,0,0
100,27.0,39.67,6.0,4,4,0,35.8270826116024,128.735519097105,927.0,149.0,55.0,165.0,657.0,131.0,161.0,0,0,0,,0.0864563096283082,-0.12135656789972248,0,1,0,0
200,35.0,42.98,6.0,2,4,0,35.8095663702785,128.759440688794,3029.0,98.0,13.0,121.0,3382.0,97.0,150.0,1,1,0,,0.1349331629797897,0.3608684407438618,0,1,0,0
200,32.0,40.0,6.0,4,4,0,35.8102683552967,128.759452527175,2953.0,175.0,83.0,86.0,3323.0,46.0,98.0,1,1,0,,0.15972644499299496,0.43120309703280757,0,1,0,0
200,38.0,40.0,6.0,3,4,0,35.8095330132339,128.759306314942,3030.0,92.0,0.0,133.0,3377.0,92.0,161.0,1,0,0,,0.13386958157221712,0.3460247999567307,0,1,0,0
200,33.0,39.67,6.0,2,4,0,35.8188561082925,128.754736816928,1944.0,112.0,13.0,199.0,2340.0,251.0,138.0,1,1,0,,0.18421310518666673,0.15923945099690215,0,1,0,0
100,26.0,39.67,6.0,2,4,0,35.8162839168605,128.762502660006,2387.0,267.0,69.0,622.0,3062.0,199.0,58.0,1,1,0,,0.39731476751994155,0.211543990409334,0,1,0,0
300,30.0,40.0,6.0,3,4,0,35.820336121121,128.724371412286,1567.0,158.0,66.0,328.0,1652.0,61.0,91.0,1,1,0,,-0.22833516102560336,-0.34516093846214496,0,1,0,0
100,22.0,33.05,6.0,2,3,0,35.8157972111757,128.763707014991,2478.0,357.0,186.0,639.0,3181.0,315.0,116.0,1,0,0,,0.35252102678063885,0.16284811791609122,0,1,0,0
300,37.0,39.67,6.0,3,4,1,35.817238223191,128.75804778584,2168.0,246.0,79.0,441.0,2683.0,47.0,104.0,1,0,0,,0.2350095969044731,0.2130408788347544,0,0,0,1
200,25.0,38.5,6.0,3,4,0,35.8215227344658,128.739271248138,1408.0,203.0,200.0,269.0,1319.0,167.0,176.0,1,0,0,,0.4673459510820448,-0.2716366273071647,0,1,0,0
100,22.0,40.0,6.0,3,3,0,35.8157972111757,128.763707014991,2478.0,357.0,186.0,639.0,3181.0,315.0,116.0,1,0,0,,0.35252102678063885,0.1628481179160912,0,1,0,0
200,33.0,39.67,6.0,2,4,0,35.8098391417157,128.759102101806,2993.0,126.0,39.0,129.0,3339.0,57.0,150.0,1,0,0,,0.11084425637089314,0.4109874597091815,0,1,0,0
100,25.0,39.67,6.0,1,3,0,35.8163770562549,128.762560480111,2379.0,275.0,75.0,634.0,3059.0,204.0,47.0,1,0,0,,0.401994407387117,0.20756323449903918,0,1,0,0
100,22.0,39.67,6.0,3,4,0,35.8248582227229,128.738308694449,1058.0,290.0,80.0,89.0,939.0,62.0,138.0,0,0,0,,0.0721537975886053,-0.056461960642763286,0,1,0,0
200,30.0,39.67,6.0,2,4,0,35.8157737533948,128.762898300399,2453.0,289.0,119.0,592.0,3124.0,246.0,117.0,1,1,0,,0.4139262883731908,0.1962161828436488,0,1,0,0
200,28.0,39.67,6.0,2,4,0,35.8195556661654,128.740689792531,1618.0,143.0,33.0,267.0,1565.0,182.0,124.0,0,0,0,,-0.017602588797565967,-0.0840970372586804,0,1,0,0
200,37.0,21.75,6.0,2,4,0,35.8152501073161,128.763402060158,2524.0,291.0,190.0,575.0,3196.0,291.0,107.0,1,0,0,,0.3735822567978804,0.16217601389307115,0,1,0,0
200,35.0,39.67,6.0,2,4,0,35.8175707158298,128.75907155466322,2154.0,239.0,68.0,532.0,2730.0,138.0,43.0,1,1,0,,0.3574315387765918,0.18483969537766626,0,1,0,0
200,28.0,39.66,6.0,2,3,0,35.8161177582731,128.762913651929,2418.0,297.0,108.0,625.0,3102.0,238.0,81.0,1,0,0,,0.41170453191514045,0.1984796058245382,0,1,0,0
200,32.0,39.67,6.0,1,3,0,35.8159363427314,128.762497188537,2423.0,256.0,79.0,588.0,3085.0,206.0,96.0,1,0,0,,0.4051508758593506,0.2139195831032923,0,1,0,0
200,38.0,39.67,6.0,4,4,1,35.8116039123255,128.75964971275,2811.0,174.0,59.0,49.0,3224.0,59.0,126.0,1,1,0,,0.10015157603741522,0.4700661593511394,0,0,0,1
300,35.0,42.98,6.0,4,4,0,35.828833901731,128.739822198253,597.0,175.0,191.0,315.0,604.0,195.0,244.0,0,0,0,,0.3645221682412284,-0.06940123351936857,0,1,0,0
100,20.0,26.45,7.0,2,3,0,35.8220901890673,128.7395193049,1343.0,225.0,181.0,232.0,1265.0,188.0,206.0,1,0,0,,0.42277603544233383,-0.19949953006667348,0,0,1,0
300,40.0,39.67,7.0,2,3,0,35.8170973997743,128.739655859676,1895.0,187.0,17.0,227.0,1806.0,243.0,198.0,0,0,0,,0.17207204596675646,0.10714082376937442,0,1,0,0
200,37.0,22.75,6.0,3,4,0,35.8152501073161,128.763402060158,2524.0,291.0,190.0,575.0,3196.0,291.0,107.0,1,1,0,,0.3735822567978804,0.16217601389307115,0,1,0,0
200,45.0,33.06,6.0,2,3,0,35.8393226755741,128.753160894204,340.0,45.0,39.0,210.0,1740.0,39.0,204.0,1,1,0,,-0.5224776404035159,-0.18382928988376568,1,0,0,0
200,36.0,27.0,6.0,3,3,0,35.8391617112148,128.752736367882,321.0,81.0,55.0,233.0,1698.0,63.0,235.0,1,1,0,,-0.4833630896700747,-0.2800926676189708,1,0,0,0
200,30.0,39.67,6.0,2,4,1,35.8195193217997,128.735096396282,1709.0,147.0,112.0,278.0,1498.0,134.0,226.0,1,0,0,,0.08721125540788122,-0.4414979771409525,0,0,0,1
200,45.0,20.0,6.0,2,4,0,35.8369375397417,128.752292685289,89.0,280.0,51.0,93.0,1575.0,108.0,136.0,0,1,0,,-0.1270082518098998,0.14678383211403967,1,0,0,0
100,27.0,27.0,6.0,1,3,1,35.8419969790893,128.751947577142,641.0,291.0,183.0,505.0,1788.0,75.0,192.0,0,1,0,,0.5975013805307918,-0.3301031172565414,0,0,0,1
70,23.0,26.44,18.0,2,4,0,35.8365245478869,128.751798777478,99.0,341.0,37.0,141.0,1520.0,159.0,188.0,1,1,0,,0.11413184691682664,0.19296168215529302,0,0,1,0
100,30.0,23.14,6.0,3,4,0,35.8390834877691,128.759979448065,714.0,476.0,132.0,185.0,2307.0,62.0,142.0,1,1,0,,0.4141988882991245,0.39757977411722456,0,1,0,0
200,35.0,26.45,6.0,3,4,0,35.8402527935126,128.755895883513,520.0,157.0,35.0,131.0,2007.0,61.0,199.0,1,1,0,,-0.5221318011169217,0.14055713677474221,1,0,0,0
200,33.0,26.0,6.0,2,4,1,35.8443375,128.75991800000048,1099.0,234.0,65.0,341.0,2536.0,128.0,129.0,0,1,0,,0.17202280431145894,0.253135450047487,0,0,0,1
200,35.0,23.14,6.0,2,4,0,35.8401097306666,128.756300327019,527.0,178.0,57.0,91.0,2034.0,70.0,164.0,1,1,0,,-0.43807193476792095,0.17864022780854272,1,0,0,0
200,32.0,39.67,26.0,2,3,0,35.8210666237514,128.725786862302,1462.0,152.0,159.0,312.0,1589.0,126.0,227.0,1,0,0,,0.3420579437680065,-0.5015426810808506,0,0,1,0
200,28.0,25.5,6.0,3,4,0,35.824534521868,128.739611160064,1072.0,381.0,109.0,183.0,1010.0,61.0,66.0,1,0,0,,0.2613899846470047,-0.044717596348851814,0,1,0,0
100,25.0,25.5,6.0,2,3,0,35.8163770562557,128.76256048011,2379.0,275.0,75.0,634.0,3059.0,204.0,47.0,1,1,0,,0.401994407387117,0.20756323449903918,0,1,0,0
200,32.0,35.5,6.0,3,4,1,35.8187300557067,128.738878281432,1721.0,42.0,156.0,83.0,1614.0,280.0,114.0,1,0,0,,0.28738362633814424,0.04412521555117469,0,0,0,1
300,38.0,29.75,6.0,4,4,1,35.8449468121047,128.708126553574,540.0,139.0,95.0,499.0,694.0,230.0,433.0,0,0,0,,0.3098969692265039,-0.014179147540818813,0,0,0,1
200,35.0,36.5,6.0,3,4,1,35.8235359248145,128.741263787209,1175.0,426.0,245.0,318.0,1172.0,176.0,42.0,1,0,0,,0.4296958409911704,-0.004144391440795322,0,0,0,1
150,35.0,27.0,6.0,1,3,0,35.8409198102764,128.753495524023,519.0,168.0,124.0,332.0,1845.0,114.0,37.0,1,1,0,,0.18979516693479018,-0.43229070029957367,0,0,1,0
200,35.0,34.0,6.0,2,3,0,35.8220465284207,128.755762138859,1604.0,136.0,42.0,170.0,2194.0,48.0,190.0,1,1,0,,-0.48002211751895957,0.14956427906731645,0,1,0,0
200,35.0,34.0,6.0,3,3,0,35.8220465284207,128.755762138859,1604.0,136.0,42.0,170.0,2194.0,48.0,190.0,1,1,0,,-0.4800221175189594,0.14956427906731629,0,1,0,0
100,32.0,27.0,6.0,3,4,0,35.8407967273689,128.760924804424,884.0,376.0,91.0,112.0,2450.0,181.0,82.0,1,1,0,,0.3292154957552601,0.406863752572445,0,1,0,0
100,30.0,33.05,6.0,4,4,0,35.8177414331703,128.757676736951,2106.0,311.0,100.0,406.0,2621.0,99.0,150.0,1,0,0,,0.3900000774155745,0.2416955098444906,0,1,0,0
200,35.0,33.05,6.0,3,4,0,35.8304801615736,128.747355360295,696.0,699.0,153.0,887.0,1104.0,189.0,187.0,1,0,0,,0.3105949483416973,0.13466245939390084,0,1,0,0
300,35.0,33.5,6.0,2,4,0,35.8103764792829,128.759219384801,2937.0,185.0,94.0,107.0,3300.0,25.0,113.0,1,0,0,,0.17415111502193076,0.4089832717839301,0,1,0,0
200,38.0,33.5,6.0,3,4,0,35.8171348542924,128.75561987948,2143.0,211.0,115.0,226.0,2529.0,122.0,163.0,0,0,0,,0.20562798667866924,0.17311705816079148,0,1,0,0
300,40.0,42.5,6.0,2,4,0,35.8188071758631,128.754860320794,1951.0,118.0,25.0,204.0,2352.0,259.0,138.0,1,0,0,,0.2082437256490226,0.15518561036246886,0,1,0,0
200,30.0,28.5,6.0,3,4,0,35.801381283877,128.737603013946,3652.0,291.0,17.0,318.0,2591.0,57.0,131.0,0,0,0,,0.06482687634207968,0.45563375741312745,0,1,0,0
300,35.0,32.99,7.0,4,4,0,35.8174634874388,128.756736488464,2121.0,284.0,42.0,322.0,2577.0,119.0,174.0,1,0,0,,0.16408880877480875,0.4053713108366244,0,1,0,0
300,38.0,29.75,6.0,4,4,1,35.8453066580607,128.7080867909,572.0,100.0,103.0,538.0,727.0,219.0,468.0,0,0,0,,0.30936654495885435,-0.024564129956595165,0,0,0,1
200,28.0,29.75,6.0,3,4,0,35.8307304951512,128.705733851898,1116.0,174.0,85.0,332.0,1007.0,85.0,92.0,0,0,0,,0.07011852376725945,-0.39536268573423416,0,1,0,0
300,37.0,36.36,6.0,3,4,0,35.8412166665084,128.699829349609,461.0,369.0,14.0,59.0,413.0,68.0,114.0,0,0,0,,0.2171081157278207,0.09273176933552811,0,1,0,0
200,45.0,25.0,6.0,2,4,0,35.8373416662741,128.751157397615,194.0,305.0,12.0,203.0,1491.0,113.0,241.0,0,1,0,,-0.04732871445842072,0.14391631424443643,1,0,0,0
150,35.0,23.14,7.0,2,3,0,35.8393256084919,128.75253988499364,340.0,100.0,80.0,257.0,1689.0,39.0,227.0,0,1,0,,-0.35221388519096436,-0.35990284180722487,1,0,0,0
200,45.0,23.14,6.0,1,3,0,35.8395787535851,128.752859755329,367.0,82.0,66.0,249.0,1727.0,67.0,188.0,0,1,0,,-0.4311301916157356,-0.326648909533161,1,0,0,0
100,20.0,23.14,6.0,1,4,0,35.8394827569568,128.766053811731,1242.0,127.0,46.0,256.0,2846.0,93.0,84.0,1,1,0,,-0.03653122660511673,0.3394654000402813,0,1,0,0
100,28.0,26.45,6.0,4,4,0,35.840786196475506,128.75717593033517,635.0,206.0,65.0,110.0,2137.0,35.0,99.0,0,1,0,,-0.334555226822178,0.24929331620595768,1,0,0,0
100,32.0,26.45,6.0,3,3,0,35.839391954056,128.75367459498466,354.0,21.0,13.0,180.0,1785.0,42.0,187.0,0,1,0,,-0.5086506178473638,-0.07681554455899244,1,0,0,0
100,30.0,23.14,7.0,3,3,0,35.839244850212005,128.75263992343514,331.0,90.0,68.0,245.0,1694.0,51.0,231.0,0,1,0,,-0.42830542553764966,-0.32709973565442774,1,0,0,0
100,22.0,23.14,6.0,3,4,0,35.8400627106993,128.76445985752,1127.0,58.0,116.0,125.0,2726.0,46.0,74.0,1,0,0,,-0.044693887530366086,0.16772164700887918,0,1,0,0
100,30.0,23.14,6.0,3,4,0,35.840786196475506,128.75717593033517,635.0,206.0,65.0,110.0,2137.0,35.0,99.0,1,1,0,,-0.334555226822178,0.24929331620595768,1,0,0,0
100,28.0,28.5,6.0,1,3,0,35.8413136850578,128.751401765899,575.0,309.0,182.0,476.0,1705.0,85.0,194.0,0,1,0,,0.6021496675231741,-0.3294448740098151,0,0,1,0
200,35.0,25.0,6.0,2,4,0,35.8405597781913,128.755774494495,544.0,132.0,2.0,157.0,2011.0,34.0,176.0,1,1,0,,-0.4910842713723922,0.14804996867712555,1,0,0,0
200,36.0,20.1,6.0,1,3,0,35.8391617112148,128.752736367882,321.0,81.0,55.0,233.0,1698.0,63.0,235.0,1,1,0,,-0.4833630896700747,-0.2800926676189708,1,0,0,0
100,29.0,20.1,7.0,3,3,0,35.8396372080349,128.75314579383,375.0,65.0,43.0,233.0,1753.0,70.0,172.0,1,1,0,,-0.5087927632483578,-0.22498584595202098,1,0,0,0
200,32.0,25.0,6.0,1,3,0,35.840091324207,128.759578183537,740.0,435.0,42.0,116.0,2309.0,83.0,58.0,1,1,0,,0.20915725945721508,0.6177490755322482,0,1,0,0
200,35.0,26.45,6.0,2,4,1,35.8408042922797,128.756110901091,583.0,127.0,42.0,151.0,2050.0,26.0,188.0,1,1,0,,-0.5113673412382664,0.07953600179240988,0,0,0,1
300,46.0,40.0,6.0,2,4,0,35.8473054221807,128.761338119339,1445.0,120.0,263.0,583.0,2820.0,459.0,145.0,1,0,0,,0.2831485103061542,0.12485601204608865,0,1,0,0
200,34.0,25.0,6.0,1,3,0,35.8399592628338,128.753424133811,413.0,86.0,56.0,243.0,1791.0,100.0,129.0,0,1,0,,-0.4060315907219683,-0.2511875801565506,1,0,0,0
70,26.0,26.45,6.0,2,3,0,35.8413709870074,128.751668195445,576.0,299.0,195.0,465.0,1729.0,68.0,200.0,0,1,0,,0.6016594386696859,-0.3329816684381973,0,0,1,0
100,24.0,23.14,6.0,4,4,0,35.8393569350488,128.766441682465,1272.0,162.0,82.0,290.0,2877.0,78.0,56.0,1,1,0,,0.09419099948661373,0.309129180159465,0,1,0,0
200,32.0,25.0,6.0,2,4,1,35.8415050540336,128.758356278472,764.0,290.0,92.0,145.0,2267.0,36.0,60.0,0,1,0,,0.010585252456523881,0.36508310779739095,0,0,0,1
200,44.0,25.0,6.0,3,4,0,35.8384686912828,128.757748528632,504.0,305.0,119.0,97.0,2095.0,149.0,206.0,0,1,0,,0.2564845423459563,0.22156316687651423,1,0,0,0
100,30.0,26.45,6.0,1,3,0,35.8395490262588,128.752624371781,364.0,99.0,86.0,264.0,1706.0,45.0,202.0,0,1,0,,-0.31966916787682625,-0.38854088550975935,1,0,0,0
200,36.0,29.75,6.0,3,4,1,35.8400713261697,128.759110051194,704.0,397.0,78.0,75.0,2268.0,71.0,16.0,0,1,0,,0.18629969747554342,0.5818932348392715,0,0,0,1
200,35.0,26.45,7.0,1,3,0,35.8398712495728,128.75211906128,405.0,156.0,139.0,322.0,1681.0,46.0,206.0,0,0,0,,0.14136136913484482,-0.515043429299327,0,0,1,0
200,36.0,27.0,6.0,2,4,0,35.8388317018315,128.75313902133,285.0,61.0,19.0,185.0,1717.0,38.0,212.0,1,1,0,,-0.534559769586995,-0.09972234579386664,1,0,0,0
200,35.0,25.6,6.0,2,4,1,35.8400713261704,128.759110051194,704.0,397.0,78.0,75.0,2268.0,71.0,16.0,1,0,0,,0.18629969747554326,0.5818932348392718,0,0,0,1
300,35.0,35.0,9.0,2,4,0,35.8027599962458,128.737741454492,3498.0,212.0,89.0,175.0,2721.0,107.0,62.0,1,0,0,,0.0871887367780211,0.3983016003553018,0,1,0,0
70,23.0,39.67,6.0,2,3,0,35.8164023949149,128.762786628838,2384.0,295.0,95.0,646.0,3074.0,224.0,47.0,1,0,0,,0.40971063997124063,0.20030682968489794,0,1,0,0
150,34.0,33.06,6.0,2,4,0,35.8383699588863,128.757900399051,511.0,321.0,123.0,106.0,2105.0,163.0,209.0,1,0,0,,0.31360812027241197,0.21962103581233874,0,1,0,0
200,35.0,25.2,6.0,3,4,0,35.8295790798413,128.739278219337,529.0,136.0,164.0,301.0,509.0,164.0,213.0,1,0,0,,0.3303586283838715,-0.11817759597492858,0,1,0,0
200,35.0,39.67,6.0,2,4,1,35.8422696486298,128.758855470916,858.0,343.0,151.0,235.0,2344.0,104.0,119.0,1,1,0,,0.4673493659874185,0.16355533476331477,0,0,0,1
100,28.0,33.06,19.0,2,4,0,35.8367321360268,128.73201126381,444.0,303.0,42.0,292.0,522.0,52.0,63.0,1,0,0,,0.1977761218608645,-0.043803616956180326,0,1,0,0
100,30.0,33.06,6.0,3,4,0,35.821274811659,128.728455905188,1421.0,54.0,15.0,119.0,1450.0,200.0,44.0,1,0,0,,-0.013038595867682575,0.007805403225931257,0,1,0,0
100,30.0,36.36,24.0,2,3,0,35.8161177582731,128.762913651929,2418.0,297.0,108.0,625.0,3102.0,238.0,81.0,1,0,0,,0.4117045319151404,0.1984796058245382,0,1,0,0
200,25.0,33.06,16.0,2,4,0,35.839354409991,128.765724604125,1209.0,120.0,47.0,248.0,2814.0,64.0,96.0,1,1,0,,-0.098141891690595,0.3301487974473734,0,1,0,0
100,26.0,33.06,6.0,2,4,0,35.8139623647189,128.731025600123,2247.0,152.0,136.0,159.0,2154.0,118.0,147.0,1,0,0,,0.09132365226620377,-0.12172951770928178,0,1,0,0
200,35.0,33.06,26.0,3,3,0,35.8306894187141,128.747812757588,717.0,733.0,129.0,843.0,1138.0,143.0,148.0,1,0,0,,0.31584118743941764,0.1378533708666436,0,1,0,0
200,31.0,39.67,6.0,3,4,0,35.8438538796352,128.750893736092,861.0,353.0,170.0,728.0,1839.0,89.0,151.0,1,0,0,,0.4993920597646172,-0.07297320698553447,0,1,0,0
200,40.0,29.75,6.0,3,4,1,35.8409824681273,128.755831843447,588.0,95.0,49.0,182.0,2036.0,13.0,169.0,1,1,0,,-0.478111842946746,-0.010170991894658393,0,0,0,1
100,27.0,39.67,6.0,1,4,0,35.8021268184917,128.737139727969,3573.0,284.0,0.0,263.0,2632.0,56.0,125.0,1,0,0,,0.022242200116630334,0.495552951740515,0,1,0,0
100,25.0,33.06,6.0,1,3,0,35.8295139834887,128.730393147347,537.0,280.0,109.0,370.0,602.0,56.0,142.0,1,0,0,,0.28847353832320144,-0.18660851257770927,0,1,0,0
200,36.0,33.06,6.0,3,4,0,35.8381181814187,128.752892687269,205.0,138.0,60.0,132.0,1667.0,48.0,149.0,1,1,0,,-0.49334216022465066,-0.13061066367326818,1,0,0,0
200,33.0,36.36,11.0,2,4,0,35.8171348542917,128.75561987948,2143.0,211.0,115.0,226.0,2529.0,122.0,163.0,1,0,0,,0.20562798667866924,0.17311705816079148,0,1,0,0
150,35.0,33.06,6.0,2,4,0,35.8407644449349,128.756654522964,605.0,167.0,62.0,119.0,2093.0,75.0,140.0,1,1,0,,-0.42195138864282666,0.1449279584818726,1,0,0,0
100,33.0,42.98,6.0,2,4,1,35.8186467597205,128.756637652176,1990.0,255.0,63.0,321.0,2484.0,226.0,178.0,1,0,0,,0.32486614090129406,0.21504961835407393,0,0,0,1
200,30.0,33.06,24.0,1,3,0,35.84213558141,128.75142160989,664.0,340.0,133.0,545.0,1758.0,25.0,143.0,1,1,0,,0.45349692421897353,-0.1654882300510879,0,0,1,0
100,20.0,33.06,6.0,3,4,0,35.8254652250023,128.726890572927,964.0,431.0,167.0,235.0,1142.0,43.0,170.0,1,0,0,,0.39644995727001414,-0.046846562067792606,0,1,0,0
100,25.0,35.0,6.0,3,3,0,35.8188768562211,128.755451014989,1949.0,169.0,53.0,245.0,2386.0,276.0,119.0,1,0,0,,0.2797024309464031,0.15609722064784973,0,1,0,0
300,32.0,36.36,7.0,2,3,0,35.8242781967042,128.723323215821,1178.0,191.0,106.0,119.0,1204.0,97.0,134.0,1,1,0,,-0.02761562343244247,-0.2698467026811248,0,1,0,0
100,30.0,33.06,6.0,3,4,0,35.8431061792383,128.751539240503,769.0,364.0,152.0,629.0,1831.0,106.0,147.0,1,1,0,,0.539302399553822,-0.11852761064738848,0,0,1,0
200,38.0,33.06,6.0,3,5,1,35.8415726717679,128.757627336635,729.0,224.0,117.0,164.0,2210.0,31.0,122.0,1,1,0,,-0.01242300944029995,0.09913663831238655,0,0,0,1
100,23.0,22.08,6.0,3,4,0,35.8397949978155,128.764305740899,1104.0,86.0,125.0,152.0,2704.0,76.0,99.0,1,0,0,,0.022995487699383116,0.14189384623518644,0,1,0,0
200,30.0,33.06,6.0,4,4,0,35.8431883045487,128.763603313413,1237.0,349.0,58.0,146.0,2775.0,98.0,124.0,1,1,0,,0.20565659644592146,0.6311971309866755,0,1,0,0
200,20.0,41.32,26.0,2,3,0,35.8206759276083,128.725451894456,1510.0,157.0,170.0,334.0,1641.0,73.0,194.0,1,0,0,,0.3518123989154461,-0.546652604282552,0,0,1,0
300,38.0,27.63,10.0,3,4,0,35.827326840798,128.73528662374,916.0,115.0,30.0,191.0,630.0,97.0,195.0,1,0,0,,0.027158523779235066,-0.11112569547622886,0,1,0,0
100,28.0,33.06,14.0,6,6,1,35.8247807421868,128.736612415802,1112.0,148.0,43.0,12.0,918.0,179.0,87.0,1,0,0,,0.08466034786195359,0.01219124251744409,0,0,0,1
100,25.0,33.06,26.0,2,4,0,35.8247945367934,128.727258886386,1034.0,405.0,186.0,315.0,1176.0,107.0,158.0,1,0,0,,0.484342045715433,-0.13627592891084753,0,0,1,0
100,20.0,23.14,6.0,2,3,0,35.8162108958394,128.762971582977,2410.0,305.0,112.0,637.0,3100.0,242.0,74.0,1,0,0,,0.4092615781861959,0.1956668197894965,0,1,0,0
100,25.0,26.45,6.0,2,4,0,35.8206234682492,128.756779575632,1776.0,97.0,141.0,211.0,2360.0,133.0,139.0,0,1,0,,0.16248811114896028,-0.1110086625742098,0,0,1,0
100,30.0,29.75,6.0,2,4,0,35.8207556914602,128.755871344685,1747.0,15.0,61.0,128.0,2285.0,118.0,72.0,1,1,0,,-0.31113514179772267,0.03656077726295645,0,1,0,0
200,35.0,42.98,6.0,2,4,0,35.8205788336725,128.756251379156,1772.0,54.0,94.0,165.0,2324.0,133.0,97.0,1,1,0,,-0.13170185229867465,-0.0173577501928814,0,1,0,0
200,48.0,20.0,6.0,3,3,0,35.8389684806623,128.75269515277,300.0,89.0,40.0,223.0,1686.0,48.0,240.0,0,1,0,,-0.5172687819276008,-0.20437054056041318,1,0,0,0
70,20.0,26.45,6.0,3,4,0,35.8252842932071,128.720752553716,1192.0,328.0,47.0,177.0,1059.0,89.0,74.0,1,0,0,,0.07753028031758169,0.0033255284429762034,0,1,0,0
100,23.0,26.45,6.0,3,4,0,35.8224341978303,128.719235140234,1531.0,45.0,201.0,52.0,1376.0,100.0,38.0,1,0,0,,0.22406845332142378,-0.1745587804548833,0,1,0,0
70,20.0,26.45,6.0,3,4,0,35.8255407739022,128.722147638039,1099.0,356.0,49.0,62.0,1045.0,146.0,73.0,0,0,0,,0.16724495418736976,0.11270757387216432,0,1,0,0
100,22.0,23.14,6.0,3,4,0,35.8274879182728,128.72967107118,739.0,381.0,185.0,291.0,807.0,290.0,192.0,1,0,0,,0.32555746634885946,0.08328149689281668,0,1,0,0
300,30.0,40.0,7.0,2,3,0,35.8220075082946,128.718718848552,1596.0,63.0,263.0,105.0,1427.0,157.0,65.0,1,0,0,,0.36043436136616,-0.0499092382450596,0,1,0,0
200,36.0,27.0,6.0,2,4,0,35.8394956093357,128.759238550287,678.0,423.0,114.0,116.0,2258.0,11.0,67.0,1,1,0,,0.2847413296843581,0.42698037038687753,0,1,0,0
100,28.0,30.0,6.0,2,4,0,35.8172003935159,128.755291068147,2133.0,183.0,104.0,196.0,2503.0,109.0,180.0,0,0,0,,0.05127625435027078,0.18592097069766886,0,1,0,0
100,25.0,26.45,6.0,3,4,0,35.8229492876268,128.723261177278,1317.0,56.0,68.0,82.0,1347.0,161.0,29.0,1,1,0,,-0.11142500138892779,-0.13159748728413684,0,1,0,0
200,38.0,38.0,6.0,4,4,0,35.8386866609946,128.757749354472,516.0,298.0,124.0,73.0,2102.0,138.0,182.0,1,1,0,,0.2338320483381614,0.22500457912040034,0,1,0,0
150,34.0,29.75,27.0,1,3,0,35.8400571031729,128.752937790713,420.0,114.0,87.0,279.0,1757.0,98.0,140.0,1,1,0,,-0.21250987720052406,-0.3947045186249183,0,0,1,0
300,35.0,30.5,6.0,2,4,0,35.8103764792821,128.759219384801,2937.0,185.0,94.0,107.0,3300.0,25.0,113.0,1,0,0,,0.17415111502193076,0.4089832717839301,0,1,0,0
70,27.0,20.1,6.0,1,3,0,35.8403923468347,128.753078083755,458.0,141.0,112.0,300.0,1785.0,99.0,103.0,0,1,0,,-0.0003066513172753074,-0.45414068008572905,1,0,0,0
100,28.0,22.5,6.0,1,3,0,35.8419433633431,128.751638506761,640.0,318.0,159.0,516.0,1762.0,52.0,169.0,1,1,0,,0.5349226126476272,-0.2723568603832366,0,0,1,0
200,38.0,30.0,6.0,2,3,0,35.8386281989666,128.754313930231,293.0,84.0,65.0,80.0,1807.0,91.0,187.0,1,1,0,,-0.4884885612726187,-0.08895062166550895,1,0,0,0
200,35.0,30.0,6.0,3,4,0,35.8392217870554,128.759495008596,682.0,358.0,130.0,140.0,2270.0,39.0,105.0,1,1,0,,0.27873936675878147,0.3371148040196455,0,1,0,0
200,35.0,29.75,6.0,4,4,0,35.822573341308896,128.75737622299005,1577.0,245.0,183.0,319.0,2286.0,128.0,311.0,0,1,0,,0.5603994250753209,-0.16307696717609815,0,0,1,0
150,33.0,30.0,6.0,1,3,0,35.8406172765717,128.753626980724,488.0,157.0,92.0,296.0,1840.0,131.0,54.0,1,1,0,,-0.005193411733932857,-0.30370482844419994,1,0,0,0
150,34.0,30.0,7.0,1,3,0,35.8400571031729,128.752937790713,420.0,114.0,87.0,279.0,1757.0,98.0,140.0,0,1,0,,-0.21250987720052406,-0.3947045186249183,1,0,0,0
200,30.0,28.0,6.0,3,4,0,35.840076312331,128.756958850487,561.0,231.0,19.0,40.0,2088.0,96.0,106.0,1,1,0,,-0.29157139784808056,0.3967829018221179,1,0,0,0
200,40.0,30.0,6.0,2,3,0,35.8391053565248,128.751156772356,350.0,224.0,126.0,319.0,1566.0,97.0,327.0,0,1,0,,0.23858761859077462,-0.4588075706617574,0,0,1,0
200,35.0,25.0,6.0,3,4,0,35.8392217870554,128.759495008596,682.0,358.0,130.0,140.0,2270.0,39.0,105.0,0,1,0,,0.27873936675878147,0.3371148040196455,1,0,0,0
200,38.0,26.44,6.0,2,2,0,35.8391053565248,128.751156772356,350.0,224.0,126.0,319.0,1566.0,97.0,327.0,0,1,0,,0.23858761859077462,-0.4588075706617574,0,0,1,0
100,27.0,20.0,6.0,2,3,0,35.8398574463648,128.751044708729,430.0,245.0,208.0,387.0,1595.0,108.0,287.0,1,1,0,,0.5964746652480429,-0.39648296687723183,0,0,1,0
200,30.0,22.5,6.0,3,3,0,35.8411130244437,128.753241470739,539.0,180.0,155.0,361.0,1836.0,92.0,56.0,1,1,0,,0.37027542544188097,-0.4974465018668065,1,0,0,0
200,44.0,26.45,6.0,4,4,0,35.8373416662734,128.751157397616,194.0,305.0,12.0,203.0,1491.0,113.0,241.0,0,1,0,,-0.04732871445842072,0.14391631424443643,1,0,0,0
200,34.0,26.45,6.0,2,4,0,35.8407867376239,128.755141590639,542.0,93.0,62.0,218.0,1971.0,63.0,113.0,1,1,0,,-0.48365576056526466,-0.15892103200534735,1,0,0,0
200,45.0,27.0,6.0,2,3,0,35.8391006216776,128.753933785512,329.0,29.0,12.0,141.0,1794.0,43.0,219.0,0,1,0,,-0.527229044120611,-0.04130826836948199,1,0,0,0
100,28.0,23.14,6.0,1,3,0,35.8387264464297,128.754441812874,308.0,71.0,67.0,79.0,1822.0,96.0,201.0,0,1,0,,-0.4703129263749582,-0.09662585579829595,1,0,0,0
200,35.0,23.14,6.0,3,4,0,35.8381484256469,128.752919691609,208.0,134.0,61.0,134.0,1671.0,45.0,150.0,0,1,0,,-0.4938222243033937,-0.138029889949508,1,0,0,0
200,34.0,23.14,6.0,3,4,0,35.8399884143587,128.759418316543,721.0,273.0,60.0,104.0,2291.0,67.0,44.0,1,1,0,,-0.13627575330939878,0.4833374221731916,1,0,0,0
300,38.0,27.0,6.0,3,4,1,35.8400148615836,128.761051278855,848.0,299.0,111.0,180.0,2431.0,184.0,129.0,0,1,0,,0.34985480212126013,0.265985430530335,0,0,0,1
200,40.0,23.14,6.0,3,4,0,35.8382540618809,128.759581754762,645.0,466.0,38.0,190.0,2247.0,37.0,208.0,1,1,0,,0.24053814180246297,0.5449615054769636,1,0,0,0
200,39.0,20.0,6.0,4,4,0,35.8382540618816,128.759581754762,645.0,466.0,38.0,190.0,2247.0,37.0,208.0,1,1,0,,0.24053814180246297,0.5449615054769636,1,0,0,0
200,40.0,20.0,6.0,2,4,0,35.8382540618816,128.759581754762,645.0,466.0,38.0,190.0,2247.0,37.0,208.0,0,1,0,,0.24053814180246283,0.5449615054769633,1,0,0,0
200,37.0,27.0,6.0,2,4,0,35.8407644449356,128.756654522964,605.0,167.0,62.0,119.0,2093.0,75.0,140.0,1,1,0,,-0.42195138864282666,0.1449279584818726,1,0,0,0
100,33.0,27.0,6.0,3,4,0,35.8400589135429,128.756077977503,511.0,158.0,62.0,108.0,2014.0,51.0,184.0,1,1,0,,-0.47265481140276394,0.09783531795640689,1,0,0,0
300,45.0,30.0,6.0,1,3,0,35.8233248697366,128.754404561486,1447.0,158.0,138.0,266.0,2014.0,140.0,241.0,1,1,0,,0.2463405545779003,-0.2907233809797749,0,0,1,0
100,25.0,30.0,6.0,2,3,0,35.8225556862374,128.756136825413,1554.0,197.0,75.0,234.0,2192.0,61.0,254.0,1,1,0,,-0.2160372133822084,0.08573054509946393,0,0,1,0
100,25.0,30.0,6.0,3,3,0,35.822554705017,128.75613613992,1554.0,196.0,75.0,234.0,2192.0,61.0,254.0,1,1,0,,-0.21816998243664656,0.08364780087250423,1,0,0,0
100,30.0,34.0,6.0,2,3,0,35.8222246705001,128.756934253447,1605.0,190.0,140.0,264.0,2272.0,72.0,256.0,1,1,0,,0.20188863752658093,-0.14065534615902026,0,0,1,0
100,30.0,26.45,6.0,3,3,0,35.8223008036294,128.756836461685,1595.0,193.0,131.0,262.0,2260.0,73.0,258.0,1,1,0,,0.15254230277037858,-0.11619952757668708,0,0,1,0
100,32.0,20.0,6.0,3,4,0,35.8379795561608,128.758420107382,536.0,381.0,73.0,155.0,2138.0,137.0,235.0,1,1,0,,0.23991305543467534,0.4355353154380559,1,0,0,0
300,45.0,30.0,6.0,2,4,1,35.8425554903905,128.759378184807,913.0,26.0,151.0,247.0,2400.0,106.0,67.0,1,1,0,,0.13753557445280462,-0.15737094167757135,0,0,0,1
200,33.0,20.0,6.0,2,4,0,35.840091324207,128.759578183537,740.0,261.0,42.0,116.0,2309.0,83.0,58.0,0,1,0,,-0.17648981703447855,0.4912492763269743,1,0,0,0
200,35.0,20.0,6.0,1,3,0,35.8389809379283,128.754144629484,322.0,52.0,30.0,118.0,1807.0,63.0,222.0,1,1,0,,-0.5800521960018981,-0.05902684689356255,1,0,0,0
100,30.0,29.75,6.0,3,4,0,35.8217299223371,128.757866701383,1679.0,218.0,232.0,318.0,2373.0,136.0,282.0,0,1,0,,0.5764383327004888,-0.13567293082678558,0,0,1,0
300,37.0,27.0,6.0,4,4,0,35.8409652299403,128.755439023677,571.0,78.0,55.0,207.0,2003.0,38.0,134.0,1,1,0,,-0.5094529642015679,-0.10507268523190268,1,0,0,0
200,35.0,26.44,6.0,1,3,0,35.83965570725316,128.75239663753862,378.0,123.0,108.0,288.0,1693.0,32.0,205.0,0,1,0,,-0.13725215067197602,-0.435609606540264,1,0,0,0
100,30.0,40.0,6.0,3,4,0,35.8158422896725,128.763238804796,2457.0,320.0,144.0,616.0,3144.0,273.0,121.0,0,1,0,,0.39422054910615756,0.18314754487784882,0,1,0,0
150,33.0,22.5,6.0,1,3,0,35.8406172765717,128.753626980724,488.0,157.0,92.0,296.0,1840.0,131.0,54.0,1,1,0,,-0.005193411733932857,-0.30370482844419994,1,0,0,0
200,35.0,30.0,6.0,2,3,0,35.8405402920606,128.753542504211,478.0,149.0,93.0,292.0,1829.0,127.0,65.0,0,1,0,,-0.03015194480916764,-0.32529330748294555,1,0,0,0
200,32.0,30.0,6.0,3,3,0,35.8409805199581,128.753836842393,530.0,138.0,111.0,326.0,1876.0,125.0,10.0,1,1,0,,0.09191713776005193,-0.39285765857589716,1,0,0,0
70,21.0,20.1,6.0,1,3,0,35.8411134757347,128.752141960586,542.0,252.0,224.0,415.0,1750.0,18.0,155.0,0,1,0,,0.5245558676382337,-0.27821759658407835,0,0,1,0
200,37.0,27.0,6.0,2,4,0,35.8397517838038,128.762295361595,934.0,255.0,47.0,201.0,2529.0,214.0,79.0,1,1,0,,0.24004836412877534,0.3008491691060983,0,1,0,0
200,40.0,27.0,6.0,3,4,0,35.8382540618816,128.759581754762,645.0,466.0,38.0,190.0,2247.0,37.0,208.0,1,1,0,,0.24053814180246283,0.5449615054769633,0,1,0,0
200,38.0,27.0,6.0,3,4,0,35.8407644449356,128.756654522964,605.0,167.0,62.0,119.0,2093.0,75.0,140.0,0,1,0,,-0.42195138864282666,0.1449279584818726,1,0,0,0
100,30.0,33.0,20.0,3,3,0,35.8447005467169,128.756365152493,989.0,359.0,240.0,529.0,2287.0,116.0,384.0,1,1,0,,0.5715086184601398,-0.06182805402889745,0,0,1,0
200,30.0,30.0,6.0,1,3,0,35.8385426361364,128.750969103647,304.0,252.0,87.0,285.0,1524.0,70.0,307.0,1,1,0,,0.0096139086355,-0.27462230260315706,0,0,1,0
100,25.0,33.5,6.0,1,3,0,35.8163770562557,128.76256048011,2379.0,275.0,75.0,634.0,3059.0,204.0,47.0,0,1,0,,0.401994407387117,0.20756323449903918,0,1,0,0
200,37.0,33.05,6.0,2,4,0,35.8097727727191,128.759394575471,3005.0,119.0,28.0,110.0,3362.0,75.0,135.0,1,0,0,,0.11897892726652723,0.3998213569951702,0,1,0,0
200,38.0,33.05,6.0,2,4,0,35.8105790289368,128.759584171563,2921.0,195.0,119.0,79.0,3305.0,64.0,77.0,1,0,0,,0.223651525426112,0.39225160397208286,0,1,0,0
200,33.0,39.67,6.0,4,4,0,35.8308998462069,128.747458622594,677.0,696.0,129.0,844.0,1102.0,155.0,184.0,1,1,0,,0.31958716315317753,0.13662958780166723,0,1,0,0
200,34.0,23.14,6.0,3,3,0,35.8379810484763,128.753082894221,191.0,145.0,37.0,110.0,1678.0,68.0,127.0,0,1,0,,-0.5254299412960242,-0.022068903936679617,1,0,0,0
100,25.0,29.5,6.0,2,3,0,35.8162160278671,128.762670875616,2400.0,279.0,85.0,623.0,3078.0,215.0,65.0,1,1,0,,0.4085012389219437,0.20694565190029546,0,1,0,0
200,33.0,27.0,6.0,2,2,1,35.8397707966362,128.751369721666,411.0,214.0,188.0,362.0,1616.0,77.0,267.0,0,1,0,,0.5068767419217207,-0.48801772105070973,0,0,0,1
200,35.0,30.0,6.0,2,4,0,35.8381181814194,128.752892687269,205.0,138.0,60.0,132.0,1667.0,48.0,149.0,1,1,0,,-0.49334216022465066,-0.13061066367326818,1,0,0,0
200,45.0,30.0,6.0,2,4,0,35.8369375397417,128.752292685289,89.0,280.0,51.0,93.0,1575.0,108.0,136.0,0,1,0,,-0.12700825180989986,0.14678383211403964,1,0,0,0
150,33.0,30.0,7.0,2,3,0,35.8378024582009,128.754433967554,221.0,172.0,14.0,72.0,1788.0,63.0,103.0,1,1,0,,-0.48524967754768356,0.16011117268457584,1,0,0,0
100,32.0,30.0,6.0,2,3,0,35.8395320698366,128.751068100556,396.0,235.0,173.0,358.0,1580.0,97.0,304.0,1,1,0,,0.49677263353799933,-0.47997372905760055,0,0,1,0
200,39.0,30.0,6.0,4,4,0,35.8407644449356,128.756654522964,605.0,167.0,62.0,119.0,2093.0,75.0,140.0,1,1,0,,-0.42195138864282666,0.1449279584818726,1,0,0,0
200,44.0,26.45,6.0,1,4,0,35.8393211364746,128.7531585693364,340.0,45.0,42.0,210.0,1740.0,39.0,204.0,0,1,0,,-0.5203217034521372,-0.1936106797952403,1,0,0,0
200,35.0,40.0,6.0,2,4,0,35.8205506016499,128.732771329117,1553.0,90.0,97.0,202.0,1405.0,196.0,151.0,0,1,0,,0.11437091899241814,-0.1898670163895738,0,1,0,0
200,37.0,39.67,6.0,2,4,0,35.8100857333022,128.759499275934,2973.0,155.0,64.0,86.0,3341.0,57.0,105.0,1,0,0,,0.13671878764989948,0.43346049599500286,0,1,0,0
100,27.0,39.67,6.0,3,4,0,35.826258389293,128.727637283352,869.0,187.0,87.0,179.0,1032.0,137.0,152.0,1,1,0,,0.06177033422396151,-0.24196496284411334,0,1,0,0
200,33.0,27.0,6.0,3,4,1,35.8400713261704,128.759110051194,704.0,268.0,78.0,75.0,2268.0,71.0,16.0,0,1,0,,-0.0999721963221338,0.43862484080983116,0,0,0,1
100,35.0,23.14,7.0,3,3,0,35.8378143531169,128.751506539883,210.0,247.0,37.0,197.0,1538.0,62.0,226.0,1,1,0,,-0.25898646396464536,0.0006526376062916809,1,0,0,0
200,45.0,26.45,6.0,2,4,0,35.8392730233987,128.750868403338,378.0,250.0,155.0,351.0,1551.0,116.0,335.0,0,1,0,,0.45728034379020266,-0.43869551365605425,0,0,1,0
300,40.0,35.5,6.0,2,4,0,35.8185087606964,128.749765640974,1903.0,173.0,146.0,284.0,2060.0,26.0,63.0,1,0,0,,0.15806417955514904,-0.2801903129015005,0,1,0,0
100,32.0,26.45,6.0,1,3,0,35.83898822610862,128.7529352950363,302.0,68.0,31.0,209.0,1706.0,48.0,234.0,0,1,0,,-0.5379769165651176,-0.16549990462971217,1,0,0,0
300,34.9,25.0,6.0,4,4,1,35.8451082000229,128.708088842982,553.0,121.0,39.0,516.0,708.0,233.0,450.0,0,0,0,,0.27766646619239427,0.030525308936989817,0,0,0,1
100,33.0,26.45,6.0,3,4,0,35.8381491845981,128.751502171386,241.0,226.0,24.0,220.0,1551.0,49.0,243.0,0,1,0,,-0.3055844483900857,-0.009945584041514641,1,0,0,0
200,40.0,28.0,6.0,3,4,0,35.8382540618816,128.759581754762,645.0,466.0,38.0,190.0,2247.0,37.0,208.0,0,1,0,,0.24053814180246283,0.5449615054769633,1,0,0,0
200,38.0,30.0,6.0,3,4,0,35.8403106927139,128.756558414277,559.0,194.0,32.0,83.0,2065.0,90.0,139.0,1,1,0,,-0.40295550059178115,0.28755928387917934,1,0,0,0
100,27.0,29.8,6.0,2,4,0,35.838700492565,128.760134442261,709.0,418.0,108.0,209.0,2309.0,37.0,184.0,1,1,0,,0.3268466401159541,0.4280806123731484,0,1,0,0
200,35.0,34.0,6.0,3,4,0,35.8225724727927,128.75737399092,1577.0,245.0,183.0,319.0,2286.0,128.0,311.0,1,1,0,,0.5603994250753209,-0.16307696717609815,0,0,1,0
200,39.0,30.0,6.0,3,4,0,35.8386709827854,128.757465920057,493.0,273.0,99.0,84.0,2078.0,116.0,190.0,1,1,0,,0.04478178317604745,0.25693307787116154,1,0,0,0
150,35.0,26.45,7.0,2,3,0,35.839872435213685,128.75211809134353,405.0,156.0,139.0,322.0,1681.0,46.0,206.0,0,1,0,,0.14136136913484473,-0.5150434292993269,0,0,1,0
150,34.0,23.14,7.0,3,3,0,35.8400571031729,128.752937790713,420.0,114.0,87.0,279.0,1757.0,98.0,140.0,0,1,0,,-0.21250987720052406,-0.3947045186249183,1,0,0,0
200,30.0,26.45,6.0,4,4,0,35.8379224373462,128.754239954949,221.0,153.0,1.0,80.0,1775.0,67.0,110.0,0,1,0,,-0.48336554066462956,0.1432262284052165,1,0,0,0
300,45.0,35.5,6.0,2,4,0,35.839341310672,128.761515804316,852.0,335.0,119.0,243.0,2448.0,180.0,157.0,1,0,0,,0.4266101324269345,0.2493768708688293,0,1,0,0
200,36.0,33.05,6.0,3,4,0,35.8324896973947,128.745983763936,478.0,547.0,10.0,818.0,946.0,232.0,168.0,1,1,0,,0.30521693013979145,0.13371041518012597,0,1,0,0
200,35.0,39.67,6.0,2,4,0,35.8324376444102,128.745646661195,453.0,516.0,22.0,846.0,916.0,212.0,172.0,1,1,0,,0.30949261872241507,0.1313246210486199,0,1,0,0
200,42.0,26.44,6.0,1,3,0,35.8405578751805,128.753294767857,478.0,154.0,113.0,305.0,1811.0,106.0,76.0,0,1,0,,0.04897656984727442,-0.42989079090212856,1,0,0,0
100,26.0,19.83,7.0,1,3,0,35.8396364764127,128.755997171813,469.0,134.0,59.0,113.0,1989.0,31.0,203.0,0,1,0,,-0.4990136475085726,0.051675860153699446,1,0,0,0
100,28.0,33.06,6.0,2,4,0,35.8119435188157,128.759860878584,2778.0,168.0,25.0,88.0,3209.0,30.0,152.0,1,1,0,,0.07434745744067435,0.44398432314701236,0,1,0,0
100,35.0,26.44,6.0,1,3,0,35.8389043000342,128.753036258949,293.0,64.0,22.0,197.0,1711.0,42.0,223.0,0,1,0,,-0.5362431501292857,-0.12167279392279087,1,0,0,0
200,43.0,30.0,6.0,1,3,0,35.8395789669603,128.752004950788,375.0,153.0,132.0,312.0,1658.0,18.0,235.0,1,1,0,,0.07401424383821961,-0.444665777233718,0,0,1,0
100,32.0,26.44,6.0,2,4,0,35.84095602720419,128.75690078594087,635.0,175.0,79.0,132.0,2122.0,63.0,130.0,1,1,0,,-0.3423559453030373,0.11032025681266716,1,0,0,0
200,44.0,30.0,6.0,2,4,0,35.8385243350289,128.757628464728,497.0,292.0,109.0,93.0,2087.0,137.0,202.0,0,1,0,,0.17464338578880848,0.24043258983629998,1,0,0,0
100,35.0,23.14,7.0,3,3,0,35.8393289124989,128.752541949718,341.0,100.0,80.0,258.0,1689.0,39.0,227.0,0,1,0,,-0.35092910211257683,-0.3607497962298672,1,0,0,0
100,32.0,26.45,6.0,3,3,0,35.8405054370424,128.752954629771,470.0,157.0,128.0,317.0,1781.0,83.0,103.0,0,1,0,,0.11547581034948756,-0.496470043961057,1,0,0,0
300,45.0,26.45,6.0,2,3,0,35.8394648949215,128.753344636342,357.0,39.0,21.0,207.0,1761.0,46.0,184.0,1,1,0,,-0.5249363008020033,-0.12379292804903715,1,0,0,0
200,35.0,23.14,6.0,3,4,0,35.839893399373,128.756267557576,506.0,166.0,70.0,88.0,2022.0,56.0,171.0,0,1,0,,-0.4294433668788287,0.11625869370717583,1,0,0,0
100,30.0,23.14,6.0,2,3,0,35.8396437468102,128.755117290019,426.0,60.0,81.0,159.0,1916.0,52.0,195.0,0,1,0,,-0.4671773555211748,-0.19642746306322637,1,0,0,0
